-- phpMyAdmin SQL Dump
-- version 5.2.1
-- https://www.phpmyadmin.net/
--
-- Host: 127.0.0.1
-- Generation Time: Dec 22, 2025 at 10:40 AM
-- Server version: 10.4.32-MariaDB
-- PHP Version: 8.0.30

SET SQL_MODE = "NO_AUTO_VALUE_ON_ZERO";
START TRANSACTION;
SET time_zone = "+00:00";


/*!40101 SET @OLD_CHARACTER_SET_CLIENT=@@CHARACTER_SET_CLIENT */;
/*!40101 SET @OLD_CHARACTER_SET_RESULTS=@@CHARACTER_SET_RESULTS */;
/*!40101 SET @OLD_COLLATION_CONNECTION=@@COLLATION_CONNECTION */;
/*!40101 SET NAMES utf8mb4 */;

--
-- Database: `clockistry`
--

-- --------------------------------------------------------

--
-- Table structure for table `clients`
--

CREATE TABLE `clients` (
  `id` varchar(255) NOT NULL,
  `name` varchar(255) NOT NULL,
  `email` varchar(255) DEFAULT NULL,
  `country` varchar(100) DEFAULT NULL,
  `timezone` varchar(100) DEFAULT NULL,
  `client_type` enum('full-time','part-time','custom','gig') DEFAULT 'full-time',
  `hourly_rate` decimal(10,2) DEFAULT 25.00,
  `hours_per_week` int(11) DEFAULT NULL,
  `start_date` date DEFAULT NULL,
  `end_date` date DEFAULT NULL,
  `phone` varchar(50) DEFAULT NULL,
  `company` varchar(255) DEFAULT NULL,
  `address` text DEFAULT NULL,
  `currency` varchar(10) DEFAULT NULL,
  `is_archived` tinyint(1) DEFAULT 0,
  `created_by` varchar(255) DEFAULT NULL,
  `created_at` timestamp NOT NULL DEFAULT current_timestamp(),
  `updated_at` timestamp NOT NULL DEFAULT current_timestamp() ON UPDATE current_timestamp(),
  `company_id` varchar(255) DEFAULT NULL
) ENGINE=InnoDB DEFAULT CHARSET=utf8mb4 COLLATE=utf8mb4_general_ci;

--
-- Dumping data for table `clients`
--

INSERT INTO `clients` (`id`, `name`, `email`, `country`, `timezone`, `client_type`, `hourly_rate`, `hours_per_week`, `start_date`, `end_date`, `phone`, `company`, `address`, `currency`, `is_archived`, `created_by`, `created_at`, `updated_at`, `company_id`) VALUES
('', 'nica gomez', 'creators.digimumsquarter@gmail.com', 'Philippines', 'GMT-12 (International Date Line West)', 'full-time', 25.00, 40, NULL, NULL, '09090900909', 'Win At Work', 'Sam\'s Club, Manawa Centre Drive, Council Bluffs, IA, USA\nSam\'s Club, Manawa Centre Drive', 'USD', 0, 'RnnCeKlaWhe7QjFeYNQzNYxb9xp2', '2025-12-22 09:40:11', '2025-12-22 09:40:11', '-OcIvOSsBcP5krq0HXvK'),
('-Oab9e6-B6FqEVVh5K49', 'Harri Ducker', 'harri@healthfulharri.com', 'United Kingdom', 'GMT+0 (Greenwich Mean Time)', 'custom', 5.00, 10, NULL, NULL, NULL, 'Healthful Harri', 'United Kingdom', 'GBP', 0, 'f0LDwi3dMXcTjDYCC2arQScMbfF2', '2025-10-02 15:03:29', '2025-11-07 04:27:28', '-OaF0Sp0pgZKkfQXuyK8'),
('-OaFa3BaHwjC61qMeF51', 'Jasmine Ledbetter', 'jasmine@gmail.com', 'United States', 'America/New_York', 'part-time', 10.00, 40, NULL, NULL, '00009998888', 'The Rich Moms Academy', '123 Street', NULL, 0, 'QbclXdG1I1craJqYsGcVQSY7i9L2', '2025-09-28 05:52:01', '2025-09-28 15:18:24', '-OaF0Sp0pgZKkfQXuyK8'),
('-OaFaDjHg8LBQ9IcU8au', 'Roel Carandang', 'roelcarandang@yahoo.com', 'United States', 'GMT-8 (Pacific Time)', 'part-time', 9.00, 40, NULL, NULL, '00009998888', 'Simple Roofing Group', '123 Street', NULL, 0, 'QbclXdG1I1craJqYsGcVQSY7i9L2', '2025-09-28 05:52:44', '2025-10-23 01:10:35', '-OaF0Sp0pgZKkfQXuyK8'),
('-OaF_B5nlnRS_ZWFuesL', 'Dr. Billy William', 'billy@gmail.com', 'United States', 'GMT-6 (Central Time)', 'part-time', 10.00, 40, NULL, NULL, '00009998888', 'Williams Family Insurance Inc', '123 Streets', NULL, 0, 'QbclXdG1I1craJqYsGcVQSY7i9L2', '2025-09-28 05:48:11', '2025-10-16 22:04:40', '-OaF0Sp0pgZKkfQXuyK8'),
('-OaF_i7zD_3pxQlBlXcK', 'Damien Tugwell', 'damien@gmail.com', 'United States', 'America/New_York', 'full-time', 25.00, 40, NULL, NULL, '00009998888', 'Elevate Digital Solutions', '123 Street', NULL, 0, 'QbclXdG1I1craJqYsGcVQSY7i9L2', '2025-09-28 05:50:31', '2025-09-28 15:18:03', '-OaF0Sp0pgZKkfQXuyK8'),
('-OaF_PI3x-J9swtbjdzY', 'Rebecca Davis', 'rebecca@gmail.com', 'United States', 'America/New_York', 'full-time', 25.00, 40, NULL, NULL, '00009998888', 'KannonBall Insurance', '123 Street', NULL, 0, 'QbclXdG1I1craJqYsGcVQSY7i9L2', '2025-09-28 05:49:10', '2025-09-28 15:19:02', '-OaF0Sp0pgZKkfQXuyK8'),
('-OaF_rhnBqSPRApXlxhz', 'Meaghan Bird', 'meaghan@gmail.com', 'United States', 'America/New_York', 'custom', 8.00, 10, NULL, NULL, '00009998888', 'Symmetry Brows', '123 Street', NULL, 0, 'QbclXdG1I1craJqYsGcVQSY7i9L2', '2025-09-28 05:51:10', '2025-09-28 15:18:49', '-OaF0Sp0pgZKkfQXuyK8'),
('-OaF__7hf_r5hVgOlOfP', 'Cynthia Scott', 'cynthia@gmail.com', 'United States', 'GMT-6 (Central Time)', 'part-time', 8.00, 40, NULL, NULL, '00009998888', 'Cynthia Scott Insurance', '123 Street', NULL, 0, 'QbclXdG1I1craJqYsGcVQSY7i9L2', '2025-09-28 05:49:54', '2025-10-16 22:11:12', '-OaF0Sp0pgZKkfQXuyK8'),
('-OaHdsmqBOMH8PjjyVdp', 'Nexistry Digital Solutions', 'admin@nexistrydigitalsolutions.com', 'Philippines', 'GMT+8 (China Standard Time)', 'full-time', 25.00, 40, NULL, NULL, '+18338636118', 'Nexistry Digital Solutions', 'Tokyo, Japan', 'EUR', 0, 'f0LDwi3dMXcTjDYCC2arQScMbfF2', '2025-09-28 15:27:56', '2025-11-07 04:41:41', '-OaF0Sp0pgZKkfQXuyK8'),
('-OaIXstXRfHXgtWo4ZQ0', 'Gabriela Merlos ', 'gabbybaublog@gmail.com', 'United States', 'GMT-6 (Central Time)', 'part-time', 9.00, 40, NULL, NULL, NULL, 'Premier wellness and Aesthetics of clear lake', NULL, NULL, 0, 'f0LDwi3dMXcTjDYCC2arQScMbfF2', '2025-09-28 19:36:59', '2025-10-10 00:45:01', '-OaF0Sp0pgZKkfQXuyK8'),
('-OdqBpOfDnkjs0n8HOsb', 'Queen Kyna Jones', 'info@alluretaxproz.com', 'United States', 'GMT-5 (Eastern Time)', 'custom', 10.00, 10, NULL, NULL, NULL, 'Allure Tax  Proz', NULL, 'USD', 0, 'f0LDwi3dMXcTjDYCC2arQScMbfF2', '2025-11-11 19:54:25', '2025-11-11 19:54:25', '-OaF0Sp0pgZKkfQXuyK8'),
('-OfgV3sRosz1LyOTpPqR', 'Client 1', 'creators.digimumsquarter@gmail.com', 'United Kingdom', 'GMT+0 (Greenwich Mean Time)', 'full-time', 25.00, 40, NULL, NULL, '09090900909', 'Win At Work', 'Sam\'s Club, Manawa Centre Drive, Council Bluffs, IA, USA', 'USD', 0, 'x5T0rJIwLbhwAQKyXDeS72A2BSu1', '2025-12-04 19:13:42', '2025-12-04 23:13:47', '-OfgQZU_bWr0SSrzNBHB'),
('-OfhB_BzQrabaNqLk7t3', 'JIL Luna', 'jilluna@gmail.com', 'Philippines', 'GMT-5 (Eastern Time)', 'full-time', 25.00, 40, NULL, NULL, NULL, NULL, NULL, 'USD', 0, 'APC5roJFj0XFJ9Z07G0xZvBvTv32', '2025-12-04 22:28:09', '2025-12-04 22:28:09', '-OfhARyICDGNeRFqHKGv'),
('-OfWe1PGtnO2BgY8GZZX', 'John Doe', 'johndoe@example.com', 'United Kingdom', 'GMT+0 (Greenwich Mean Time)', 'part-time', 25.00, NULL, NULL, NULL, '0440824569', 'John\'s Company', '123 street, United Kingdom', 'USD', 0, 'RnnCeKlaWhe7QjFeYNQzNYxb9xp2', '2025-12-02 16:41:23', '2025-12-02 16:41:23', '-OcIvOSsBcP5krq0HXvK'),
('-Og-kvT161P6wCwy_38v', 'King Caller AI', 'tomcaunan@kingcaller.ai', 'United States', 'GMT-6 (Central Time)', 'custom', 6.00, 40, NULL, NULL, NULL, NULL, NULL, 'USD', 0, 'gSb0eR1DWTTW4uzY2V6A1as0Riw2', '2025-12-08 17:39:45', '2025-12-08 18:04:59', '-OaF0Sp0pgZKkfQXuyK8'),
('-Og9l6DRPhYttqaW0SbY', 'Sarah Martinez', 'sarah.martinez@example.com', 'United States', 'GMT-5 (Eastern Time)', 'part-time', 25.00, NULL, NULL, NULL, NULL, 'TechVision Studios', NULL, NULL, 0, 'RnnCeKlaWhe7QjFeYNQzNYxb9xp2', '2025-12-10 16:16:46', '2025-12-10 16:16:46', '-OcIvOSsBcP5krq0HXvK'),
('-Og9lWQ-YxM0FVXRlylV', 'Michael Chen', 'michael.chen@example.com', 'Canada', 'GMT-6 (Central Time)', 'full-time', 25.00, NULL, NULL, NULL, NULL, 'Digital Innovations Inc', NULL, NULL, 0, 'RnnCeKlaWhe7QjFeYNQzNYxb9xp2', '2025-12-10 16:18:33', '2025-12-10 18:06:08', '-OcIvOSsBcP5krq0HXvK');

-- --------------------------------------------------------

--
-- Table structure for table `comment_mentions`
--

CREATE TABLE `comment_mentions` (
  `id` int(11) NOT NULL,
  `comment_id` varchar(255) NOT NULL,
  `user_id` varchar(255) NOT NULL
) ENGINE=InnoDB DEFAULT CHARSET=utf8mb4 COLLATE=utf8mb4_general_ci;

-- --------------------------------------------------------

--
-- Table structure for table `companies`
--

CREATE TABLE `companies` (
  `id` varchar(255) NOT NULL,
  `name` varchar(255) NOT NULL,
  `is_active` tinyint(1) DEFAULT 1,
  `pricing_level` enum('solo','office','enterprise') DEFAULT 'solo',
  `max_members` int(11) DEFAULT 1,
  `created_at` timestamp NOT NULL DEFAULT current_timestamp(),
  `updated_at` timestamp NOT NULL DEFAULT current_timestamp() ON UPDATE current_timestamp()
) ENGINE=InnoDB DEFAULT CHARSET=utf8mb4 COLLATE=utf8mb4_general_ci;

--
-- Dumping data for table `companies`
--

INSERT INTO `companies` (`id`, `name`, `is_active`, `pricing_level`, `max_members`, `created_at`, `updated_at`) VALUES
('-OaF0Sp0pgZKkfQXuyK8', 'Nexistry Digital Solutions', 1, 'enterprise', 1, '2025-09-28 03:12:06', '2025-10-19 21:10:47'),
('-OcIvOSsBcP5krq0HXvK', 'Tropang Emman', 1, 'enterprise', 1, '2025-10-23 17:55:29', '2025-10-29 18:53:54'),
('-OfgQZU_bWr0SSrzNBHB', 'Tolentino Solutions', 1, 'solo', 1, '2025-12-04 18:54:01', '2025-12-04 18:54:01'),
('-OfhARyICDGNeRFqHKGv', 'hemishne@gmail.com', 1, 'solo', 1, '2025-12-04 22:23:12', '2025-12-04 22:23:12'),
('-OfjWxwDm_g2QFtQA_LI', 'irvindale@40gmail.com', 1, 'solo', 1, '2025-12-05 09:22:03', '2025-12-05 09:22:03');

-- --------------------------------------------------------

--
-- Table structure for table `company_pdf_settings`
--

CREATE TABLE `company_pdf_settings` (
  `id` int(11) NOT NULL,
  `company_id` varchar(255) NOT NULL,
  `company_name` varchar(255) DEFAULT NULL,
  `logo_url` text DEFAULT NULL,
  `primary_color` varchar(7) DEFAULT '#3B82F6',
  `secondary_color` varchar(7) DEFAULT '#1E40AF',
  `show_powered_by` tinyint(1) DEFAULT 1,
  `custom_footer_text` text DEFAULT NULL
) ENGINE=InnoDB DEFAULT CHARSET=utf8mb4 COLLATE=utf8mb4_general_ci;

-- --------------------------------------------------------

--
-- Table structure for table `projects`
--

CREATE TABLE `projects` (
  `id` varchar(255) NOT NULL,
  `name` varchar(255) NOT NULL,
  `description` text DEFAULT NULL,
  `color` varchar(7) DEFAULT '#3B82F6',
  `status` enum('active','on-hold','completed','cancelled') DEFAULT 'active',
  `priority` enum('low','medium','high','urgent') DEFAULT 'medium',
  `start_date` date DEFAULT NULL,
  `end_date` date DEFAULT NULL,
  `budget` decimal(12,2) DEFAULT NULL,
  `client_id` varchar(255) DEFAULT NULL,
  `client_name` varchar(255) DEFAULT NULL,
  `is_archived` tinyint(1) DEFAULT 0,
  `created_by` varchar(255) NOT NULL,
  `created_at` timestamp NOT NULL DEFAULT current_timestamp(),
  `updated_at` timestamp NOT NULL DEFAULT current_timestamp() ON UPDATE current_timestamp(),
  `company_id` varchar(255) DEFAULT NULL
) ENGINE=InnoDB DEFAULT CHARSET=utf8mb4 COLLATE=utf8mb4_general_ci;

--
-- Dumping data for table `projects`
--

INSERT INTO `projects` (`id`, `name`, `description`, `color`, `status`, `priority`, `start_date`, `end_date`, `budget`, `client_id`, `client_name`, `is_archived`, `created_by`, `created_at`, `updated_at`, `company_id`) VALUES
('-OaFfnG5N7C2eLz_KYO2', 'Default Project', 'This is project will be used for now while there are no projects made. This is to ensure our users to stop their time.', '#3B82F6', 'active', 'medium', NULL, NULL, NULL, '-OaFaDjHg8LBQ9IcU8au', NULL, 0, 'QbclXdG1I1craJqYsGcVQSY7i9L2', '2025-09-28 06:17:05', '2025-09-28 06:17:05', '-OaF0Sp0pgZKkfQXuyK8'),
('-OaHm1z2zmHsOTAxS78u', 'Policies', 'Checking of Renewal, Tdocs and Pcs', '#3B82F6', 'active', 'high', NULL, NULL, NULL, '-OaF__7hf_r5hVgOlOfP', NULL, 0, 'IqfD9WycDNYq0K0nL7zoJwQvA323', '2025-09-28 16:03:36', '2025-09-28 16:03:36', '-OaF0Sp0pgZKkfQXuyK8'),
('-OaH_9rCpTd8isZo2fQd', 'Meeting Gab', NULL, '#3B82F6', 'active', 'medium', NULL, NULL, NULL, '-OaF_rhnBqSPRApXlxhz', NULL, 0, 'gSb0eR1DWTTW4uzY2V6A1as0Riw2', '2025-09-28 15:07:20', '2025-09-28 15:07:20', '-OaF0Sp0pgZKkfQXuyK8'),
('-OaI5mt-8JB0flwRULCf', 'meeting with Roel', NULL, '#3B82F6', 'active', 'medium', NULL, NULL, NULL, '-OaFaDjHg8LBQ9IcU8au', NULL, 0, 'gSb0eR1DWTTW4uzY2V6A1as0Riw2', '2025-09-28 17:34:15', '2025-09-28 17:34:15', '-OaF0Sp0pgZKkfQXuyK8'),
('-OaIdLqEYylkMSkkkLV8', 'Set up Gabby', NULL, '#3B82F6', 'active', 'medium', NULL, NULL, NULL, '-OaIXstXRfHXgtWo4ZQ0', NULL, 0, 'gSb0eR1DWTTW4uzY2V6A1as0Riw2', '2025-09-28 20:05:16', '2025-09-28 20:05:16', '-OaF0Sp0pgZKkfQXuyK8'),
('-OaIhXBNjt7lAZeTWFVs', 'Website Migration', NULL, '#3B82F6', 'active', 'medium', NULL, NULL, NULL, '-OaIXstXRfHXgtWo4ZQ0', NULL, 0, 'f0LDwi3dMXcTjDYCC2arQScMbfF2', '2025-09-28 20:23:29', '2025-09-28 20:23:29', '-OaF0Sp0pgZKkfQXuyK8'),
('-OaIiHPVdQ8Gb8pjw7ni', 'GHL Set-Up', 'GHL set-up for Premier wellness and Aesthetics of clear lake', '#3B82F6', 'active', 'medium', NULL, NULL, NULL, '-OaIXstXRfHXgtWo4ZQ0', NULL, 0, 'f0LDwi3dMXcTjDYCC2arQScMbfF2', '2025-09-28 20:26:47', '2025-09-28 20:26:47', '-OaF0Sp0pgZKkfQXuyK8'),
('-OaIjBREBZXCHIRDF2xE', 'Social Media Posting', 'For Social Media', '#06B6D4', 'active', 'medium', NULL, NULL, NULL, '-OaHdsmqBOMH8PjjyVdp', NULL, 0, 'f0LDwi3dMXcTjDYCC2arQScMbfF2', '2025-09-28 20:30:45', '2025-09-28 20:30:45', '-OaF0Sp0pgZKkfQXuyK8'),
('-OaIvcxkKmxNcutRyzCt', 'Reels', NULL, '#3B82F6', 'active', 'medium', NULL, NULL, NULL, '-OaF_PI3x-J9swtbjdzY', NULL, 0, 'IqfD9WycDNYq0K0nL7zoJwQvA323', '2025-09-28 21:25:08', '2025-09-28 21:25:08', '-OaF0Sp0pgZKkfQXuyK8'),
('-OaIvkJXHJFIemvsBT2o', 'Landing Page', NULL, '#3B82F6', 'active', 'medium', NULL, NULL, NULL, '-OaF_PI3x-J9swtbjdzY', NULL, 0, 'IqfD9WycDNYq0K0nL7zoJwQvA323', '2025-09-28 21:25:38', '2025-09-28 21:25:38', '-OaF0Sp0pgZKkfQXuyK8'),
('-OaIvZdcisZxyig1R8On', 'Newsletter', NULL, '#3B82F6', 'active', 'medium', NULL, NULL, NULL, '-OaF_PI3x-J9swtbjdzY', NULL, 0, 'IqfD9WycDNYq0K0nL7zoJwQvA323', '2025-09-28 21:24:50', '2025-09-28 21:24:50', '-OaF0Sp0pgZKkfQXuyK8'),
('-OaJ3TDtwqN4mLsNKx3P', 'Long Video', NULL, '#3B82F6', 'active', 'medium', NULL, NULL, NULL, '-OaF_PI3x-J9swtbjdzY', NULL, 0, 'IqfD9WycDNYq0K0nL7zoJwQvA323', '2025-09-28 22:03:43', '2025-09-28 22:03:43', '-OaF0Sp0pgZKkfQXuyK8'),
('-OaJ3VQkP7LaViJAr_1N', 'Automation', NULL, '#3B82F6', 'active', 'medium', NULL, NULL, NULL, '-OaF_PI3x-J9swtbjdzY', NULL, 0, 'IqfD9WycDNYq0K0nL7zoJwQvA323', '2025-09-28 22:03:52', '2025-09-28 22:03:52', '-OaF0Sp0pgZKkfQXuyK8'),
('-OaJ3YLFO5T-1d-tuLQp', 'Form', NULL, '#3B82F6', 'active', 'medium', NULL, NULL, NULL, '-OaF_PI3x-J9swtbjdzY', NULL, 0, 'IqfD9WycDNYq0K0nL7zoJwQvA323', '2025-09-28 22:04:04', '2025-09-28 22:04:04', '-OaF0Sp0pgZKkfQXuyK8'),
('-OaJPTg5SWbnjB5KajzB', 'Voice AI', 'Check Voice AI call forwarding and remove ring central number in website', '#3B82F6', 'active', 'medium', NULL, NULL, NULL, '-OaFaDjHg8LBQ9IcU8au', NULL, 0, 'gSb0eR1DWTTW4uzY2V6A1as0Riw2', '2025-09-28 23:39:52', '2025-09-28 23:39:52', '-OaF0Sp0pgZKkfQXuyK8'),
('-OaOD6ZsGBB1RKHX5Mo2', 'Conversational AI', NULL, '#3B82F6', 'active', 'medium', NULL, NULL, NULL, '-OaF__7hf_r5hVgOlOfP', NULL, 0, 'IqfD9WycDNYq0K0nL7zoJwQvA323', '2025-09-29 22:03:56', '2025-09-29 22:03:56', '-OaF0Sp0pgZKkfQXuyK8'),
('-OaSAH5HYkbn4_wC8Vt8', 'Deligation of Task', NULL, '#3B82F6', 'active', 'medium', NULL, NULL, NULL, '-OaHdsmqBOMH8PjjyVdp', NULL, 0, 'gSb0eR1DWTTW4uzY2V6A1as0Riw2', '2025-09-30 16:30:04', '2025-09-30 16:30:04', '-OaF0Sp0pgZKkfQXuyK8'),
('-OaT0cTic_9BfOLzp2mv', 'General Task', NULL, '#3B82F6', 'active', 'medium', NULL, NULL, NULL, '-OaHdsmqBOMH8PjjyVdp', NULL, 0, 'gSb0eR1DWTTW4uzY2V6A1as0Riw2', '2025-09-30 20:27:31', '2025-09-30 20:27:31', '-OaF0Sp0pgZKkfQXuyK8'),
('-Oax9h97qVLyv9YjRjJg', 'Documentation', NULL, '#3B82F6', 'active', 'medium', NULL, NULL, NULL, '-OaF_i7zD_3pxQlBlXcK', NULL, 0, 'gSb0eR1DWTTW4uzY2V6A1as0Riw2', '2025-10-06 21:35:24', '2025-10-06 21:35:24', '-OaF0Sp0pgZKkfQXuyK8'),
('-OaXrOkWMqGQE9d-3fMl', 'Lead Generation', 'Contacting prospect clients', '#3B82F6', 'active', 'medium', NULL, NULL, NULL, '-OaF_i7zD_3pxQlBlXcK', NULL, 0, 'IqfD9WycDNYq0K0nL7zoJwQvA323', '2025-10-01 19:00:56', '2025-10-01 19:00:56', '-OaF0Sp0pgZKkfQXuyK8'),
('-OaYdBkObIkWZmkVYGSg', 'webite migration Coopers', 'webite migration Coopers Insurance', '#3B82F6', 'active', 'medium', NULL, NULL, NULL, '-OaF_B5nlnRS_ZWFuesL', NULL, 0, 'gSb0eR1DWTTW4uzY2V6A1as0Riw2', '2025-10-01 22:38:30', '2025-10-01 22:38:30', '-OaF0Sp0pgZKkfQXuyK8'),
('-OaYdHOb8K0Lnh1L68Op', 'email marketing automation', NULL, '#3B82F6', 'active', 'medium', NULL, NULL, NULL, '-OaF_B5nlnRS_ZWFuesL', NULL, 0, 'gSb0eR1DWTTW4uzY2V6A1as0Riw2', '2025-10-01 22:38:53', '2025-10-01 22:38:53', '-OaF0Sp0pgZKkfQXuyK8'),
('-Ob8Ye2czaiPdf0BGXPT', 'instagram daily task', 'instagram daily task', '#F59E0B', 'active', 'medium', NULL, NULL, NULL, '-Oab9e6-B6FqEVVh5K49', NULL, 0, 'QbclXdG1I1craJqYsGcVQSY7i9L2', '2025-10-09 07:19:50', '2025-10-09 07:19:50', '-OaF0Sp0pgZKkfQXuyK8'),
('-Ob8YVg5UytDqcl_-En0', 'TikTok daily task', 'TikTok daily task', '#3B82F6', 'active', 'medium', NULL, NULL, NULL, '-Oab9e6-B6FqEVVh5K49', NULL, 0, 'QbclXdG1I1craJqYsGcVQSY7i9L2', '2025-10-09 07:19:12', '2025-10-09 07:19:36', '-OaF0Sp0pgZKkfQXuyK8'),
('-Oc-If1gbw8SqMvWv86_', 'Email Marketing', 'Create email marketing campaign', '#3B82F6', 'active', 'medium', NULL, NULL, NULL, '-OaFaDjHg8LBQ9IcU8au', NULL, 0, 'gSb0eR1DWTTW4uzY2V6A1as0Riw2', '2025-10-19 22:29:08', '2025-10-19 22:29:08', '-OaF0Sp0pgZKkfQXuyK8'),
('-Oc-qTTEidX8gRX0nTCZ', 'A2P Registration', 'A2P Registration', '#3B82F6', 'active', 'medium', NULL, NULL, NULL, '-OaF__7hf_r5hVgOlOfP', NULL, 0, 'gSb0eR1DWTTW4uzY2V6A1as0Riw2', '2025-10-20 01:01:11', '2025-10-20 01:01:11', '-OaF0Sp0pgZKkfQXuyK8'),
('-Oc0-NZcR-JmSiJWPY00', 'Client Meeting', NULL, '#3B82F6', 'active', 'medium', NULL, NULL, NULL, '-OaHdsmqBOMH8PjjyVdp', NULL, 0, 'gSb0eR1DWTTW4uzY2V6A1as0Riw2', '2025-10-20 01:44:28', '2025-10-20 01:44:28', '-OaF0Sp0pgZKkfQXuyK8'),
('-Oc0beQsNtb5TJRekApG', 'Weekly Meeting', 'Reporting weekly', '#3B82F6', 'active', 'medium', NULL, NULL, NULL, '-OaF__7hf_r5hVgOlOfP', NULL, 0, 'IqfD9WycDNYq0K0nL7zoJwQvA323', '2025-10-20 04:36:06', '2025-10-20 04:36:06', '-OaF0Sp0pgZKkfQXuyK8'),
('-Oc2qVsaJikeJV-ZqTe4', 'Weekly Meeting', NULL, '#3B82F6', 'active', 'medium', NULL, NULL, NULL, '-OaF_B5nlnRS_ZWFuesL', NULL, 0, 'gSb0eR1DWTTW4uzY2V6A1as0Riw2', '2025-10-20 15:00:13', '2025-10-20 15:00:13', '-OaF0Sp0pgZKkfQXuyK8'),
('-Oc9pDvqkkSp9a9aimf-', 'Landing page for Webinar', NULL, '#3B82F6', 'active', 'medium', NULL, NULL, NULL, '-OaF_B5nlnRS_ZWFuesL', NULL, 0, 'gSb0eR1DWTTW4uzY2V6A1as0Riw2', '2025-10-21 23:31:58', '2025-10-21 23:31:58', '-OaF0Sp0pgZKkfQXuyK8'),
('-Oc9plZouQmrgmCs0udx', 'Graphics / Thumbnail', NULL, '#3B82F6', 'active', 'medium', NULL, NULL, NULL, '-OaF_B5nlnRS_ZWFuesL', NULL, 0, 'gSb0eR1DWTTW4uzY2V6A1as0Riw2', '2025-10-21 23:34:19', '2025-10-21 23:34:19', '-OaF0Sp0pgZKkfQXuyK8'),
('-Oc9TPmCg_IvnLBEBqKZ', 'Website', 'Anything about website. Revamp, creation, migration, etc., please just specify the work when you clock it', '#3B82F6', 'active', 'medium', NULL, NULL, NULL, '-OaF_i7zD_3pxQlBlXcK', NULL, 0, 'IqfD9WycDNYq0K0nL7zoJwQvA323', '2025-10-21 21:52:17', '2025-10-21 21:52:17', '-OaF0Sp0pgZKkfQXuyK8'),
('-OchTMwzuBMqhc0emwY9', 'Abrakadabra', 'abrakadabra proj', '#3B82F6', 'active', 'medium', NULL, NULL, NULL, '-Og9lWQ-YxM0FVXRlylV', NULL, 0, 'RnnCeKlaWhe7QjFeYNQzNYxb9xp2', '2025-10-28 16:58:47', '2025-12-10 18:22:58', '-OcIvOSsBcP5krq0HXvK'),
('-OcJm2MRwc8noJv44wNO', 'A2P Registration', NULL, '#3B82F6', 'active', 'medium', NULL, NULL, NULL, '-OaF_B5nlnRS_ZWFuesL', NULL, 0, 'gSb0eR1DWTTW4uzY2V6A1as0Riw2', '2025-10-23 21:54:16', '2025-10-23 21:54:16', '-OaF0Sp0pgZKkfQXuyK8'),
('-OcKNaRmvnYEjf_oVEij', 'Voice AI', NULL, '#3B82F6', 'active', 'medium', NULL, NULL, NULL, '-OaF_B5nlnRS_ZWFuesL', NULL, 0, 'gSb0eR1DWTTW4uzY2V6A1as0Riw2', '2025-10-24 00:42:41', '2025-10-24 00:42:41', '-OaF0Sp0pgZKkfQXuyK8'),
('-OcZmwHb3msBJ55YUdHl', 'Domain set up', NULL, '#3B82F6', 'active', 'medium', NULL, NULL, NULL, '-OaF_B5nlnRS_ZWFuesL', NULL, 0, 'gSb0eR1DWTTW4uzY2V6A1as0Riw2', '2025-10-27 00:32:04', '2025-10-27 00:32:04', '-OaF0Sp0pgZKkfQXuyK8'),
('-Od6mHOx3QY0dQOlr7xZ', 'Data Super Center CRM', NULL, '#3B82F6', 'active', 'medium', NULL, NULL, NULL, '-OaF_B5nlnRS_ZWFuesL', NULL, 0, 'IqfD9WycDNYq0K0nL7zoJwQvA323', '2025-11-02 19:35:58', '2025-11-02 19:35:58', '-OaF0Sp0pgZKkfQXuyK8'),
('-OdHd_uiwV32EZIKq7fv', 'Heygen video', NULL, '#3B82F6', 'active', 'medium', NULL, NULL, NULL, '-OaF_rhnBqSPRApXlxhz', NULL, 0, 'gSb0eR1DWTTW4uzY2V6A1as0Riw2', '2025-11-04 22:13:45', '2025-11-04 22:13:45', '-OaF0Sp0pgZKkfQXuyK8'),
('-Odpk0T62dzFX7R88dxw', 'checklist', NULL, '#3B82F6', 'active', 'medium', NULL, NULL, NULL, '-OaF_B5nlnRS_ZWFuesL', NULL, 0, 'gSb0eR1DWTTW4uzY2V6A1as0Riw2', '2025-11-11 17:48:34', '2025-11-11 17:48:34', '-OaF0Sp0pgZKkfQXuyK8'),
('-OdqCfCmtLkOzFOzrc5x', 'Allure Tax Proz Videos for ADS ', NULL, '#8B5CF6', 'active', 'medium', NULL, NULL, NULL, '-OdqBpOfDnkjs0n8HOsb', NULL, 0, 'f0LDwi3dMXcTjDYCC2arQScMbfF2', '2025-11-11 19:58:05', '2025-11-11 19:58:05', '-OaF0Sp0pgZKkfQXuyK8'),
('-Odr--zL86rYzHcfLLvC', 'record a video', NULL, '#3B82F6', 'active', 'medium', NULL, NULL, NULL, '-OaF_B5nlnRS_ZWFuesL', NULL, 0, 'gSb0eR1DWTTW4uzY2V6A1as0Riw2', '2025-11-11 23:38:03', '2025-11-11 23:38:03', '-OaF0Sp0pgZKkfQXuyK8'),
('-OdzyGGxQJmC6BXhnvLS', 'Landing Page', NULL, '#8B5CF6', 'active', 'medium', NULL, NULL, NULL, '-OaF__7hf_r5hVgOlOfP', NULL, 0, 'IqfD9WycDNYq0K0nL7zoJwQvA323', '2025-11-13 17:27:01', '2025-11-13 17:27:07', '-OaF0Sp0pgZKkfQXuyK8'),
('-Oe-2ylbgKzrJtZyMJqU', 'create form cooper', NULL, '#3B82F6', 'active', 'medium', NULL, NULL, NULL, '-OaF_B5nlnRS_ZWFuesL', NULL, 0, 'gSb0eR1DWTTW4uzY2V6A1as0Riw2', '2025-11-13 17:51:57', '2025-11-17 17:00:32', '-OaF0Sp0pgZKkfQXuyK8'),
('-Oeaat3-rC4DGpDMsG6p', 'update website', NULL, '#3B82F6', 'active', 'medium', NULL, NULL, NULL, '-OaFaDjHg8LBQ9IcU8au', NULL, 0, 'gSb0eR1DWTTW4uzY2V6A1as0Riw2', '2025-11-21 05:30:04', '2025-11-21 05:30:04', '-OaF0Sp0pgZKkfQXuyK8'),
('-OeEck6ZGNyUp6rk1e6r', 'Saas Config', NULL, '#3B82F6', 'active', 'medium', NULL, NULL, NULL, '-OaF_B5nlnRS_ZWFuesL', NULL, 0, 'gSb0eR1DWTTW4uzY2V6A1as0Riw2', '2025-11-16 18:26:55', '2025-11-16 18:26:55', '-OaF0Sp0pgZKkfQXuyK8'),
('-OeJTcWcETOwRELpJWwv', 'Automation for cooper', NULL, '#3B82F6', 'active', 'medium', NULL, NULL, NULL, '-OaF_B5nlnRS_ZWFuesL', NULL, 0, 'gSb0eR1DWTTW4uzY2V6A1as0Riw2', '2025-11-17 17:00:49', '2025-11-17 17:00:49', '-OaF0Sp0pgZKkfQXuyK8'),
('-OeJTfZYda6CCzULxN-a', 'upload contact for cooper', NULL, '#3B82F6', 'active', 'medium', NULL, NULL, NULL, '-OaF_B5nlnRS_ZWFuesL', NULL, 0, 'gSb0eR1DWTTW4uzY2V6A1as0Riw2', '2025-11-17 17:01:02', '2025-11-17 17:01:02', '-OaF0Sp0pgZKkfQXuyK8'),
('-OeQQYDSRFzlSz-D1Vbk', 'Lead Generation', NULL, '#3B82F6', 'active', 'medium', NULL, NULL, NULL, '-OaHdsmqBOMH8PjjyVdp', NULL, 0, 'IqfD9WycDNYq0K0nL7zoJwQvA323', '2025-11-19 01:24:41', '2025-11-19 01:24:41', '-OaF0Sp0pgZKkfQXuyK8'),
('-OeYwMOL0tHYBId0_uqR', 'Meeting with Andres', NULL, '#3B82F6', 'active', 'medium', NULL, NULL, NULL, '-OaF_B5nlnRS_ZWFuesL', NULL, 0, 'gSb0eR1DWTTW4uzY2V6A1as0Riw2', '2025-11-20 17:05:01', '2025-11-20 17:05:01', '-OaF0Sp0pgZKkfQXuyK8'),
('-Of7x2f5w8wZ5e6tcPLN', 'Video Demo', 'create a video demo of nexiflow', '#3B82F6', 'active', 'high', NULL, NULL, NULL, '-OaHdsmqBOMH8PjjyVdp', NULL, 0, 'QbclXdG1I1craJqYsGcVQSY7i9L2', '2025-11-27 21:33:59', '2025-11-27 21:33:59', '-OaF0Sp0pgZKkfQXuyK8'),
('-Of9xmgUvKDAZZA83J16', 'assist', NULL, '#3B82F6', 'active', 'medium', NULL, NULL, NULL, '-OaF_B5nlnRS_ZWFuesL', NULL, 0, 'gSb0eR1DWTTW4uzY2V6A1as0Riw2', '2025-11-28 06:56:26', '2025-11-28 06:56:26', '-OaF0Sp0pgZKkfQXuyK8'),
('-OfgX1Y_Sqz5-_nxa0YE', 'Build Website', 'build website', '#8B5CF6', 'active', 'medium', NULL, NULL, NULL, '-OfgV3sRosz1LyOTpPqR', NULL, 0, 'x5T0rJIwLbhwAQKyXDeS72A2BSu1', '2025-12-04 19:22:17', '2025-12-04 19:22:17', '-OfgQZU_bWr0SSrzNBHB'),
('-OfhBlcABkuyFF0HBndn', 'Church System', NULL, '#3B82F6', 'active', 'urgent', NULL, NULL, NULL, '-OfhB_BzQrabaNqLk7t3', NULL, 0, 'APC5roJFj0XFJ9Z07G0xZvBvTv32', '2025-12-04 22:29:00', '2025-12-04 22:29:00', '-OfhARyICDGNeRFqHKGv'),
('-OfMJkg0dP8QiACqxbPO', 'Sales Training', NULL, '#EF4444', 'active', 'medium', NULL, NULL, NULL, '-OaHdsmqBOMH8PjjyVdp', NULL, 0, 'IqfD9WycDNYq0K0nL7zoJwQvA323', '2025-11-30 16:32:15', '2025-11-30 16:32:21', '-OaF0Sp0pgZKkfQXuyK8'),
('-OfNWP_6nod8SKPgjyXQ', 'update logo name', NULL, '#3B82F6', 'active', 'medium', NULL, NULL, NULL, '-OaF_rhnBqSPRApXlxhz', NULL, 0, 'gSb0eR1DWTTW4uzY2V6A1as0Riw2', '2025-11-30 22:07:08', '2025-11-30 22:07:08', '-OaF0Sp0pgZKkfQXuyK8'),
('-OfSGeUd9wF3_t4hc89l', 'Video Creation', NULL, '#06B6D4', 'active', 'medium', NULL, NULL, NULL, '-OaF_i7zD_3pxQlBlXcK', NULL, 0, 'IqfD9WycDNYq0K0nL7zoJwQvA323', '2025-12-01 20:16:26', '2025-12-01 20:16:26', '-OaF0Sp0pgZKkfQXuyK8'),
('-OfWe78LHijCt_VqHPi_', 'Build Website', 'Website for soccer teams', '#F59E0B', 'active', 'medium', NULL, NULL, NULL, '-OfWe1PGtnO2BgY8GZZX', NULL, 0, 'RnnCeKlaWhe7QjFeYNQzNYxb9xp2', '2025-12-02 16:41:47', '2025-12-10 16:15:38', '-OcIvOSsBcP5krq0HXvK'),
('-Og0oPCNssnGeCj8cKRq', 'create graphics', NULL, '#3B82F6', 'active', 'medium', NULL, NULL, NULL, '-OaF_i7zD_3pxQlBlXcK', NULL, 0, 'gSb0eR1DWTTW4uzY2V6A1as0Riw2', '2025-12-08 22:34:34', '2025-12-08 22:34:34', '-OaF0Sp0pgZKkfQXuyK8'),
('-Og9lguRfgvd51jbRHEJ', 'Mobile App Development', 'Native iOS and Android mobile application development with cross-platform features', '#3B82F6', 'active', 'high', NULL, NULL, NULL, '-Og9l6DRPhYttqaW0SbY', NULL, 0, 'RnnCeKlaWhe7QjFeYNQzNYxb9xp2', '2025-12-10 16:19:20', '2025-12-10 16:19:20', '-OcIvOSsBcP5krq0HXvK'),
('-Og9ltQNd0oY7q2aGGHR', 'E-Commerce Platform Redesign', 'Complete redesign and modernization of the e-commerce platform UI/UX with improved checkout flow and payment integration', '#3B82F6', 'completed', 'low', NULL, NULL, NULL, '-Og9lWQ-YxM0FVXRlylV', NULL, 0, 'RnnCeKlaWhe7QjFeYNQzNYxb9xp2', '2025-12-10 16:20:11', '2025-12-10 17:26:59', '-OcIvOSsBcP5krq0HXvK'),
('-OgAx2tx4TQKY4e1S8nu', 'Client Meeting', NULL, '#10B981', 'active', 'medium', NULL, NULL, NULL, '-Og-kvT161P6wCwy_38v', NULL, 0, 'IqfD9WycDNYq0K0nL7zoJwQvA323', '2025-12-10 21:48:36', '2025-12-10 21:48:36', '-OaF0Sp0pgZKkfQXuyK8'),
('-OgAx7FIZEXIqg-wr0jI', 'Documentation', NULL, '#10B981', 'active', 'medium', NULL, NULL, NULL, '-Og-kvT161P6wCwy_38v', NULL, 0, 'IqfD9WycDNYq0K0nL7zoJwQvA323', '2025-12-10 21:48:53', '2025-12-10 21:48:53', '-OaF0Sp0pgZKkfQXuyK8'),
('-OgAxWrYMlUuPX1wv5i7', 'Automation', NULL, '#10B981', 'active', 'medium', NULL, NULL, NULL, '-Og-kvT161P6wCwy_38v', NULL, 0, 'IqfD9WycDNYq0K0nL7zoJwQvA323', '2025-12-10 21:50:38', '2025-12-10 21:50:38', '-OaF0Sp0pgZKkfQXuyK8');

-- --------------------------------------------------------

--
-- Table structure for table `tasks`
--

CREATE TABLE `tasks` (
  `id` varchar(255) NOT NULL,
  `title` varchar(255) NOT NULL,
  `description` text DEFAULT NULL,
  `notes` text DEFAULT NULL,
  `project_id` varchar(255) NOT NULL,
  `project_name` varchar(255) DEFAULT NULL,
  `status_id` varchar(50) DEFAULT NULL,
  `status_name` varchar(50) DEFAULT NULL,
  `status_color` varchar(7) DEFAULT NULL,
  `status_order` int(11) DEFAULT NULL,
  `status_is_completed` tinyint(1) DEFAULT NULL,
  `priority_id` varchar(50) DEFAULT NULL,
  `priority_name` varchar(50) DEFAULT NULL,
  `priority_color` varchar(7) DEFAULT NULL,
  `priority_level` int(11) DEFAULT NULL,
  `assignee_id` varchar(255) DEFAULT NULL,
  `assignee_name` varchar(255) DEFAULT NULL,
  `assignee_email` varchar(255) DEFAULT NULL,
  `due_date` date DEFAULT NULL,
  `estimated_hours` decimal(8,2) DEFAULT NULL,
  `actual_hours` decimal(8,2) DEFAULT NULL,
  `is_completed` tinyint(1) DEFAULT 0,
  `completed_at` timestamp NULL DEFAULT NULL,
  `created_by` varchar(255) NOT NULL,
  `created_by_name` varchar(255) DEFAULT NULL,
  `created_at` timestamp NOT NULL DEFAULT current_timestamp(),
  `updated_at` timestamp NOT NULL DEFAULT current_timestamp() ON UPDATE current_timestamp(),
  `parent_task_id` varchar(255) DEFAULT NULL,
  `team_id` varchar(255) DEFAULT NULL,
  `company_id` varchar(255) DEFAULT NULL,
  `tags` text DEFAULT NULL,
  `attachments` text DEFAULT NULL,
  `comments` text DEFAULT NULL,
  `time_entries` text DEFAULT NULL
) ENGINE=InnoDB DEFAULT CHARSET=utf8mb4 COLLATE=utf8mb4_general_ci;

--
-- Dumping data for table `tasks`
--

INSERT INTO `tasks` (`id`, `title`, `description`, `notes`, `project_id`, `project_name`, `status_id`, `status_name`, `status_color`, `status_order`, `status_is_completed`, `priority_id`, `priority_name`, `priority_color`, `priority_level`, `assignee_id`, `assignee_name`, `assignee_email`, `due_date`, `estimated_hours`, `actual_hours`, `is_completed`, `completed_at`, `created_by`, `created_by_name`, `created_at`, `updated_at`, `parent_task_id`, `team_id`, `company_id`, `tags`, `attachments`, `comments`, `time_entries`) VALUES
('-OabHk0wBEiQULNPcs-Q', 'Landing page for Cynthia', 'Landing page for Cynthia using GHL funnel', NULL, '-OaIvkJXHJFIemvsBT2o', NULL, 'status_3', NULL, NULL, NULL, 0, 'priority_0', NULL, NULL, NULL, '9gcUwwHP9vRYPW2tUKso2eAscdw1', 'Daniel Rillera', NULL, '2025-10-02', 4.00, NULL, 0, NULL, '9gcUwwHP9vRYPW2tUKso2eAscdw1', 'Daniel Rillera', '2025-10-02 15:38:53', '2025-10-11 20:37:17', NULL, '-OaI_CBRxCNUYScosId9', '-OaF0Sp0pgZKkfQXuyK8', NULL, NULL, NULL, NULL),
('-OabILKDhDx-nNwF5o5k', 'Website Migration', 'Manual coding for function', NULL, '-OaIhXBNjt7lAZeTWFVs', NULL, 'status_1', NULL, NULL, NULL, 0, 'priority_0', NULL, NULL, NULL, '9gcUwwHP9vRYPW2tUKso2eAscdw1', 'Daniel Rillera', NULL, '2025-10-01', 4.00, NULL, 0, NULL, '9gcUwwHP9vRYPW2tUKso2eAscdw1', 'Daniel Rillera', '2025-10-02 15:41:30', '2025-10-02 15:41:30', NULL, '-OaI_CBRxCNUYScosId9', '-OaF0Sp0pgZKkfQXuyK8', NULL, NULL, NULL, NULL),
('-OacEViaK0SZPpLWDk1g', 'Migration', 'Why Every Service-Based Business Needs a PM + Automation System Migration', NULL, '-OaIvkJXHJFIemvsBT2o', NULL, 'status_2', NULL, NULL, NULL, 0, 'priority_0', NULL, NULL, NULL, 'UzY6A27FBYSJbDkjy9suM4aEdZ02', 'Emman Sadiang-abay', NULL, NULL, NULL, NULL, 0, NULL, 'UzY6A27FBYSJbDkjy9suM4aEdZ02', 'Emman Sadiang-abay', '2025-10-02 20:04:22', '2025-10-02 20:04:22', NULL, '-OaI_CBRxCNUYScosId9', '-OaF0Sp0pgZKkfQXuyK8', NULL, NULL, NULL, NULL),
('-Oac_s6ky4VeZ8ynWMD3', 'Automation for Premier Wellness', 'Automation for Premier Wellness', NULL, '-OaIdLqEYylkMSkkkLV8', NULL, 'status_0', NULL, NULL, NULL, 0, 'priority_0', NULL, NULL, NULL, '9gcUwwHP9vRYPW2tUKso2eAscdw1', 'Daniel Rillera', NULL, NULL, NULL, NULL, 0, NULL, 'gSb0eR1DWTTW4uzY2V6A1as0Riw2', 'Angeline Amurao', '2025-10-02 21:42:04', '2025-10-02 21:42:04', NULL, NULL, '-OaF0Sp0pgZKkfQXuyK8', NULL, NULL, NULL, NULL),
('-OadDJvQAuWbnTM-SgtL', 'Email Marketing (DONE TASK)', 'Make 3 Email Marketing Campaigns', NULL, '-OaYdHOb8K0Lnh1L68Op', 'email marketing automation', 'status_0', NULL, NULL, NULL, 0, 'priority_2', NULL, NULL, NULL, 'dYMNyLpVH6XmDVMJk8QQMvj8NWX2', 'Ryan Gonzales', NULL, NULL, NULL, NULL, 0, NULL, 'dYMNyLpVH6XmDVMJk8QQMvj8NWX2', 'Ryan Gonzales', '2025-10-03 00:38:49', '2025-10-20 17:39:28', NULL, '-OaIf-FeJA-UpgahO2CQ', '-OaF0Sp0pgZKkfQXuyK8', NULL, NULL, NULL, NULL),
('-OadEJm010tpfhWdKj-W', 'Logo for AI Insurance Skool', 'Make version of Logo for AI Insurance Skool', NULL, '-OaFfnG5N7C2eLz_KYO2', NULL, 'status_0', NULL, NULL, NULL, 0, 'priority_2', NULL, NULL, NULL, 'dYMNyLpVH6XmDVMJk8QQMvj8NWX2', 'Ryan Gonzales', NULL, NULL, NULL, NULL, 0, NULL, 'dYMNyLpVH6XmDVMJk8QQMvj8NWX2', 'Ryan Gonzales', '2025-10-03 00:43:10', '2025-10-20 17:39:25', NULL, '-OaI_CBRxCNUYScosId9', '-OaF0Sp0pgZKkfQXuyK8', NULL, NULL, NULL, NULL),
('-OadPvEhFE1QneZG3J7k', 'Automation and coding for funcitons for premier', 'Sending email and sms notification manual coding for the functions in website migration', NULL, '-OaJ3VQkP7LaViJAr_1N', NULL, 'status_2', NULL, NULL, NULL, 0, 'priority_0', NULL, NULL, NULL, '9gcUwwHP9vRYPW2tUKso2eAscdw1', 'Daniel Rillera', NULL, '2025-10-03', 4.00, NULL, 0, NULL, '9gcUwwHP9vRYPW2tUKso2eAscdw1', 'Daniel Rillera', '2025-10-03 01:33:51', '2025-10-03 01:33:51', NULL, '-OaIf-FeJA-UpgahO2CQ', '-OaF0Sp0pgZKkfQXuyK8', NULL, NULL, NULL, NULL),
('-OaIhMVu3TDsLUHYMdLk', 'Website Migration', 'To migrate website inside Premier wellness and Aesthetics of clear lake sub account GHL', NULL, '-OaIhXBNjt7lAZeTWFVs', 'Website Migration', 'status_1', NULL, NULL, NULL, 0, 'priority_2', NULL, NULL, NULL, 'dYMNyLpVH6XmDVMJk8QQMvj8NWX2', 'Ryan Gonzales', NULL, NULL, NULL, NULL, 0, NULL, 'f0LDwi3dMXcTjDYCC2arQScMbfF2', 'Nica Gomez', '2025-09-28 20:22:46', '2025-10-21 02:17:32', NULL, '-OaIf-FeJA-UpgahO2CQ', '-OaF0Sp0pgZKkfQXuyK8', NULL, NULL, NULL, NULL),
('-OaIjYDFQqaxJ6MUw2gD', 'Social Media Posting for EDS', 'manual posting for social Media', NULL, '-OaIjBREBZXCHIRDF2xE', 'Social Media Posting', 'status_0', NULL, NULL, NULL, 0, 'priority_0', NULL, NULL, NULL, 'dYMNyLpVH6XmDVMJk8QQMvj8NWX2', 'Ryan Gonzales', NULL, NULL, NULL, NULL, 0, NULL, 'f0LDwi3dMXcTjDYCC2arQScMbfF2', 'Nica Gomez', '2025-09-28 20:32:18', '2025-10-20 17:39:44', NULL, NULL, '-OaF0Sp0pgZKkfQXuyK8', NULL, NULL, NULL, NULL),
('-OaJsvev6rnCJNR_R9P9', 'Social Media Graphics for Posting - Nexistry Digital Solutions', 'Make a graphics for social media posting for Nexistry Digital Solutions, then get a approval.', NULL, '-OaIjBREBZXCHIRDF2xE', NULL, 'status_1', NULL, NULL, NULL, 0, 'priority_1', NULL, NULL, NULL, 'dYMNyLpVH6XmDVMJk8QQMvj8NWX2', 'Ryan Gonzales', NULL, NULL, NULL, NULL, 0, NULL, 'dYMNyLpVH6XmDVMJk8QQMvj8NWX2', 'Ryan Gonzales', '2025-09-29 01:52:55', '2025-09-29 01:53:00', NULL, NULL, '-OaF0Sp0pgZKkfQXuyK8', NULL, NULL, NULL, NULL),
('-OaJtM4u8oHg3xBRgrao', 'Client Portal - Nexistry Digital Solutions', 'Design client\'s portal', NULL, '-OaIiHPVdQ8Gb8pjw7ni', NULL, 'status_0', NULL, NULL, NULL, 0, 'priority_0', NULL, NULL, NULL, 'dYMNyLpVH6XmDVMJk8QQMvj8NWX2', 'Ryan Gonzales', NULL, NULL, NULL, NULL, 0, NULL, 'dYMNyLpVH6XmDVMJk8QQMvj8NWX2', 'Ryan Gonzales', '2025-09-29 01:54:48', '2025-10-20 17:39:39', NULL, NULL, '-OaF0Sp0pgZKkfQXuyK8', NULL, NULL, NULL, NULL),
('-OaJtq0fHNRKNfmVbvLw', ' Logo - Nexistry Core with Powered by Nexistry Digital Solutions', NULL, NULL, '-OaFfnG5N7C2eLz_KYO2', NULL, 'status_0', NULL, NULL, NULL, 0, 'priority_0', NULL, NULL, NULL, 'dYMNyLpVH6XmDVMJk8QQMvj8NWX2', 'Ryan Gonzales', NULL, NULL, NULL, NULL, 0, NULL, 'dYMNyLpVH6XmDVMJk8QQMvj8NWX2', 'Ryan Gonzales', '2025-09-29 01:56:54', '2025-10-20 17:39:36', NULL, NULL, '-OaF0Sp0pgZKkfQXuyK8', NULL, NULL, NULL, NULL),
('-OaMzbvodVnrSBrgdqHM', 'Automation Checking', 'Checking email templates for nexistry\'s automations', NULL, '-OaJ3VQkP7LaViJAr_1N', NULL, 'status_1', NULL, NULL, NULL, 0, 'priority_2', NULL, NULL, NULL, 'UzY6A27FBYSJbDkjy9suM4aEdZ02', 'Emman Sadiang Abay', NULL, '2025-09-30', NULL, NULL, 0, NULL, 'UzY6A27FBYSJbDkjy9suM4aEdZ02', 'Emman Sadiang Abay', '2025-09-29 16:21:02', '2025-09-30 16:12:12', NULL, NULL, '-OaF0Sp0pgZKkfQXuyK8', NULL, NULL, NULL, NULL),
('-OaMzxXpCICYkK7_K7D_', 'Calendar Configuration', 'Config the calendar for equal distribution of booking also checking the config settings from the old ghl calendar\n', NULL, '-OaFfnG5N7C2eLz_KYO2', 'Default Project', 'status_2', NULL, NULL, NULL, 0, 'priority_0', NULL, NULL, NULL, 'UzY6A27FBYSJbDkjy9suM4aEdZ02', 'Emman Sadiang Abay', NULL, NULL, NULL, NULL, 0, NULL, 'UzY6A27FBYSJbDkjy9suM4aEdZ02', 'Emman Sadiang Abay', '2025-09-29 16:22:31', '2025-09-29 19:00:36', NULL, NULL, '-OaF0Sp0pgZKkfQXuyK8', NULL, NULL, NULL, NULL),
('-OaN1utBG50mTsJTGHxg', 'Checking Pipeline', 'Checking all the pipelines for the full function of Nexistry workflows', NULL, '-OaJ3VQkP7LaViJAr_1N', NULL, 'status_0', NULL, NULL, NULL, 0, 'priority_0', NULL, NULL, NULL, 'UzY6A27FBYSJbDkjy9suM4aEdZ02', 'Emman Sadiang Abay', NULL, NULL, NULL, NULL, 0, NULL, 'UzY6A27FBYSJbDkjy9suM4aEdZ02', 'Emman Sadiang Abay', '2025-09-29 16:35:26', '2025-11-27 19:23:27', NULL, NULL, '-OaF0Sp0pgZKkfQXuyK8', NULL, NULL, NULL, NULL),
('-OaObDhSfLX_3_kMR7_t', 'Landing Page for Peptide Dynamics', '- Landing Page - nakalinked na yung mga nasa footer and may thank you page nadin\nhttps://app.gohighlevel.com/v2/preview/U9QEBlIUirARLRRkbPtd?notrack=true\n\n- 2 Pager Content - PDF Guide Outline - The Researcher’s Guide to Peptides (2025 Edition)\nhttps://www.canva.com/design/DAG0-NxtdWc/e2M28vSSBwvK3gPnPNnJdQ/edit?utm_content=DAG0-NxtdWc&utm_campaign=designshare&utm_medium=link2&utm_source=sharebutton\n\n- Cheat Sheet - 2 Pager Content - PDF Guide Outline - The Researcher’s Guide to Peptides (2025 Edition)\nhttps://www.canva.com/design/DAG1KcrhaGk/wzXnefhQg-kLO948w3I4dg/edit?utm_content=DAG1KcrhaGk&utm_campaign=designshare&utm_medium=link2&utm_source=sharebutton', 'add new 3 pages for PDF Downloadable - Peptides\n\n', '-OaIvkJXHJFIemvsBT2o', 'Landing Page', 'status_0', NULL, NULL, NULL, 0, 'priority_1', NULL, NULL, NULL, 'dYMNyLpVH6XmDVMJk8QQMvj8NWX2', 'Ryan Gonzales', NULL, NULL, NULL, NULL, 0, NULL, 'gSb0eR1DWTTW4uzY2V6A1as0Riw2', 'Angeline Amurao', '2025-09-29 23:53:42', '2025-10-20 17:39:33', NULL, '-OaI_CBRxCNUYScosId9', '-OaF0Sp0pgZKkfQXuyK8', NULL, NULL, NULL, NULL),
('-OaObSGTbRsX-nnn44hf', 'Automation for email marketing', 'Automation for email marketing ', NULL, '-OaJ3VQkP7LaViJAr_1N', NULL, 'status_1', NULL, NULL, NULL, 0, 'priority_1', NULL, NULL, NULL, '7CFx1LWWNLZUsyoOeGizUsWaUkz1', 'Kristine Sale', NULL, NULL, NULL, NULL, 0, NULL, 'gSb0eR1DWTTW4uzY2V6A1as0Riw2', 'Angeline Amurao', '2025-09-29 23:54:41', '2025-10-02 21:30:55', NULL, NULL, '-OaF0Sp0pgZKkfQXuyK8', NULL, NULL, NULL, NULL),
('-OaOOntPGKQvCLrc2o4L', 'Website Migration', 'Cooper Insurance Website Migration', NULL, '-OaIhXBNjt7lAZeTWFVs', NULL, 'status_1', NULL, NULL, NULL, 0, 'priority_1', NULL, NULL, NULL, '7CFx1LWWNLZUsyoOeGizUsWaUkz1', 'Kristine Sale', NULL, NULL, NULL, NULL, 0, NULL, 'gSb0eR1DWTTW4uzY2V6A1as0Riw2', 'Angeline Amurao', '2025-09-29 22:55:04', '2025-10-02 21:31:40', NULL, NULL, '-OaF0Sp0pgZKkfQXuyK8', NULL, NULL, NULL, NULL),
('-OarBxBykenY-L2QtQoS', 'UTM PARAMETERS', 'Creating links and configuration of UTM Parameter', NULL, '-OaIvkJXHJFIemvsBT2o', NULL, 'status_1', NULL, NULL, NULL, 0, 'priority_0', NULL, NULL, NULL, 'UzY6A27FBYSJbDkjy9suM4aEdZ02', 'Emman Sadiang-abay', NULL, NULL, NULL, NULL, 0, NULL, 'UzY6A27FBYSJbDkjy9suM4aEdZ02', 'Emman Sadiang-abay', '2025-10-05 17:47:30', '2025-10-06 19:57:21', NULL, '-OaI_CBRxCNUYScosId9', '-OaF0Sp0pgZKkfQXuyK8', NULL, NULL, NULL, NULL),
('-OardlVcUttJI2kHj_2g', 'Configuration of opportunities for 21 day email tracking', 'Configuration of opportunities for 21 day email tracking', NULL, '-OaJ3VQkP7LaViJAr_1N', NULL, 'status_1', NULL, NULL, NULL, 0, 'priority_0', NULL, NULL, NULL, 'UzY6A27FBYSJbDkjy9suM4aEdZ02', 'Emman Sadiang-abay', NULL, NULL, NULL, NULL, 0, NULL, 'UzY6A27FBYSJbDkjy9suM4aEdZ02', 'Emman Sadiang-abay', '2025-10-05 19:53:24', '2025-10-06 19:57:23', NULL, '-OaI_CBRxCNUYScosId9', '-OaF0Sp0pgZKkfQXuyK8', NULL, NULL, NULL, NULL),
('-Oas4URertOajkj37aVE', 'Mobile and desktop fix', 'Maam @angeline. Finix ko po yung desktop and mobile view ng coopers website nasira po kasi. may nageedit po ba maam? may mga forms and sections po kasi na nadeform then sa form pinopup view ko po sya nakuha ko naman po but d sya pumapop once naka desktop even enable namn sya sa visibility. tatapusin ko po tom maam.', NULL, '-OaYdBkObIkWZmkVYGSg', NULL, 'status_1', NULL, NULL, NULL, 0, 'priority_1', NULL, NULL, NULL, '7CFx1LWWNLZUsyoOeGizUsWaUkz1', 'Kristine Sale', NULL, '2025-10-06', NULL, NULL, 0, NULL, '7CFx1LWWNLZUsyoOeGizUsWaUkz1', 'Kristine Sale', '2025-10-05 21:54:31', '2025-10-05 21:56:22', NULL, '-OaIfz45eh6AiY6zQchu', '-OaF0Sp0pgZKkfQXuyK8', NULL, NULL, NULL, NULL),
('-OaS5htXM1KTvutQn7py', 'UTM for Nexistry', 'create UTM for Nexistry', NULL, '-OaJ3VQkP7LaViJAr_1N', NULL, 'status_0', NULL, NULL, NULL, 0, 'priority_1', NULL, NULL, NULL, 'UzY6A27FBYSJbDkjy9suM4aEdZ02', 'Emman Sadiang-abay', NULL, NULL, NULL, NULL, 0, NULL, 'gSb0eR1DWTTW4uzY2V6A1as0Riw2', 'Angeline Amurao', '2025-09-30 16:10:07', '2025-10-01 20:05:47', NULL, NULL, '-OaF0Sp0pgZKkfQXuyK8', NULL, NULL, NULL, NULL),
('-OaS5vNKhZ8z3Az57wmA', 'Sitemap concern', 'fix sitemap for coopers insurance website ', NULL, '-OaIhXBNjt7lAZeTWFVs', NULL, 'status_0', NULL, NULL, NULL, 0, 'priority_1', NULL, NULL, NULL, '7CFx1LWWNLZUsyoOeGizUsWaUkz1', 'Kristine Sale', NULL, NULL, NULL, NULL, 0, NULL, 'gSb0eR1DWTTW4uzY2V6A1as0Riw2', 'Angeline Amurao', '2025-09-30 16:11:03', '2025-09-30 19:34:51', NULL, NULL, '-OaF0Sp0pgZKkfQXuyK8', NULL, NULL, NULL, NULL),
('-OaSA4z41S5_VdBwCO3w', 'Manual Social post', 'Manual Social post for EDS', NULL, '-OaIjBREBZXCHIRDF2xE', NULL, 'status_0', NULL, NULL, NULL, 0, 'priority_1', NULL, NULL, NULL, '9gcUwwHP9vRYPW2tUKso2eAscdw1', 'Daniel Rillera', NULL, NULL, NULL, NULL, 0, NULL, 'gSb0eR1DWTTW4uzY2V6A1as0Riw2', 'Angeline Amurao', '2025-09-30 16:29:15', '2025-09-30 16:29:15', NULL, NULL, '-OaF0Sp0pgZKkfQXuyK8', NULL, NULL, NULL, NULL),
('-OaStj2cdCzwEbsM128s', 'Edit button function', 'Edit button function and animations in https://forbiddenblueprint.nexistrydigitalsolutions.com/', NULL, '-OaIvkJXHJFIemvsBT2o', NULL, 'status_1', NULL, NULL, NULL, 0, 'priority_0', NULL, NULL, NULL, 'UzY6A27FBYSJbDkjy9suM4aEdZ02', 'Emman Sadiang-abay', NULL, NULL, NULL, NULL, 0, NULL, 'UzY6A27FBYSJbDkjy9suM4aEdZ02', 'Emman Sadiang-abay', '2025-09-30 19:53:03', '2025-10-01 20:05:48', NULL, NULL, '-OaF0Sp0pgZKkfQXuyK8', NULL, NULL, NULL, NULL),
('-OavyuDk8vMrv7oFZDf6', 'Form Automation', NULL, NULL, '-OaJ3VQkP7LaViJAr_1N', NULL, 'status_0', NULL, NULL, NULL, 0, 'priority_0', NULL, NULL, NULL, '7CFx1LWWNLZUsyoOeGizUsWaUkz1', 'Kristine Sale', NULL, NULL, NULL, NULL, 0, NULL, '7CFx1LWWNLZUsyoOeGizUsWaUkz1', 'Kristine Sale', '2025-10-06 16:04:14', '2025-10-06 16:04:14', NULL, '-OaIfz45eh6AiY6zQchu', '-OaF0Sp0pgZKkfQXuyK8', NULL, NULL, NULL, NULL),
('-OawoOjJUFTTPoZfDcod', 'AI Chat bot', 'Configuration of FB and IG Chatbot', NULL, '-OaOD6ZsGBB1RKHX5Mo2', NULL, 'status_1', NULL, NULL, NULL, 0, 'priority_0', NULL, NULL, NULL, 'UzY6A27FBYSJbDkjy9suM4aEdZ02', 'Emman Sadiang-abay', NULL, NULL, NULL, NULL, 0, NULL, 'UzY6A27FBYSJbDkjy9suM4aEdZ02', 'Emman Sadiang-abay', '2025-10-06 19:57:55', '2025-10-07 20:04:32', NULL, '-OaI_CBRxCNUYScosId9', '-OaF0Sp0pgZKkfQXuyK8', NULL, NULL, NULL, NULL),
('-Oax-e2jO0xA-ouF5GB4', 'Simple Roofing Email Automation', 'Automate feedbacks through email notification', NULL, '-OaJ3VQkP7LaViJAr_1N', NULL, 'status_2', NULL, NULL, NULL, 0, 'priority_0', NULL, NULL, NULL, '9gcUwwHP9vRYPW2tUKso2eAscdw1', 'Daniel Rillera', NULL, '2025-10-07', 3.00, NULL, 0, NULL, '9gcUwwHP9vRYPW2tUKso2eAscdw1', 'Daniel Rillera', '2025-10-06 20:51:30', '2025-10-06 20:51:30', NULL, '-OaI_CBRxCNUYScosId9', '-OaF0Sp0pgZKkfQXuyK8', NULL, NULL, NULL, NULL),
('-OaXySiL20bWmTLk2jiu', 'Landing page cynthia', 'landing page', NULL, '-OaIvkJXHJFIemvsBT2o', 'Landing Page', 'status_0', NULL, NULL, NULL, 0, 'priority_0', NULL, NULL, NULL, '9gcUwwHP9vRYPW2tUKso2eAscdw1', 'Daniel Rillera', NULL, '2025-10-02', 4.00, NULL, 0, NULL, '9gcUwwHP9vRYPW2tUKso2eAscdw1', 'Daniel Rillera', '2025-10-01 15:26:07', '2025-10-02 00:45:30', NULL, '-OaI_CBRxCNUYScosId9', '-OaF0Sp0pgZKkfQXuyK8', NULL, NULL, NULL, NULL),
('-OaXZ9nTd0i4XhZXppkq', 'Website migration', 'Manual coding for function', NULL, '-OaIhXBNjt7lAZeTWFVs', NULL, 'status_0', NULL, NULL, NULL, 0, 'priority_0', NULL, NULL, NULL, '9gcUwwHP9vRYPW2tUKso2eAscdw1', 'Daniel Rillera', NULL, '2025-10-01', 4.00, NULL, 0, NULL, '9gcUwwHP9vRYPW2tUKso2eAscdw1', 'Daniel Rillera', '2025-10-01 13:31:14', '2025-10-01 13:31:14', NULL, NULL, '-OaF0Sp0pgZKkfQXuyK8', NULL, NULL, NULL, NULL),
('-OaY5D16gM1sVskkTm4A', 'Migration', 'FREE AI System Starter Guide funnel migration', NULL, '-OaIvkJXHJFIemvsBT2o', NULL, 'status_2', NULL, NULL, NULL, 0, 'priority_0', NULL, NULL, NULL, 'UzY6A27FBYSJbDkjy9suM4aEdZ02', 'Emman Sadiang-abay', NULL, NULL, NULL, NULL, 0, NULL, 'UzY6A27FBYSJbDkjy9suM4aEdZ02', 'Emman Sadiang-abay', '2025-10-01 20:05:42', '2025-10-01 20:06:19', NULL, NULL, '-OaF0Sp0pgZKkfQXuyK8', NULL, NULL, NULL, NULL),
('-OayAKogYrfVd03LpbR0', 'for ate anjh', 'BHJHJK', '@ange', '-Oax9h97qVLyv9YjRjJg', NULL, 'status_0', NULL, NULL, NULL, 0, 'priority_1', NULL, NULL, NULL, 'gSb0eR1DWTTW4uzY2V6A1as0Riw2', 'Angeline Amurao', NULL, NULL, NULL, NULL, 0, NULL, 'f0LDwi3dMXcTjDYCC2arQScMbfF2', 'Nica Gomez', '2025-10-07 02:17:47', '2025-10-07 02:20:16', NULL, NULL, '-OaF0Sp0pgZKkfQXuyK8', NULL, NULL, NULL, NULL),
('-Ob0BfZwAgrIl7pdX3C7', 'Voice Ai', 'Create Voice AI ', NULL, '-OaJPTg5SWbnjB5KajzB', NULL, 'status_0', NULL, NULL, NULL, 0, 'priority_0', NULL, NULL, NULL, '7CFx1LWWNLZUsyoOeGizUsWaUkz1', 'Kristine Sale', NULL, NULL, NULL, NULL, 0, NULL, 'gSb0eR1DWTTW4uzY2V6A1as0Riw2', 'Angeline Amurao', '2025-10-07 16:22:31', '2025-10-07 16:22:31', NULL, NULL, '-OaF0Sp0pgZKkfQXuyK8', NULL, NULL, NULL, NULL),
('-Ob0hql5bmeYvjdI-Fah', 'Checking migration', 'Checking migration', NULL, '-OaIhXBNjt7lAZeTWFVs', NULL, 'status_2', NULL, NULL, NULL, 0, 'priority_0', NULL, NULL, NULL, 'UzY6A27FBYSJbDkjy9suM4aEdZ02', 'Emman Sadiang-abay', NULL, NULL, NULL, NULL, 0, NULL, 'UzY6A27FBYSJbDkjy9suM4aEdZ02', 'Emman Sadiang-abay', '2025-10-07 18:47:25', '2025-10-13 19:10:58', NULL, '-OaI_CBRxCNUYScosId9', '-OaF0Sp0pgZKkfQXuyK8', NULL, NULL, NULL, NULL),
('-Ob296sFS8dNLO86XURY', 'logo versions for Agent Hub CRM', '- revised logo versions for Agent Hub CRM\nhttps://www.canva.com/design/DAG1AXXVMzs/fVebsD06W-ODLBn2VSAHpw/edit?utm_content=DAG1AXXVMzs&utm_campaign=designshare&utm_medium=link2&utm_source=sharebutton\n', NULL, '-OaT0cTic_9BfOLzp2mv', NULL, 'status_2', NULL, NULL, NULL, 0, 'priority_2', NULL, NULL, NULL, 'dYMNyLpVH6XmDVMJk8QQMvj8NWX2', 'Ryan Gonzales', NULL, NULL, NULL, NULL, 0, NULL, 'dYMNyLpVH6XmDVMJk8QQMvj8NWX2', 'Ryan Gonzales', '2025-10-08 01:30:35', '2025-10-21 02:17:21', NULL, '-OaI_CBRxCNUYScosId9', '-OaF0Sp0pgZKkfQXuyK8', NULL, NULL, NULL, NULL),
('-Ob5d0fQYtRyGvJadDAQ', 'Troubleshooting bounce emails', 'Troubleshooting bounce emails', NULL, '-OaYdHOb8K0Lnh1L68Op', NULL, 'status_2', NULL, NULL, NULL, 0, 'priority_0', NULL, NULL, NULL, 'UzY6A27FBYSJbDkjy9suM4aEdZ02', 'Emman Sadiang-abay', NULL, NULL, NULL, NULL, 0, NULL, 'UzY6A27FBYSJbDkjy9suM4aEdZ02', 'Emman Sadiang-abay', '2025-10-08 17:44:25', '2025-10-08 17:44:25', NULL, '-OaI_CBRxCNUYScosId9', '-OaF0Sp0pgZKkfQXuyK8', NULL, NULL, NULL, NULL),
('-Ob5d8p3lc31g72ZNpFw', 'Configuration of 7 Days AI Marketing', 'Configuration of 7 Days AI Marketing', NULL, '-OaJ3VQkP7LaViJAr_1N', NULL, 'status_1', NULL, NULL, NULL, 0, 'priority_0', NULL, NULL, NULL, 'UzY6A27FBYSJbDkjy9suM4aEdZ02', 'Emman Sadiang-abay', NULL, NULL, NULL, NULL, 0, NULL, 'UzY6A27FBYSJbDkjy9suM4aEdZ02', 'Emman Sadiang-abay', '2025-10-08 17:44:58', '2025-10-08 20:05:42', NULL, '-OaI_CBRxCNUYScosId9', '-OaF0Sp0pgZKkfQXuyK8', NULL, NULL, NULL, NULL),
('-Ob5L1Ax1WatlsU4zHYE', 'Configuring Timezone for Clients and Users', 'Added timezone for clients and users', NULL, '-OaT0cTic_9BfOLzp2mv', NULL, 'status_2', NULL, NULL, NULL, 0, 'priority_0', NULL, NULL, NULL, 'NftSf9kvaEMwvrlEyWKo1QCDshU2', 'Prince Tolentino', NULL, NULL, NULL, NULL, 0, NULL, 'NftSf9kvaEMwvrlEyWKo1QCDshU2', 'Prince Tolentino', '2025-10-08 16:21:28', '2025-10-08 18:08:04', NULL, '-OaI_CBRxCNUYScosId9', '-OaF0Sp0pgZKkfQXuyK8', NULL, NULL, NULL, NULL),
('-Ob5LIdvF-iX_kxXw22h', 'Fixing mentions in messages, comments, and notes', 'there are still bugs so i removed the function to re-code and make it more optimized', '@Prince Tolentino sound test?', '-OaT0cTic_9BfOLzp2mv', 'General Task', 'status_1', NULL, NULL, NULL, 0, 'priority_3', NULL, NULL, NULL, 'NftSf9kvaEMwvrlEyWKo1QCDshU2', 'Prince Tolentino', NULL, NULL, NULL, NULL, 0, NULL, 'NftSf9kvaEMwvrlEyWKo1QCDshU2', 'Prince Tolentino', '2025-10-08 16:22:40', '2025-10-26 19:41:19', NULL, '-OaI_CBRxCNUYScosId9', '-OaF0Sp0pgZKkfQXuyK8', NULL, NULL, NULL, NULL),
('-Ob5M60bssJPDTZnSo9b', 'Make all access booleans', 'it will enable the super admins to just check all the access or individually', '@Prince Tolentino yiuyiuy', '-OaT0cTic_9BfOLzp2mv', NULL, 'status_0', NULL, NULL, NULL, 0, 'priority_0', NULL, NULL, NULL, 'NftSf9kvaEMwvrlEyWKo1QCDshU2', 'Prince Tolentino', NULL, NULL, NULL, NULL, 0, NULL, 'NftSf9kvaEMwvrlEyWKo1QCDshU2', 'Prince Tolentino', '2025-10-08 16:26:10', '2025-10-19 20:29:59', NULL, '-OaI_CBRxCNUYScosId9', '-OaF0Sp0pgZKkfQXuyK8', NULL, NULL, NULL, NULL),
('-Ob5MHa3bi0_g1wQzZy2', 'Add PDF Settings', 'pdf settings for better personalization', NULL, '-OaT0cTic_9BfOLzp2mv', NULL, 'status_0', NULL, NULL, NULL, 0, 'priority_2', NULL, NULL, NULL, 'NftSf9kvaEMwvrlEyWKo1QCDshU2', 'Prince Tolentino', NULL, NULL, NULL, NULL, 0, NULL, 'NftSf9kvaEMwvrlEyWKo1QCDshU2', 'Prince Tolentino', '2025-10-08 16:26:58', '2025-10-08 18:08:03', NULL, '-OaI_CBRxCNUYScosId9', '-OaF0Sp0pgZKkfQXuyK8', NULL, NULL, NULL, NULL),
('-Ob5NdlPk2056yUd67hA', 'PDF Settings', 'Client change to Client Name\nAdd date for filters (this week, last week)', NULL, '-OaT0cTic_9BfOLzp2mv', NULL, 'status_0', NULL, NULL, NULL, 0, 'priority_0', NULL, NULL, NULL, 'NftSf9kvaEMwvrlEyWKo1QCDshU2', 'Prince Tolentino', NULL, NULL, NULL, NULL, 0, NULL, 'NftSf9kvaEMwvrlEyWKo1QCDshU2', 'Prince Tolentino', '2025-10-08 16:32:55', '2025-10-09 08:34:18', NULL, '-OaI_CBRxCNUYScosId9', '-OaF0Sp0pgZKkfQXuyK8', NULL, NULL, NULL, NULL),
('-Ob5NnFu4jTt_nkCZGtp', 'Add tabular format for task management', 'Add tabular format for task management', NULL, '-OaT0cTic_9BfOLzp2mv', NULL, 'status_0', NULL, NULL, NULL, 0, 'priority_1', NULL, NULL, NULL, 'NftSf9kvaEMwvrlEyWKo1QCDshU2', 'Prince Tolentino', NULL, NULL, NULL, NULL, 0, NULL, 'NftSf9kvaEMwvrlEyWKo1QCDshU2', 'Prince Tolentino', '2025-10-08 16:33:33', '2025-10-19 20:42:04', NULL, '-OaI_CBRxCNUYScosId9', '-OaF0Sp0pgZKkfQXuyK8', NULL, NULL, NULL, NULL),
('-Ob5O00XJ_0Nro-yg5xv', 'Billing', 'make the invoices functional', NULL, '-OaT0cTic_9BfOLzp2mv', NULL, 'status_0', NULL, NULL, NULL, 0, 'priority_0', NULL, NULL, NULL, 'NftSf9kvaEMwvrlEyWKo1QCDshU2', 'Prince Tolentino', NULL, NULL, NULL, NULL, 0, NULL, 'NftSf9kvaEMwvrlEyWKo1QCDshU2', 'Prince Tolentino', '2025-10-08 16:34:30', '2025-10-19 19:57:42', NULL, '-OaI_CBRxCNUYScosId9', '-OaF0Sp0pgZKkfQXuyK8', NULL, NULL, NULL, NULL),
('-Ob5OBkiLNNSSlJNYmPO', 'Payment Integrations', 'add payment integrations (wise, paypal, etc..)', NULL, '-OaT0cTic_9BfOLzp2mv', NULL, 'status_0', NULL, NULL, NULL, 0, 'priority_1', NULL, NULL, NULL, 'NftSf9kvaEMwvrlEyWKo1QCDshU2', 'Prince Tolentino', NULL, NULL, NULL, NULL, 0, NULL, 'NftSf9kvaEMwvrlEyWKo1QCDshU2', 'Prince Tolentino', '2025-10-08 16:35:18', '2025-10-12 18:45:26', NULL, '-OaI_CBRxCNUYScosId9', '-OaF0Sp0pgZKkfQXuyK8', NULL, NULL, NULL, NULL),
('-Ob5RN0ODEITXmbbrAS-', 'ChatGPT', 'Implement OpenAI', NULL, '-OaT0cTic_9BfOLzp2mv', NULL, 'status_0', NULL, NULL, NULL, 0, 'priority_1', NULL, NULL, NULL, 'NftSf9kvaEMwvrlEyWKo1QCDshU2', 'Prince Tolentino', NULL, NULL, NULL, NULL, 0, NULL, 'NftSf9kvaEMwvrlEyWKo1QCDshU2', 'Prince Tolentino', '2025-10-08 16:49:10', '2025-10-12 18:44:53', NULL, '-OaI_CBRxCNUYScosId9', '-OaF0Sp0pgZKkfQXuyK8', NULL, NULL, NULL, NULL),
('-Ob5UmLEEqfuPGRaJd9Z', 'Messages', 'Make it as a tab instead of widget (widget should be openai)', NULL, '-OaT0cTic_9BfOLzp2mv', NULL, 'status_0', NULL, NULL, NULL, 0, 'priority_1', NULL, NULL, NULL, 'NftSf9kvaEMwvrlEyWKo1QCDshU2', 'Prince Tolentino', NULL, NULL, NULL, NULL, 0, NULL, 'NftSf9kvaEMwvrlEyWKo1QCDshU2', 'Prince Tolentino', '2025-10-08 17:04:05', '2025-10-08 17:28:19', NULL, '-OaI_CBRxCNUYScosId9', '-OaF0Sp0pgZKkfQXuyK8', NULL, NULL, NULL, NULL),
('-Ob68U8v8oNLj-P3Duvb', 'Troubleshooting Bounced Emails', 'Troubleshooting Bounced Emails', NULL, '-OaYdHOb8K0Lnh1L68Op', NULL, 'status_2', NULL, NULL, NULL, 0, 'priority_0', NULL, NULL, NULL, 'UzY6A27FBYSJbDkjy9suM4aEdZ02', 'Emman Sadiang-abay', NULL, NULL, NULL, NULL, 0, NULL, 'UzY6A27FBYSJbDkjy9suM4aEdZ02', 'Emman Sadiang-abay', '2025-10-08 20:06:14', '2025-10-08 20:06:14', NULL, '-OaI_CBRxCNUYScosId9', '-OaF0Sp0pgZKkfQXuyK8', NULL, NULL, NULL, NULL),
('-Ob6ueY6zWMJrtz9m8DS', 'Welcome to nexiflow', 'add a guide for new users (those who have their own companies)', NULL, '-OaT0cTic_9BfOLzp2mv', NULL, 'status_0', NULL, NULL, NULL, 0, 'priority_0', NULL, NULL, NULL, 'NftSf9kvaEMwvrlEyWKo1QCDshU2', 'Prince Tolentino', NULL, NULL, NULL, NULL, 0, NULL, 'NftSf9kvaEMwvrlEyWKo1QCDshU2', 'Prince Tolentino', '2025-10-08 23:41:07', '2025-10-19 19:44:08', NULL, '-OaI_CBRxCNUYScosId9', '-OaF0Sp0pgZKkfQXuyK8', NULL, NULL, NULL, NULL),
('-Ob6ypTMXOnZroI6-dFg', 'Scrollable Sidebar', 'make the sidebar of nexiflow scrollable', NULL, '-OaT0cTic_9BfOLzp2mv', NULL, 'status_0', NULL, NULL, NULL, 0, 'priority_3', NULL, NULL, NULL, 'NftSf9kvaEMwvrlEyWKo1QCDshU2', 'Prince Tolentino', NULL, NULL, NULL, NULL, 0, NULL, 'NftSf9kvaEMwvrlEyWKo1QCDshU2', 'Prince Tolentino', '2025-10-08 23:59:21', '2025-10-12 18:45:23', NULL, '-OaI_CBRxCNUYScosId9', '-OaF0Sp0pgZKkfQXuyK8', NULL, NULL, NULL, NULL),
('-Ob72oJX40QenPNyLz4W', 'Add the description of every project in pdf export', 'Add the description of every project in pdf export', NULL, '-OaT0cTic_9BfOLzp2mv', NULL, 'status_0', NULL, NULL, NULL, 0, 'priority_0', NULL, NULL, NULL, 'NftSf9kvaEMwvrlEyWKo1QCDshU2', 'Prince Tolentino', NULL, NULL, NULL, NULL, 0, NULL, 'NftSf9kvaEMwvrlEyWKo1QCDshU2', 'Prince Tolentino', '2025-10-09 00:21:07', '2025-10-12 18:45:20', NULL, '-OaI_CBRxCNUYScosId9', '-OaF0Sp0pgZKkfQXuyK8', NULL, NULL, NULL, NULL),
('-Ob73lsEMhRtBdAnzqFz', 'Documentation', 'Rick 7 days pre wedding', NULL, '-OaT0cTic_9BfOLzp2mv', NULL, 'status_1', NULL, NULL, NULL, 0, 'priority_0', NULL, NULL, NULL, 'NftSf9kvaEMwvrlEyWKo1QCDshU2', 'Prince Tolentino', NULL, NULL, NULL, NULL, 0, NULL, 'NftSf9kvaEMwvrlEyWKo1QCDshU2', 'Prince Tolentino', '2025-10-09 00:25:19', '2025-10-09 08:34:27', NULL, '-OaIZ8yr0pOGhtB1jVPb', '-OaF0Sp0pgZKkfQXuyK8', NULL, NULL, NULL, NULL),
('-Ob75ERniW3LhPGwRMko', 'For Digital Products tasks', '- compile all freebie guide and modules links\n- put watermark in digital products (not all done)\n- create landing page for ulitimate nurture leads (undone)\n- make new poster for Ultimate Nurture Lead Guide\n- revised Task Flow Pro logo to NexiFlow', NULL, '-OaIvkJXHJFIemvsBT2o', NULL, 'status_1', NULL, NULL, NULL, 0, 'priority_2', NULL, NULL, NULL, 'dYMNyLpVH6XmDVMJk8QQMvj8NWX2', 'Ryan Gonzales', NULL, NULL, NULL, NULL, 0, NULL, 'dYMNyLpVH6XmDVMJk8QQMvj8NWX2', 'Ryan Gonzales', '2025-10-09 00:31:43', '2025-10-09 00:31:43', NULL, '-OaI_CBRxCNUYScosId9', '-OaF0Sp0pgZKkfQXuyK8', NULL, NULL, NULL, NULL),
('-Ob77plseyFuTtKOSWXw', 'Widget in the page', 'Widget in the page', '@Prince Tolentino test test test', '-OaT0cTic_9BfOLzp2mv', NULL, 'status_0', NULL, NULL, NULL, 0, 'priority_0', NULL, NULL, NULL, 'NftSf9kvaEMwvrlEyWKo1QCDshU2', 'Prince Tolentino', NULL, NULL, NULL, NULL, 0, NULL, 'NftSf9kvaEMwvrlEyWKo1QCDshU2', 'Prince Tolentino', '2025-10-09 00:43:03', '2025-10-19 20:29:32', NULL, '-OaI_CBRxCNUYScosId9', '-OaF0Sp0pgZKkfQXuyK8', NULL, NULL, NULL, NULL),
('-Ob78Oe7_UWS-72oYgke', 'Add a \"-\" to reengagement', 'form reengagement to re-engagement', NULL, '-OaT0cTic_9BfOLzp2mv', NULL, 'status_0', NULL, NULL, NULL, 0, 'priority_0', NULL, NULL, NULL, 'NftSf9kvaEMwvrlEyWKo1QCDshU2', 'Prince Tolentino', NULL, NULL, NULL, NULL, 0, NULL, 'NftSf9kvaEMwvrlEyWKo1QCDshU2', 'Prince Tolentino', '2025-10-09 00:45:30', '2025-10-12 18:45:16', NULL, '-OaI_CBRxCNUYScosId9', '-OaF0Sp0pgZKkfQXuyK8', NULL, NULL, NULL, NULL),
('-Ob7CotS4InDr6xyfTOe', 'Wise payment', 'configure the wise payment in automation', NULL, '-OaT0cTic_9BfOLzp2mv', NULL, 'status_0', NULL, NULL, NULL, 0, 'priority_0', NULL, NULL, NULL, 'NftSf9kvaEMwvrlEyWKo1QCDshU2', 'Prince Tolentino', NULL, NULL, NULL, NULL, 0, NULL, 'NftSf9kvaEMwvrlEyWKo1QCDshU2', 'Prince Tolentino', '2025-10-09 01:04:50', '2025-10-12 18:45:11', NULL, '-OaI_CBRxCNUYScosId9', '-OaF0Sp0pgZKkfQXuyK8', NULL, NULL, NULL, NULL),
('-Oba299RXcpqdhqInWjV', 'Continuation of 7 Days AI Marketing', 'Continuation of 7 Days AI Marketing', NULL, '-OaJ3VQkP7LaViJAr_1N', NULL, 'status_0', NULL, NULL, NULL, 0, 'priority_0', NULL, NULL, NULL, 'UzY6A27FBYSJbDkjy9suM4aEdZ02', 'Emman Sadiang-abay', NULL, NULL, NULL, NULL, 0, NULL, 'UzY6A27FBYSJbDkjy9suM4aEdZ02', 'Emman Sadiang-abay', '2025-10-14 20:06:51', '2025-10-14 20:06:54', NULL, '-OaI_CBRxCNUYScosId9', '-OaF0Sp0pgZKkfQXuyK8', NULL, NULL, NULL, NULL),
('-Obb5LeThI-Tx7ldugN9', 'Cynthia Logo Revise', ' - Change book to new AI content', NULL, '-OaT0cTic_9BfOLzp2mv', NULL, 'status_1', NULL, NULL, NULL, 0, 'priority_1', NULL, NULL, NULL, 'dYMNyLpVH6XmDVMJk8QQMvj8NWX2', 'Ryan Gonzales', NULL, NULL, NULL, NULL, 0, NULL, 'dYMNyLpVH6XmDVMJk8QQMvj8NWX2', 'Ryan Gonzales', '2025-10-15 01:00:28', '2025-10-20 17:37:18', NULL, '-OaI_CBRxCNUYScosId9', '-OaF0Sp0pgZKkfQXuyK8', NULL, NULL, NULL, NULL),
('-ObBHr7iocDf_LUc-R5R', 'Troubleshooting of email, continuation of migration of funnels', 'Troubleshooting of email, continuation of migration of funnels', NULL, '-OaIvkJXHJFIemvsBT2o', NULL, 'status_0', NULL, NULL, NULL, 0, 'priority_0', NULL, NULL, NULL, 'UzY6A27FBYSJbDkjy9suM4aEdZ02', 'Emman Sadiang-abay', NULL, NULL, NULL, NULL, 0, NULL, 'UzY6A27FBYSJbDkjy9suM4aEdZ02', 'Emman Sadiang-abay', '2025-10-09 20:05:17', '2025-10-13 18:02:30', NULL, '-OaI_CBRxCNUYScosId9', '-OaF0Sp0pgZKkfQXuyK8', NULL, NULL, NULL, NULL),
('-ObC8f8SSVJDmLFPQx_p', 'Revisions of Medicare Batch 2', 'Revised Reels of Medicare 1,2 and 3 of Batch 2 and Create Reels for november event', NULL, '-OaIvcxkKmxNcutRyzCt', NULL, 'status_3', NULL, NULL, NULL, 0, 'priority_0', NULL, NULL, NULL, 'ZFaIkP4hL3VaGNFYXzlNxrXHZOj1', 'Rommel Estopar', NULL, '2025-10-10', NULL, NULL, 0, NULL, 'ZFaIkP4hL3VaGNFYXzlNxrXHZOj1', 'Rommel Estopar', '2025-10-10 00:04:42', '2025-10-10 00:04:42', NULL, '-OaIYo78nCaQGrX-vwGK', '-OaF0Sp0pgZKkfQXuyK8', NULL, NULL, NULL, NULL),
('-ObC8qePiIzz32F5xi1z', 'November Event ', 'Video 4 is ongoing', NULL, '-OaIvcxkKmxNcutRyzCt', 'Reels', 'status_1', NULL, NULL, NULL, 0, 'priority_0', NULL, NULL, NULL, 'ZFaIkP4hL3VaGNFYXzlNxrXHZOj1', 'Rommel Estopar', NULL, NULL, NULL, NULL, 0, NULL, 'ZFaIkP4hL3VaGNFYXzlNxrXHZOj1', 'Rommel Estopar', '2025-10-10 00:05:29', '2025-10-10 00:05:59', NULL, '-OaIYo78nCaQGrX-vwGK', '-OaF0Sp0pgZKkfQXuyK8', NULL, NULL, NULL, NULL),
('-ObCNLiADnMbsWWmlVBg', 'Nexistry Digtial Solutions - Digital Product Tasks', '- create landing page for ulitimate nurture leads Done\n- content documents to canva designed downloadable for Ultimate Nurture guide (4.5/12)\n', NULL, '-OaT0cTic_9BfOLzp2mv', NULL, 'status_1', NULL, NULL, NULL, 0, 'priority_2', NULL, NULL, NULL, 'dYMNyLpVH6XmDVMJk8QQMvj8NWX2', 'Ryan Gonzales', NULL, NULL, NULL, NULL, 0, NULL, 'dYMNyLpVH6XmDVMJk8QQMvj8NWX2', 'Ryan Gonzales', '2025-10-10 01:08:58', '2025-10-20 17:37:33', NULL, '-OaI_CBRxCNUYScosId9', '-OaF0Sp0pgZKkfQXuyK8', NULL, NULL, NULL, NULL),
('-ObDcJJdFJNtqA_f1htN', 'test for team details', 'test for team details', NULL, '-OaT0cTic_9BfOLzp2mv', NULL, 'status_1', NULL, NULL, NULL, 0, 'priority_0', NULL, NULL, NULL, 'NftSf9kvaEMwvrlEyWKo1QCDshU2', 'Prince Tolentino', NULL, NULL, NULL, NULL, 0, NULL, 'QbclXdG1I1craJqYsGcVQSY7i9L2', 'Test Super Admin', '2025-10-10 06:58:18', '2025-10-14 05:31:46', NULL, '-Oab_XqY1Dzr24DDGp0v', '-OaF0Sp0pgZKkfQXuyK8', NULL, NULL, NULL, NULL),
('-Obep4WOizJaxMENPTA-', 'add a new page for commision sales', 'google sheet link: \nform link:\nsales link:\n\nsa salesperson form, after makagawa ng account may mag send sa email, sa email content dapat makapunta siya sa website na kung saan makikita yung details nila kung magkano nabenta. then internal notif.\n\nnext is connect another sheet sa salesperson sheet (needs relational database-like structure sa google sheets)', NULL, '-OaT0cTic_9BfOLzp2mv', NULL, 'status_0', NULL, NULL, NULL, 0, 'priority_0', NULL, NULL, NULL, 'NftSf9kvaEMwvrlEyWKo1QCDshU2', 'Prince Tolentino', NULL, NULL, NULL, NULL, 0, NULL, 'NftSf9kvaEMwvrlEyWKo1QCDshU2', 'Prince Tolentino', '2025-10-15 18:23:29', '2025-10-19 16:26:24', NULL, '-OaI_CBRxCNUYScosId9', '-OaF0Sp0pgZKkfQXuyK8', NULL, NULL, NULL, NULL),
('-Obg6opftUmXXqhO6HK5', 'Cynthia', 'gawa ng form para sa google sheets then appscript tas go to inbound webhook', NULL, '-OaT0cTic_9BfOLzp2mv', NULL, 'status_0', NULL, NULL, NULL, 0, 'priority_0', NULL, NULL, NULL, 'NftSf9kvaEMwvrlEyWKo1QCDshU2', 'Prince Tolentino', NULL, NULL, NULL, NULL, 0, NULL, 'NftSf9kvaEMwvrlEyWKo1QCDshU2', 'Prince Tolentino', '2025-10-16 00:24:59', '2025-10-19 16:27:45', NULL, '-OaI_CBRxCNUYScosId9', '-OaF0Sp0pgZKkfQXuyK8', NULL, NULL, NULL, NULL),
('-Obg8GOtAw8-_cnsfZaX', 'Automation ', 'Automation of SMS from GoToMyPC', NULL, '-OaJ3VQkP7LaViJAr_1N', 'Automation', 'status_3', NULL, NULL, NULL, 0, 'priority_0', NULL, NULL, NULL, 'ZFaIkP4hL3VaGNFYXzlNxrXHZOj1', 'Rommel Estopar', NULL, NULL, NULL, NULL, 0, NULL, 'ZFaIkP4hL3VaGNFYXzlNxrXHZOj1', 'Rommel Estopar', '2025-10-16 00:31:11', '2025-10-20 19:55:55', NULL, '-OaI_CBRxCNUYScosId9', '-OaF0Sp0pgZKkfQXuyK8', NULL, NULL, NULL, NULL),
('-ObgY1PgD7YAUUW_2dWN', 'Payment Forms', 'ilipat sa ibang funnel yung payment forms\nchange yung form ng button lang', NULL, '-OaT0cTic_9BfOLzp2mv', NULL, 'status_0', NULL, NULL, NULL, 0, 'priority_0', NULL, NULL, NULL, 'NftSf9kvaEMwvrlEyWKo1QCDshU2', 'Prince Tolentino', NULL, NULL, NULL, NULL, 0, NULL, 'NftSf9kvaEMwvrlEyWKo1QCDshU2', 'Prince Tolentino', '2025-10-16 02:23:52', '2025-10-19 16:27:02', NULL, '-OaI_CBRxCNUYScosId9', '-OaF0Sp0pgZKkfQXuyK8', NULL, NULL, NULL, NULL),
('-ObhnqgTyVG2t6pJSdEd', 'General Tasks', '- Make new 4 thumbnails for:\nPART 1: Time Leaks That Hurt Your Growth\nPART 2: 10 Plug And Play Automations You Can Start With\nPART 3: Tools That Work With Any Business\nBONUS: Visual Preview - Sample AI Workflow Map\n\nhttps://www.canva.com/design/DAG16US9ZKk/Aa8oM2pbJIEldbNG0Dvq7A/edit?utm_content=DAG16US9ZKk&utm_campaign=designshare&utm_medium=link2&utm_source=sharebutton\n\n- Make new reel for Oct 16, 2025 content\nhttps://www.canva.com/design/DAG16VnGaHs/Wea7rTtJ7-0pcpg_Wwmllg/edit', NULL, '-OaT0cTic_9BfOLzp2mv', NULL, 'status_3', NULL, NULL, NULL, 0, 'priority_1', NULL, NULL, NULL, 'dYMNyLpVH6XmDVMJk8QQMvj8NWX2', 'Ryan Gonzales', NULL, NULL, NULL, NULL, 0, NULL, 'dYMNyLpVH6XmDVMJk8QQMvj8NWX2', 'Ryan Gonzales', '2025-10-16 08:16:58', '2025-10-16 08:16:58', NULL, '-OaI_CBRxCNUYScosId9', '-OaF0Sp0pgZKkfQXuyK8', NULL, NULL, NULL, NULL),
('-ObkZxplVGhpIzvZ_43N', 'Reg Form Sales Commission', 'pagka nagsagot sila dapat may makukuhang email. saying thank you and welcome to nexistry.', NULL, '-OaT0cTic_9BfOLzp2mv', 'General Task', 'status_0', NULL, NULL, NULL, 0, 'priority_0', NULL, NULL, NULL, 'NftSf9kvaEMwvrlEyWKo1QCDshU2', 'Prince Tolentino', NULL, NULL, NULL, NULL, 0, NULL, 'NftSf9kvaEMwvrlEyWKo1QCDshU2', 'Prince Tolentino', '2025-10-16 21:10:46', '2025-10-19 16:26:58', NULL, '-OaI_CBRxCNUYScosId9', '-OaF0Sp0pgZKkfQXuyK8', NULL, NULL, NULL, NULL),
('-Obk_eSglMW4Az_7EDc8', 'This needs to be fixed', 'may issues sa pagpasok ng google sheets. nausog yung form. tas i-make sure na nasesendan din si billy.', NULL, '-OaT0cTic_9BfOLzp2mv', 'General Task', 'status_0', NULL, NULL, NULL, 0, 'priority_0', NULL, NULL, NULL, 'NftSf9kvaEMwvrlEyWKo1QCDshU2', 'Prince Tolentino', NULL, NULL, NULL, NULL, 0, NULL, 'NftSf9kvaEMwvrlEyWKo1QCDshU2', 'Prince Tolentino', '2025-10-16 21:13:49', '2025-10-19 16:27:19', NULL, '-OaI_CBRxCNUYScosId9', '-OaF0Sp0pgZKkfQXuyK8', NULL, NULL, NULL, NULL),
('-Oblq8N_KfnzskvwqNdT', 'Create Thank you page - Form', 'Create Thank you page - Form (for digital product related)', NULL, '-OaT0cTic_9BfOLzp2mv', NULL, 'status_3', NULL, NULL, NULL, 0, 'priority_2', NULL, NULL, NULL, 'dYMNyLpVH6XmDVMJk8QQMvj8NWX2', 'Ryan Gonzales', NULL, NULL, NULL, NULL, 0, NULL, 'dYMNyLpVH6XmDVMJk8QQMvj8NWX2', 'Ryan Gonzales', '2025-10-17 03:05:28', '2025-10-17 03:05:28', NULL, '-OaI_CBRxCNUYScosId9', '-OaF0Sp0pgZKkfQXuyK8', NULL, NULL, NULL, NULL),
('-OblqGvxgbgDV8fAa5f8', '7-DAY PRE-LAUNCH CONTENT STRATEGY ', '- Create contents for 7-DAY PRE-LAUNCH CONTENT STRATEGY 7/7\n-monday static done (2 options)\n-wednesday carousel done \n-friday static done (2 options)\n-DAY 2 (TUESDAY) - REEL\n-DAY 4 (THURSDAY) - REEL \n-DAY 6 (SATURDAY) - CAROUSEL', NULL, '-OaT0cTic_9BfOLzp2mv', 'General Task', 'status_1', NULL, NULL, NULL, 0, 'priority_2', NULL, NULL, NULL, 'dYMNyLpVH6XmDVMJk8QQMvj8NWX2', 'Ryan Gonzales', NULL, NULL, NULL, NULL, 0, NULL, 'dYMNyLpVH6XmDVMJk8QQMvj8NWX2', 'Ryan Gonzales', '2025-10-17 03:06:03', '2025-10-20 17:37:09', NULL, '-OaI_CBRxCNUYScosId9', '-OaF0Sp0pgZKkfQXuyK8', NULL, NULL, NULL, NULL),
('-OblqTYg0mQ0MaUX7nEK', 'The Farm Plumeria Road add section', 'The Farm Plumeria Road - Add Video section and Fixed photo gallery sections (Homepage) ', NULL, '-OaT0cTic_9BfOLzp2mv', 'General Task', 'status_3', NULL, NULL, NULL, 0, 'priority_2', NULL, NULL, NULL, 'dYMNyLpVH6XmDVMJk8QQMvj8NWX2', 'Ryan Gonzales', NULL, NULL, NULL, NULL, 0, NULL, 'dYMNyLpVH6XmDVMJk8QQMvj8NWX2', 'Ryan Gonzales', '2025-10-17 03:06:55', '2025-10-20 05:44:02', NULL, '-OaIZ8yr0pOGhtB1jVPb', '-OaF0Sp0pgZKkfQXuyK8', NULL, NULL, NULL, NULL),
('-ObQT5k1_HAG_NVOCObr', 'Ultimate Roadmap Fixes', 'visit this link: https://ultimateroadmapcourse.nexistrydigitalsolutions.com/digital-product-the-ultimate-lead-nurture-roadmap\n\nfix the pop up in mobile view. \nthe 96% and 91%. which is correct?\nOffer Expires: This week\nchange the link for pay with wise button. link is: https://wise.com/pay/r/XM0q3yA_IIka6QI\n\nadd terms and agreement for paypal and wise.\nhide the submit button in paypal.', NULL, '-OaT0cTic_9BfOLzp2mv', 'General Task', 'status_0', NULL, NULL, NULL, 0, 'priority_0', NULL, NULL, NULL, 'NftSf9kvaEMwvrlEyWKo1QCDshU2', 'Prince Tolentino', NULL, NULL, NULL, NULL, 0, NULL, 'NftSf9kvaEMwvrlEyWKo1QCDshU2', 'Prince Tolentino', '2025-10-12 18:48:45', '2025-10-14 05:31:41', NULL, '-OaI_CBRxCNUYScosId9', '-OaF0Sp0pgZKkfQXuyK8', NULL, NULL, NULL, NULL),
('-ObQYQea_WuTU4ELVAjJ', 'Documentation', 'visit and track the documentation for email marketing. link is https://docs.google.com/document/d/1-mpE2yR7AlBJUfVTKLvGRAkXqHdABACXfmsLnctr2c8/edit?tab=t.0\n', NULL, '-OaT0cTic_9BfOLzp2mv', NULL, 'status_0', NULL, NULL, NULL, 0, 'priority_0', NULL, NULL, NULL, 'NftSf9kvaEMwvrlEyWKo1QCDshU2', 'Prince Tolentino', NULL, NULL, NULL, NULL, 0, NULL, 'NftSf9kvaEMwvrlEyWKo1QCDshU2', 'Prince Tolentino', '2025-10-12 19:12:01', '2025-10-22 01:19:06', NULL, '-OaI_CBRxCNUYScosId9', '-OaF0Sp0pgZKkfQXuyK8', NULL, NULL, NULL, NULL),
('-ObR4m51wkIL9LFOaq6T', 'Free guide 1', 'intro and part 1 pagsamahin\n\ndagdag ang congrats on completing the course. benefits pa', NULL, '-OaT0cTic_9BfOLzp2mv', NULL, 'status_0', NULL, NULL, NULL, 0, 'priority_0', NULL, NULL, NULL, 'NftSf9kvaEMwvrlEyWKo1QCDshU2', 'Prince Tolentino', NULL, NULL, NULL, NULL, 0, NULL, 'NftSf9kvaEMwvrlEyWKo1QCDshU2', 'Prince Tolentino', '2025-10-12 21:42:06', '2025-10-14 16:10:26', NULL, '-OaI_CBRxCNUYScosId9', '-OaF0Sp0pgZKkfQXuyK8', NULL, NULL, NULL, NULL),
('-ObR7DvWIOqb--vSEmDk', 'Test 1.1', 'demo website.\n\ncopy the idea: https://www.soccerstars.com/\ncustomer\'s preferred website: https://www.brotherstownsvillefc.com/\nmaglagay ng mga animation sa css\nkuha ng pics sa fb as assets. fb is: https://www.facebook.com/townsvillewarriorsfc/photos\nlagay sa footer ng 2025 by Powered by Elevate Hub', NULL, '-OaT0cTic_9BfOLzp2mv', NULL, 'status_0', NULL, NULL, NULL, 0, 'priority_0', NULL, NULL, NULL, 'NftSf9kvaEMwvrlEyWKo1QCDshU2', 'Prince Tolentino', NULL, NULL, NULL, NULL, 0, NULL, 'NftSf9kvaEMwvrlEyWKo1QCDshU2', 'Prince Tolentino', '2025-10-12 21:52:48', '2025-10-14 03:47:35', NULL, '-OaI_CBRxCNUYScosId9', '-OaF0Sp0pgZKkfQXuyK8', NULL, NULL, NULL, NULL),
('-ObRd9glHJ8l2QadTQN_', 'Blog', 'Vomiting blog', NULL, '-OaT0cTic_9BfOLzp2mv', NULL, 'status_3', NULL, NULL, NULL, 0, 'priority_0', NULL, NULL, NULL, 'ZFaIkP4hL3VaGNFYXzlNxrXHZOj1', 'Rommel Estopar', NULL, NULL, NULL, NULL, 0, NULL, 'ZFaIkP4hL3VaGNFYXzlNxrXHZOj1', 'Rommel Estopar', '2025-10-13 00:16:36', '2025-10-13 00:16:36', NULL, '-OaIYo78nCaQGrX-vwGK', '-OaF0Sp0pgZKkfQXuyK8', NULL, NULL, NULL, NULL),
('-ObRdfG__c_vCGK9CWe5', 'Blog', 'Beet blog', NULL, '-OaT0cTic_9BfOLzp2mv', 'General Task', 'status_3', NULL, NULL, NULL, 0, 'priority_0', NULL, NULL, NULL, 'ZFaIkP4hL3VaGNFYXzlNxrXHZOj1', 'Rommel Estopar', NULL, NULL, NULL, NULL, 0, NULL, 'ZFaIkP4hL3VaGNFYXzlNxrXHZOj1', 'Rommel Estopar', '2025-10-13 00:18:49', '2025-10-16 00:31:33', NULL, '-OaIYo78nCaQGrX-vwGK', '-OaF0Sp0pgZKkfQXuyK8', NULL, NULL, NULL, NULL),
('-ObRdLsreisIgU_RSEsn', 'Blog', 'kidneys and vitamins blog', NULL, '-OaT0cTic_9BfOLzp2mv', 'General Task', 'status_3', NULL, NULL, NULL, 0, 'priority_0', NULL, NULL, NULL, 'ZFaIkP4hL3VaGNFYXzlNxrXHZOj1', 'Rommel Estopar', NULL, NULL, NULL, NULL, 0, NULL, 'ZFaIkP4hL3VaGNFYXzlNxrXHZOj1', 'Rommel Estopar', '2025-10-13 00:17:26', '2025-10-14 00:06:22', NULL, '-OaIYo78nCaQGrX-vwGK', '-OaF0Sp0pgZKkfQXuyK8', NULL, NULL, NULL, NULL),
('-ObRdWdxC5TwzEVi7lSy', 'Blog', 'Magnesium blog', NULL, '-OaT0cTic_9BfOLzp2mv', 'General Task', 'status_3', NULL, NULL, NULL, 0, 'priority_0', NULL, NULL, NULL, 'ZFaIkP4hL3VaGNFYXzlNxrXHZOj1', 'Rommel Estopar', NULL, NULL, NULL, NULL, 0, NULL, 'ZFaIkP4hL3VaGNFYXzlNxrXHZOj1', 'Rommel Estopar', '2025-10-13 00:18:10', '2025-10-15 01:07:19', NULL, '-OaIYo78nCaQGrX-vwGK', '-OaF0Sp0pgZKkfQXuyK8', NULL, NULL, NULL, NULL),
('-ObRYA7jEyNf2sBe9jos', 'Basis: Cake.com', 'base our website to be like cake', NULL, '-OaT0cTic_9BfOLzp2mv', NULL, 'status_0', NULL, NULL, NULL, 0, 'priority_0', NULL, NULL, NULL, 'NftSf9kvaEMwvrlEyWKo1QCDshU2', 'Prince Tolentino', NULL, NULL, NULL, NULL, 0, NULL, 'NftSf9kvaEMwvrlEyWKo1QCDshU2', 'Prince Tolentino', '2025-10-12 23:50:30', '2025-10-12 23:50:30', NULL, '-OaI_CBRxCNUYScosId9', '-OaF0Sp0pgZKkfQXuyK8', NULL, NULL, NULL, NULL),
('-ObVgt50Ex7WNExsBM8G', 'Migration', 'Continuation migration of Funnels', NULL, '-OaIvkJXHJFIemvsBT2o', NULL, 'status_1', NULL, NULL, NULL, 0, 'priority_0', NULL, NULL, NULL, 'UzY6A27FBYSJbDkjy9suM4aEdZ02', 'Emman Sadiang-abay', NULL, NULL, NULL, NULL, 0, NULL, 'UzY6A27FBYSJbDkjy9suM4aEdZ02', 'Emman Sadiang-abay', '2025-10-13 19:11:30', '2025-10-14 20:06:57', NULL, '-OaI_CBRxCNUYScosId9', '-OaF0Sp0pgZKkfQXuyK8', NULL, NULL, NULL, NULL),
('-ObVoYj4MUspoqvvmxx6', 'After Free Guide 2', 'after matapos yung lead nurture free, may mag send ng email na kung gusto niya yung ultimate', NULL, '-OaT0cTic_9BfOLzp2mv', NULL, 'status_0', NULL, NULL, NULL, 0, 'priority_0', NULL, NULL, NULL, 'NftSf9kvaEMwvrlEyWKo1QCDshU2', 'Prince Tolentino', NULL, NULL, NULL, NULL, 0, NULL, 'NftSf9kvaEMwvrlEyWKo1QCDshU2', 'Prince Tolentino', '2025-10-13 19:44:57', '2025-10-14 16:17:50', NULL, '-OaI_CBRxCNUYScosId9', '-OaF0Sp0pgZKkfQXuyK8', NULL, NULL, NULL, NULL),
('-ObVUgy5tYGQfWmcZF1f', 'Blog ', 'Blog on antibiotics', NULL, '-OaT0cTic_9BfOLzp2mv', 'General Task', 'status_3', NULL, NULL, NULL, 0, 'priority_0', NULL, NULL, NULL, 'ZFaIkP4hL3VaGNFYXzlNxrXHZOj1', 'Rommel Estopar', NULL, NULL, NULL, NULL, 0, NULL, 'ZFaIkP4hL3VaGNFYXzlNxrXHZOj1', 'Rommel Estopar', '2025-10-13 18:13:44', '2025-10-17 00:23:49', NULL, '-OaIYo78nCaQGrX-vwGK', '-OaF0Sp0pgZKkfQXuyK8', NULL, NULL, NULL, NULL),
('-ObVUtB-iWDAwzZl0FWn', 'Blog ', 'Blog for vitamins', NULL, '-OaT0cTic_9BfOLzp2mv', 'General Task', 'status_3', NULL, NULL, NULL, 0, 'priority_0', NULL, NULL, NULL, 'ZFaIkP4hL3VaGNFYXzlNxrXHZOj1', 'Rommel Estopar', NULL, NULL, NULL, NULL, 0, NULL, 'ZFaIkP4hL3VaGNFYXzlNxrXHZOj1', 'Rommel Estopar', '2025-10-13 18:14:34', '2025-10-20 00:06:25', NULL, '-OaIYo78nCaQGrX-vwGK', '-OaF0Sp0pgZKkfQXuyK8', NULL, NULL, NULL, NULL),
('-ObWmIVyVxFOQI_QENcD', 'Nexistry Tasks - Ulitimate Roadmap Courses', '- Ultimate Roadmap Courses (12/12)\nThe 5 Phase Lead Nurture Framework\nhttps://www.canva.com/design/DAG1W7SQ8RA/wE2jdVJb952lbz223hbEqQ/edit\n\n21 Copy Paste Email Templates\nhttps://www.canva.com/design/DAG1W2bx5pY/zE_vDgi8LJv0mgHNOsiFUg/edit\n\nThe Perfect Timing Formula\nhttps://www.canva.com/design/DAG1W-TeSmk/__khcJLhwtHLdPlVID129g/edit\n\nAdvanced Segmentation Masterclass\nhttps://www.canva.com/design/DAG10loHPtU/x44oCeF0qC-EEo3l30LpYw/edit\n\nFree Automation Tools Tutorial\nhttps://www.canva.com/design/DAG1qs1mrjc/kT3Pe0RuKCi4d-0i2Y5dbw/edit\n\nThe Value Ladder Method\nhttps://www.canva.com/design/DAG1veoTfp0/HZAzcJSqaSbKaj-OlO19kg/edit\n\nReal Case Studies and Results\nhttps://www.canva.com/design/DAG1X7dubbI/R7vJkrBqm-fvErFwF2jsRw/edit\n\n90 Day Content Calendar\nhttps://www.canva.com/design/DAG1XRuQ2cI/HifSyjyP3tGqjoxev6NJvw/edit\n\nThe Re- Engagement Campaign\nhttps://www.canva.com/design/DAG1vvN0Irc/SzQDy7l7e-hptZPPZflbiQ/edit\n\nObjection Crushing Scripts\nhttps://www.canva.com/design/DAG1un0ZHhk/ZDp4ap4mQalJmNqfb-DPJg/edit\n\nConversion Metrics Dashboard\nhttps://www.canva.com/design/DAG11Msvutw/ZkhASStnV3XAm0YJKulH7Q/edit\n\nBONUS: The Invisible Selling Technique\nhttps://www.canva.com/design/DAG11xCVkKw/M3zhpu0CJfWllFQ8UKhd-g/edit\n', NULL, '-OaT0cTic_9BfOLzp2mv', 'General Task', 'status_3', NULL, NULL, NULL, 0, 'priority_2', NULL, NULL, NULL, 'dYMNyLpVH6XmDVMJk8QQMvj8NWX2', 'Ryan Gonzales', NULL, NULL, NULL, NULL, 0, NULL, 'dYMNyLpVH6XmDVMJk8QQMvj8NWX2', 'Ryan Gonzales', '2025-10-14 00:14:48', '2025-10-15 01:01:30', NULL, '-OaI_CBRxCNUYScosId9', '-OaF0Sp0pgZKkfQXuyK8', NULL, NULL, NULL, NULL),
('-ObWmXYo8B2ephZLZOS4', 'Billy - Re-do Logo', 'Re-do Logo (Cooper Insurance Agency)', NULL, '-OaT0cTic_9BfOLzp2mv', NULL, 'status_3', NULL, NULL, NULL, 0, 'priority_1', NULL, NULL, NULL, 'dYMNyLpVH6XmDVMJk8QQMvj8NWX2', 'Ryan Gonzales', NULL, NULL, NULL, NULL, 0, NULL, 'dYMNyLpVH6XmDVMJk8QQMvj8NWX2', 'Ryan Gonzales', '2025-10-14 00:15:50', '2025-10-14 00:15:50', NULL, '-OaI_CBRxCNUYScosId9', '-OaF0Sp0pgZKkfQXuyK8', NULL, NULL, NULL, NULL),
('-ObyzMwTFVmGfjJz88EZ', 'Blog', 'Blog Pressure too low', NULL, '-OaT0cTic_9BfOLzp2mv', 'General Task', 'status_3', NULL, NULL, NULL, 0, 'priority_0', NULL, NULL, NULL, 'ZFaIkP4hL3VaGNFYXzlNxrXHZOj1', 'Rommel Estopar', NULL, NULL, NULL, NULL, 0, NULL, 'ZFaIkP4hL3VaGNFYXzlNxrXHZOj1', 'Rommel Estopar', '2025-10-19 16:20:42', '2025-10-23 00:42:51', NULL, '-OaIYo78nCaQGrX-vwGK', '-OaF0Sp0pgZKkfQXuyK8', NULL, NULL, NULL, NULL),
('-ObyznKal-4wwjvolmUG', 'Blog', 'Panic Attack vs. Heart Attack: How to Tell the Difference and Why It Matters Blog', NULL, '-OaT0cTic_9BfOLzp2mv', 'General Task', 'status_3', NULL, NULL, NULL, 0, 'priority_0', NULL, NULL, NULL, 'ZFaIkP4hL3VaGNFYXzlNxrXHZOj1', 'Rommel Estopar', NULL, NULL, NULL, NULL, 0, NULL, 'ZFaIkP4hL3VaGNFYXzlNxrXHZOj1', 'Rommel Estopar', '2025-10-19 16:22:34', '2025-10-22 16:24:15', NULL, '-OaIYo78nCaQGrX-vwGK', '-OaF0Sp0pgZKkfQXuyK8', NULL, NULL, NULL, NULL),
('-ObyzyxndTGPPGO2H8eT', 'Blog', 'Can You Safely Stop Taking Statins? What to Know Before You Quit Blog', NULL, '-OaT0cTic_9BfOLzp2mv', 'General Task', 'status_3', NULL, NULL, NULL, 0, 'priority_0', NULL, NULL, NULL, 'ZFaIkP4hL3VaGNFYXzlNxrXHZOj1', 'Rommel Estopar', NULL, NULL, NULL, NULL, 0, NULL, 'ZFaIkP4hL3VaGNFYXzlNxrXHZOj1', 'Rommel Estopar', '2025-10-19 16:23:21', '2025-10-26 23:12:28', NULL, '-OaIYo78nCaQGrX-vwGK', '-OaF0Sp0pgZKkfQXuyK8', NULL, NULL, NULL, NULL),
('-Obyz_WtcF46g3Rud05p', 'Blog', 'What’s the safest cholesterol medication? blog', NULL, '-OaT0cTic_9BfOLzp2mv', 'General Task', 'status_3', NULL, NULL, NULL, 0, 'priority_0', NULL, NULL, NULL, 'ZFaIkP4hL3VaGNFYXzlNxrXHZOj1', 'Rommel Estopar', NULL, NULL, NULL, NULL, 0, NULL, 'ZFaIkP4hL3VaGNFYXzlNxrXHZOj1', 'Rommel Estopar', '2025-10-19 16:21:37', '2025-10-22 16:24:52', NULL, '-OaIYo78nCaQGrX-vwGK', '-OaF0Sp0pgZKkfQXuyK8', NULL, NULL, NULL, NULL),
('-Obz-CiRyIRft7POdGg_', 'Blog', 'How to Transfer Your Prescriptions to a New Pharmacy (Without the Headache) Blog', NULL, '-OaT0cTic_9BfOLzp2mv', 'General Task', 'status_3', NULL, NULL, NULL, 0, 'priority_0', NULL, NULL, NULL, 'ZFaIkP4hL3VaGNFYXzlNxrXHZOj1', 'Rommel Estopar', NULL, NULL, NULL, NULL, 0, NULL, 'ZFaIkP4hL3VaGNFYXzlNxrXHZOj1', 'Rommel Estopar', '2025-10-19 16:24:22', '2025-10-21 16:29:35', NULL, '-OaIYo78nCaQGrX-vwGK', '-OaF0Sp0pgZKkfQXuyK8', NULL, NULL, NULL, NULL),
('-Ob_HzGb21yHcT59qU44', 'EDS Features Demo Page', 'baguhin instead of phone number gawing web call', NULL, '-OaT0cTic_9BfOLzp2mv', NULL, 'status_0', NULL, NULL, NULL, 0, 'priority_0', NULL, NULL, NULL, 'NftSf9kvaEMwvrlEyWKo1QCDshU2', 'Prince Tolentino', NULL, NULL, NULL, NULL, 0, NULL, 'NftSf9kvaEMwvrlEyWKo1QCDshU2', 'Prince Tolentino', '2025-10-14 16:36:24', '2025-10-19 16:26:20', NULL, '-OaI_CBRxCNUYScosId9', '-OaF0Sp0pgZKkfQXuyK8', NULL, NULL, NULL, NULL),
('-Oc2w7K9_dKfCwxL6jb6', 'Knowledge Base Creation', 'Website Creation of Nexistry Core Knowledge Base', NULL, '-OaT0cTic_9BfOLzp2mv', NULL, 'status_1', NULL, NULL, NULL, 0, 'priority_0', NULL, NULL, NULL, '9gcUwwHP9vRYPW2tUKso2eAscdw1', 'Daniel Rillera', NULL, '2025-10-20', NULL, NULL, 0, NULL, '9gcUwwHP9vRYPW2tUKso2eAscdw1', 'Daniel Rillera', '2025-10-20 15:24:45', '2025-10-20 15:24:45', NULL, '-OaI_CBRxCNUYScosId9', '-OaF0Sp0pgZKkfQXuyK8', NULL, NULL, NULL, NULL),
('-Oc3YCUjC1-jSaYOL2_A', 'EDS Docs', 'gawa ng docs sa test 1.1 for warriors\n\n', NULL, '-OaT0cTic_9BfOLzp2mv', NULL, 'status_0', NULL, NULL, NULL, 0, 'priority_0', NULL, NULL, NULL, 'NftSf9kvaEMwvrlEyWKo1QCDshU2', 'Prince Tolentino', NULL, NULL, NULL, NULL, 0, NULL, 'NftSf9kvaEMwvrlEyWKo1QCDshU2', 'Prince Tolentino', '2025-10-20 18:15:29', '2025-10-20 18:15:29', NULL, '-OaI_CBRxCNUYScosId9', '-OaF0Sp0pgZKkfQXuyK8', NULL, NULL, NULL, NULL),
('-Oc5GS_GrC6TckHE8BLB', 'EDS Website Rebuild (Test 1.1) - From Heal with Joan', '- Completed Pages (Mobile & Desktop): Home, About, Contact, Book Online, Plan & Pricing\n- Unblur Logo\n- Navigation buttons and other buttons aside from book now are linked .\n- Action Required: Add product/shopping cart functionality based on the original website reference.\n\nOct-22-2025\n- A booking calendar was implemented.\n- Continued website revisions, including:\n- Button functionality updates.\n- Minor edits (e.g., text justification, paddings, mobile responsiveness, and other small adjustments).', NULL, '-OaIhXBNjt7lAZeTWFVs', NULL, 'status_2', NULL, NULL, NULL, 0, 'priority_2', NULL, NULL, NULL, 'dYMNyLpVH6XmDVMJk8QQMvj8NWX2', 'Ryan Gonzales', NULL, NULL, NULL, NULL, 0, NULL, 'dYMNyLpVH6XmDVMJk8QQMvj8NWX2', 'Ryan Gonzales', '2025-10-21 02:17:12', '2025-10-22 00:59:17', NULL, '-OaIZ8yr0pOGhtB1jVPb', '-OaF0Sp0pgZKkfQXuyK8', NULL, NULL, NULL, NULL);
INSERT INTO `tasks` (`id`, `title`, `description`, `notes`, `project_id`, `project_name`, `status_id`, `status_name`, `status_color`, `status_order`, `status_is_completed`, `priority_id`, `priority_name`, `priority_color`, `priority_level`, `assignee_id`, `assignee_name`, `assignee_email`, `due_date`, `estimated_hours`, `actual_hours`, `is_completed`, `completed_at`, `created_by`, `created_by_name`, `created_at`, `updated_at`, `parent_task_id`, `team_id`, `company_id`, `tags`, `attachments`, `comments`, `time_entries`) VALUES
('-Oc5Gzb7JJY5_DNwP0AO', 'General Tasks', '- Create thumbnail for Ultimate Nurture Roadmap and Start Creating new introduction video for Nexistry Digital Solutions', NULL, '-OaT0cTic_9BfOLzp2mv', NULL, 'status_1', NULL, NULL, NULL, 0, 'priority_1', NULL, NULL, NULL, 'dYMNyLpVH6XmDVMJk8QQMvj8NWX2', 'Ryan Gonzales', NULL, NULL, NULL, NULL, 0, NULL, 'dYMNyLpVH6XmDVMJk8QQMvj8NWX2', 'Ryan Gonzales', '2025-10-21 02:19:31', '2025-10-22 00:57:54', NULL, '-OaI_CBRxCNUYScosId9', '-OaF0Sp0pgZKkfQXuyK8', NULL, NULL, NULL, NULL),
('-Oc8xjfpALei8Ltnu6Ct', 'Blog', 'Folic Acid Blog', NULL, '-OaT0cTic_9BfOLzp2mv', 'General Task', 'status_3', NULL, NULL, NULL, 0, 'priority_0', NULL, NULL, NULL, 'ZFaIkP4hL3VaGNFYXzlNxrXHZOj1', 'Rommel Estopar', NULL, NULL, NULL, NULL, 0, NULL, 'ZFaIkP4hL3VaGNFYXzlNxrXHZOj1', 'Rommel Estopar', '2025-10-21 19:29:23', '2025-10-26 16:01:08', NULL, '-OaIYo78nCaQGrX-vwGK', '-OaF0Sp0pgZKkfQXuyK8', NULL, NULL, NULL, NULL),
('-Oc9o1FjM8fOA29U1YDR', '7 days countdown', 'pagka nag end na gawin nang $55 yung product, di na din dapat clickable yung outside ng modal. wala na din yung exit button.', NULL, '-OaT0cTic_9BfOLzp2mv', NULL, 'status_0', NULL, NULL, NULL, 0, 'priority_0', NULL, NULL, NULL, 'NftSf9kvaEMwvrlEyWKo1QCDshU2', 'Prince Tolentino', NULL, NULL, NULL, NULL, 0, NULL, 'NftSf9kvaEMwvrlEyWKo1QCDshU2', 'Prince Tolentino', '2025-10-21 23:26:44', '2025-10-21 23:27:56', NULL, '-OaI_CBRxCNUYScosId9', '-OaF0Sp0pgZKkfQXuyK8', NULL, NULL, NULL, NULL),
('-Oc9omc8uNbXUn7llyQz', 'Clients Tab', 'maglagay ng view details sa clients tab kasama na yung clients', NULL, '-OaT0cTic_9BfOLzp2mv', NULL, 'status_0', NULL, NULL, NULL, 0, 'priority_0', NULL, NULL, NULL, 'NftSf9kvaEMwvrlEyWKo1QCDshU2', 'Prince Tolentino', NULL, NULL, NULL, NULL, 0, NULL, 'NftSf9kvaEMwvrlEyWKo1QCDshU2', 'Prince Tolentino', '2025-10-21 23:30:02', '2025-10-21 23:30:02', NULL, '-OaI_CBRxCNUYScosId9', '-OaF0Sp0pgZKkfQXuyK8', NULL, NULL, NULL, NULL),
('-OcA8dWLhYxMdZ_jdqNN', 'Landing Page Back to Original Price - Ultimate Lead Nurture Roadmap', 'Add new page for orignal price - Nexistry digital product (Ultimate Lead Nurture Roadmap)', NULL, '-OaT0cTic_9BfOLzp2mv', NULL, 'status_2', NULL, NULL, NULL, 0, 'priority_1', NULL, NULL, NULL, 'dYMNyLpVH6XmDVMJk8QQMvj8NWX2', 'Ryan Gonzales', NULL, NULL, NULL, NULL, 0, NULL, 'dYMNyLpVH6XmDVMJk8QQMvj8NWX2', 'Ryan Gonzales', '2025-10-22 01:01:09', '2025-10-22 01:01:09', NULL, '-OaI_CBRxCNUYScosId9', '-OaF0Sp0pgZKkfQXuyK8', NULL, NULL, NULL, NULL),
('-OcA8rTCaUTMv8zUyGHY', 'Social Media Content - Revisions', 'Revised other reels and contents (removed) indian or not related to nexistry branding (undone)', NULL, '-OaT0cTic_9BfOLzp2mv', NULL, 'status_1', NULL, NULL, NULL, 0, 'priority_1', NULL, NULL, NULL, 'dYMNyLpVH6XmDVMJk8QQMvj8NWX2', 'Ryan Gonzales', NULL, NULL, NULL, NULL, 0, NULL, 'dYMNyLpVH6XmDVMJk8QQMvj8NWX2', 'Ryan Gonzales', '2025-10-22 01:02:06', '2025-10-22 01:02:06', NULL, '-OaI_CBRxCNUYScosId9', '-OaF0Sp0pgZKkfQXuyK8', NULL, NULL, NULL, NULL),
('-OcA92g__D14MAg-S5OS', 'Free Webinar Landing Page', 'Landing Page for Free Webinar - How to Eliminate the Top 10 Life Insurance Sales Objections', NULL, '-Oc9pDvqkkSp9a9aimf-', NULL, 'status_2', NULL, NULL, NULL, 0, 'priority_2', NULL, NULL, NULL, 'dYMNyLpVH6XmDVMJk8QQMvj8NWX2', 'Ryan Gonzales', NULL, NULL, NULL, NULL, 0, NULL, 'dYMNyLpVH6XmDVMJk8QQMvj8NWX2', 'Ryan Gonzales', '2025-10-22 01:02:56', '2025-10-22 01:02:56', NULL, '-OaIfz45eh6AiY6zQchu', '-OaF0Sp0pgZKkfQXuyK8', NULL, NULL, NULL, NULL),
('-OcFJ3K7-HEh9pr82Omv', 'Review Page Update', 'Remove Some sections for both mobile and desktop view', NULL, '-Oc9TPmCg_IvnLBEBqKZ', NULL, 'status_2', NULL, NULL, NULL, 0, 'priority_0', NULL, NULL, NULL, '9gcUwwHP9vRYPW2tUKso2eAscdw1', 'Daniel Rillera', NULL, '2025-10-23', 1.00, NULL, 0, NULL, '9gcUwwHP9vRYPW2tUKso2eAscdw1', 'Daniel Rillera', '2025-10-23 01:04:47', '2025-10-23 01:04:47', NULL, '-OaIY7PPL6btrgw54kEv', '-OaF0Sp0pgZKkfQXuyK8', NULL, NULL, NULL, NULL),
('-OcFJL4bOBkIajiIVIOi', 'Email & SMS Automation', 'Created workflow for Fall to Winter Campaign from November to March', NULL, '-OaYdHOb8K0Lnh1L68Op', NULL, 'status_2', NULL, NULL, NULL, 0, 'priority_0', NULL, NULL, NULL, '9gcUwwHP9vRYPW2tUKso2eAscdw1', 'Daniel Rillera', NULL, '2025-10-21', 4.00, NULL, 0, NULL, '9gcUwwHP9vRYPW2tUKso2eAscdw1', 'Daniel Rillera', '2025-10-23 01:06:00', '2025-10-23 01:06:00', NULL, '-OaIY7PPL6btrgw54kEv', '-OaF0Sp0pgZKkfQXuyK8', NULL, NULL, NULL, NULL),
('-OcGj5MdoJsDwBUYv-PD', 'Nexistry Digital Product - Ultimate Lead Nurture Roadmap ', 'The Ultimate Roadmap Video Ad', NULL, '-OaT0cTic_9BfOLzp2mv', NULL, 'status_1', NULL, NULL, NULL, 0, 'priority_2', NULL, NULL, NULL, 'dYMNyLpVH6XmDVMJk8QQMvj8NWX2', 'Ryan Gonzales', NULL, NULL, NULL, NULL, 0, NULL, 'dYMNyLpVH6XmDVMJk8QQMvj8NWX2', 'Ryan Gonzales', '2025-10-23 07:42:30', '2025-10-23 07:42:30', NULL, '-OaI_CBRxCNUYScosId9', '-OaF0Sp0pgZKkfQXuyK8', NULL, NULL, NULL, NULL),
('-OcGjZwszHTF1RlgfrLW', 'Farm Plumeria - Contents for Helicopter post', 'Farm Plumeria content for FB and IG (4 contents done)', NULL, '-OaIjBREBZXCHIRDF2xE', NULL, 'status_3', NULL, NULL, NULL, 0, 'priority_3', NULL, NULL, NULL, 'dYMNyLpVH6XmDVMJk8QQMvj8NWX2', 'Ryan Gonzales', NULL, NULL, NULL, NULL, 0, NULL, 'dYMNyLpVH6XmDVMJk8QQMvj8NWX2', 'Ryan Gonzales', '2025-10-23 07:44:36', '2025-10-23 07:44:36', NULL, '-OaIZ8yr0pOGhtB1jVPb', '-OaF0Sp0pgZKkfQXuyK8', NULL, NULL, NULL, NULL),
('-OckQn_fldKJM483bSFF', 'Website Migration - Townsville Spiritual Centre', 'Migration Update Summary\n- Added several new images to the products.\n- Continued the migration of website pages, and the following new pages have been implemented: GRAND OPENING page, Mum\'s & Bubs Yoga Class page, Holistic Counselling page, and Advanced Crystal Healing page.\n- Revised the font style of previously completed pages to match the original reference design, and added videos to the Services page\n- The mobile view for the pages from Home up to Contact has been fixed and the necessary buttons and other functional elements have been linked.\n- Remaining issues to be resolved: the invalid token on the Home page, the overlap padding on the Services page, and the final compilation/sorting of the products.\n- https://dash.elevatehub.app/v2/preview/CIYbP8XrH58K9sQHtUBt?notrack=true', NULL, '-Oc9TPmCg_IvnLBEBqKZ', NULL, 'status_1', NULL, NULL, NULL, 0, 'priority_1', NULL, NULL, NULL, 'dYMNyLpVH6XmDVMJk8QQMvj8NWX2', 'Ryan Gonzales', NULL, NULL, NULL, NULL, 0, NULL, 'dYMNyLpVH6XmDVMJk8QQMvj8NWX2', 'Ryan Gonzales', '2025-10-29 06:46:26', '2025-11-04 01:08:22', NULL, '-OaIZ8yr0pOGhtB1jVPb', '-OaF0Sp0pgZKkfQXuyK8', NULL, NULL, NULL, NULL),
('-OcLnrHIsD-yLEMSGdpH', 'EDS - FARM - Banner (graphics)', '- Composed some suggestions for possible actions to improve the appearance of the banner that is being checked. \n- Transitioning from suggested banner improvements to the actual design or redesign of the banner.', NULL, '-Oc9plZouQmrgmCs0udx', NULL, 'status_3', NULL, NULL, NULL, 0, 'priority_2', NULL, NULL, NULL, 'dYMNyLpVH6XmDVMJk8QQMvj8NWX2', 'Ryan Gonzales', NULL, NULL, NULL, NULL, 0, NULL, 'dYMNyLpVH6XmDVMJk8QQMvj8NWX2', 'Ryan Gonzales', '2025-10-24 07:21:26', '2025-10-24 07:21:26', NULL, '-OaIZ8yr0pOGhtB1jVPb', '-OaF0Sp0pgZKkfQXuyK8', NULL, NULL, NULL, NULL),
('-Oc_6X8q9GKE430W5ZXE', 'EDS - FARM - Pop-up info on the website and creation on new banner', '- Farm Plumeria Road - New Banner Design for Tropical Wedding\n- Farm Plumeria Road - Popup Info about Helicopter Ride (Homepage)', NULL, '-Oc9TPmCg_IvnLBEBqKZ', NULL, 'status_3', NULL, NULL, NULL, 0, 'priority_1', NULL, NULL, NULL, 'dYMNyLpVH6XmDVMJk8QQMvj8NWX2', 'Ryan Gonzales', NULL, NULL, NULL, NULL, 0, NULL, 'dYMNyLpVH6XmDVMJk8QQMvj8NWX2', 'Ryan Gonzales', '2025-10-27 02:02:04', '2025-10-27 02:02:04', NULL, '-OaIZ8yr0pOGhtB1jVPb', '-OaF0Sp0pgZKkfQXuyK8', NULL, NULL, NULL, NULL),
('-OdIG-de3VfQyYgA5M_i', 'Knowledge Base ', 'Knowledge Base Website Creation', NULL, '-Oc9TPmCg_IvnLBEBqKZ', NULL, 'status_1', NULL, NULL, NULL, 0, 'priority_0', NULL, NULL, NULL, '9gcUwwHP9vRYPW2tUKso2eAscdw1', 'Daniel Rillera', NULL, NULL, NULL, NULL, 0, NULL, '9gcUwwHP9vRYPW2tUKso2eAscdw1', 'Daniel Rillera', '2025-11-05 01:05:59', '2025-11-05 01:05:59', NULL, '-OaI_CBRxCNUYScosId9', '-OaF0Sp0pgZKkfQXuyK8', NULL, NULL, NULL, NULL),
('-OdIQmkcnrtPrC1kPA4Q', 'Create an HeyGen videos for peptides', '- One full edited video about peptides (Model 3 - NAD isn\'t a peptide) has been produced and is ready to post on TikTok. The second video (Model 1 - Tesamorelin) is still in the editing phase and will be completed tomorrow.\n- https://drive.google.com/file/d/1gHPw914_D_Koy65kkUHFwLrpky4hCom2/view?usp=sharing', NULL, '-OdHd_uiwV32EZIKq7fv', 'Heygen video', 'status_1', NULL, NULL, NULL, 0, 'priority_1', NULL, NULL, NULL, 'dYMNyLpVH6XmDVMJk8QQMvj8NWX2', 'Ryan Gonzales', NULL, NULL, NULL, NULL, 0, NULL, 'dYMNyLpVH6XmDVMJk8QQMvj8NWX2', 'Ryan Gonzales', '2025-11-05 01:53:06', '2025-11-17 00:22:24', NULL, '-OaIeHTJynT9OLl_44iB', '-OaF0Sp0pgZKkfQXuyK8', NULL, NULL, NULL, NULL),
('-Odl_W6pOYH46SoxQiTS', 'core', 'video sa website ioptimize', NULL, '-OaXrOkWMqGQE9d-3fMl', NULL, 'status_0', NULL, NULL, NULL, 0, 'priority_0', NULL, NULL, NULL, 'NftSf9kvaEMwvrlEyWKo1QCDshU2', 'Prince Tolentino', NULL, NULL, NULL, NULL, 0, NULL, 'NftSf9kvaEMwvrlEyWKo1QCDshU2', 'Prince Tolentino', '2025-11-10 22:24:11', '2025-12-10 07:16:28', NULL, '-OaI_CBRxCNUYScosId9', '-OaF0Sp0pgZKkfQXuyK8', NULL, NULL, NULL, NULL),
('-Odm-nlz1mRt2amIz-Jk', '40 Contents for Lead Sales Team', '- Created new social media post content for the Sales Team regarding to the Ultimate Roadmap context 17/40.\n- https://drive.google.com/drive/folders/1427xbmNTP711w0XLDXM3w7fRLu51-LgM', NULL, '-Oc9plZouQmrgmCs0udx', 'Graphics / Thumbnail', 'status_1', NULL, NULL, NULL, 0, 'priority_1', NULL, NULL, NULL, 'dYMNyLpVH6XmDVMJk8QQMvj8NWX2', 'Ryan Gonzales', NULL, NULL, NULL, NULL, 0, NULL, 'dYMNyLpVH6XmDVMJk8QQMvj8NWX2', 'Ryan Gonzales', '2025-11-11 00:23:26', '2025-11-17 00:24:38', NULL, '-OaI_CBRxCNUYScosId9', '-OaF0Sp0pgZKkfQXuyK8', NULL, NULL, NULL, NULL),
('-Of4SJQXwlj567kbgevq', 'Website of Nexistry Digital Solutions', 'Added Project Portfolio, fix menu, added testmonial videos', NULL, '-Oeaat3-rC4DGpDMsG6p', NULL, 'status_2', NULL, NULL, NULL, 0, 'priority_0', NULL, NULL, NULL, '9gcUwwHP9vRYPW2tUKso2eAscdw1', 'Daniel Rillera', NULL, NULL, NULL, NULL, 0, NULL, '9gcUwwHP9vRYPW2tUKso2eAscdw1', 'Daniel Rillera', '2025-11-27 05:16:28', '2025-11-27 05:16:28', NULL, '-OaI_CBRxCNUYScosId9', '-OaF0Sp0pgZKkfQXuyK8', NULL, NULL, NULL, NULL),
('-OfWeOz83jcRvMiZhx3Y', 'Website', 'create graphics', 'hello', '-OfWe78LHijCt_VqHPi_', 'Build Website', 'status_0', NULL, NULL, NULL, 0, 'priority_1', NULL, NULL, NULL, 'RnnCeKlaWhe7QjFeYNQzNYxb9xp2', 'Emman', NULL, '2025-12-04', 3.00, NULL, 0, NULL, 'RnnCeKlaWhe7QjFeYNQzNYxb9xp2', 'Emman', '2025-12-02 16:43:00', '2025-12-10 18:52:14', NULL, NULL, '-OcIvOSsBcP5krq0HXvK', NULL, NULL, NULL, NULL),
('-OgAIDQkFB8ZyyOymAtE', 'John Doe - Project Review', 'Review project scope and deliverables for John Doe\'s account', NULL, '-OfWe78LHijCt_VqHPi_', NULL, 'status_0', NULL, NULL, NULL, 0, 'priority_2', NULL, NULL, NULL, NULL, NULL, NULL, NULL, 4.00, NULL, 0, NULL, 'RnnCeKlaWhe7QjFeYNQzNYxb9xp2', 'Emman', '2025-12-10 18:45:48', '2025-12-10 18:52:33', NULL, NULL, '-OcIvOSsBcP5krq0HXvK', NULL, NULL, NULL, NULL),
('-OgAIoNPfH9YxeAE-5Tk', 'Sarah Martinez - Design Feedback', 'Gather and review design feedback from Sarah Martinez for UI/UX improvements', 'test\n', '-Og9lguRfgvd51jbRHEJ', NULL, 'status_0', NULL, NULL, NULL, 0, 'priority_2', NULL, NULL, NULL, NULL, NULL, NULL, NULL, 3.00, NULL, 0, NULL, 'RnnCeKlaWhe7QjFeYNQzNYxb9xp2', 'Emman', '2025-12-10 18:48:24', '2025-12-10 18:52:55', NULL, NULL, '-OcIvOSsBcP5krq0HXvK', NULL, NULL, NULL, NULL),
('-OgAIWQsRUzyNgXPyCZL', 'Michael Chen - Client Meeting', 'Schedule and conduct meeting with Michael Chen to discuss project progress', NULL, '-Og9ltQNd0oY7q2aGGHR', 'E-Commerce Platform Redesign', 'status_2', NULL, NULL, NULL, 0, 'priority_1', NULL, NULL, NULL, 'RnnCeKlaWhe7QjFeYNQzNYxb9xp2', 'Emman', NULL, NULL, 2.00, NULL, 0, NULL, 'RnnCeKlaWhe7QjFeYNQzNYxb9xp2', 'Emman', '2025-12-10 18:47:06', '2025-12-10 18:51:48', NULL, NULL, '-OcIvOSsBcP5krq0HXvK', NULL, NULL, NULL, NULL);

-- --------------------------------------------------------

--
-- Table structure for table `task_attachments`
--

CREATE TABLE `task_attachments` (
  `id` varchar(255) NOT NULL,
  `task_id` varchar(255) NOT NULL,
  `name` varchar(255) NOT NULL,
  `url` text NOT NULL,
  `type` varchar(100) DEFAULT NULL,
  `size` int(11) DEFAULT NULL,
  `uploaded_by` varchar(255) DEFAULT NULL,
  `uploaded_at` timestamp NOT NULL DEFAULT current_timestamp()
) ENGINE=InnoDB DEFAULT CHARSET=utf8mb4 COLLATE=utf8mb4_general_ci;

-- --------------------------------------------------------

--
-- Table structure for table `task_comments`
--

CREATE TABLE `task_comments` (
  `id` varchar(255) NOT NULL,
  `task_id` varchar(255) NOT NULL,
  `content` text NOT NULL,
  `author_id` varchar(255) NOT NULL,
  `author_name` varchar(255) DEFAULT NULL,
  `author_email` varchar(255) DEFAULT NULL,
  `created_at` timestamp NOT NULL DEFAULT current_timestamp(),
  `updated_at` timestamp NOT NULL DEFAULT current_timestamp() ON UPDATE current_timestamp(),
  `parent_comment_id` varchar(255) DEFAULT NULL
) ENGINE=InnoDB DEFAULT CHARSET=utf8mb4 COLLATE=utf8mb4_general_ci;

-- --------------------------------------------------------

--
-- Table structure for table `task_tags`
--

CREATE TABLE `task_tags` (
  `id` int(11) NOT NULL,
  `task_id` varchar(255) NOT NULL,
  `tag` varchar(100) NOT NULL
) ENGINE=InnoDB DEFAULT CHARSET=utf8mb4 COLLATE=utf8mb4_general_ci;

-- --------------------------------------------------------

--
-- Table structure for table `task_time_entries`
--

CREATE TABLE `task_time_entries` (
  `id` int(11) NOT NULL,
  `task_id` varchar(255) NOT NULL,
  `time_entry_id` varchar(255) NOT NULL
) ENGINE=InnoDB DEFAULT CHARSET=utf8mb4 COLLATE=utf8mb4_general_ci;

-- --------------------------------------------------------

--
-- Table structure for table `teams`
--

CREATE TABLE `teams` (
  `id` varchar(255) NOT NULL,
  `name` varchar(255) NOT NULL,
  `description` text DEFAULT NULL,
  `leader_id` varchar(255) DEFAULT NULL,
  `leader_name` varchar(255) DEFAULT NULL,
  `leader_email` varchar(255) DEFAULT NULL,
  `color` varchar(7) DEFAULT '#3B82F6',
  `company_id` varchar(255) DEFAULT NULL,
  `is_active` tinyint(1) DEFAULT 1,
  `member_count` int(11) DEFAULT 0,
  `created_by` varchar(255) DEFAULT NULL,
  `created_at` timestamp NOT NULL DEFAULT current_timestamp(),
  `updated_at` timestamp NOT NULL DEFAULT current_timestamp() ON UPDATE current_timestamp()
) ENGINE=InnoDB DEFAULT CHARSET=utf8mb4 COLLATE=utf8mb4_general_ci;

--
-- Dumping data for table `teams`
--

INSERT INTO `teams` (`id`, `name`, `description`, `leader_id`, `leader_name`, `leader_email`, `color`, `company_id`, `is_active`, `member_count`, `created_by`, `created_at`, `updated_at`) VALUES
('-Oab_XqY1Dzr24DDGp0v', 'Team Test', NULL, 'QbclXdG1I1craJqYsGcVQSY7i9L2', 'Test Super Admin', 'princetest@gmail.com', '#84CC16', '-OaF0Sp0pgZKkfQXuyK8', 1, 2, 'QbclXdG1I1craJqYsGcVQSY7i9L2', '2025-10-02 17:01:00', '2025-10-02 17:01:11'),
('-OacK3cU2528jc24Lvrs', 'Team Harri', NULL, 'f0LDwi3dMXcTjDYCC2arQScMbfF2', 'Nica Gomez', 'admin@nexistrydigitalsolutions.com', '#EF4444', '-OaF0Sp0pgZKkfQXuyK8', 1, 2, 'f0LDwi3dMXcTjDYCC2arQScMbfF2', '2025-10-02 20:28:35', '2025-10-02 20:28:55'),
('-OaIeHTJynT9OLl_44iB', 'Team Meaghan', 'Team SymmetryBrows', 'f0LDwi3dMXcTjDYCC2arQScMbfF2', 'Nica Gomez', 'admin@nexistrydigitalsolutions.com', '#3B82F6', '-OaF0Sp0pgZKkfQXuyK8', 1, 5, 'f0LDwi3dMXcTjDYCC2arQScMbfF2', '2025-09-28 20:09:19', '2025-11-09 20:51:28'),
('-OaIf-FeJA-UpgahO2CQ', 'Team Gabby', 'Team Premier wellness and Aesthetics of clear lake', 'f0LDwi3dMXcTjDYCC2arQScMbfF2', 'Nica Gomez', 'admin@nexistrydigitalsolutions.com', '#84CC16', '-OaF0Sp0pgZKkfQXuyK8', 1, 6, 'f0LDwi3dMXcTjDYCC2arQScMbfF2', '2025-09-28 20:12:26', '2025-10-02 21:14:22'),
('-OaIfz45eh6AiY6zQchu', 'Team Billy', 'Team Williams Investment Group Investment', 'f0LDwi3dMXcTjDYCC2arQScMbfF2', 'Nica Gomez', 'admin@nexistrydigitalsolutions.com', '#F59E0B', '-OaF0Sp0pgZKkfQXuyK8', 1, 6, 'f0LDwi3dMXcTjDYCC2arQScMbfF2', '2025-09-28 20:16:43', '2025-10-21 23:32:24'),
('-OaIY7PPL6btrgw54kEv', 'Team Roel', 'Team Simple Roofing Group', 'f0LDwi3dMXcTjDYCC2arQScMbfF2', 'Nica Gomez', 'admin@nexistrydigitalsolutions.com', '#10B981', '-OaF0Sp0pgZKkfQXuyK8', 1, 6, 'f0LDwi3dMXcTjDYCC2arQScMbfF2', '2025-09-28 19:38:03', '2025-10-22 16:47:11'),
('-OaIYo78nCaQGrX-vwGK', 'Team Rebecca', 'Team KannonBall Insurance', 'f0LDwi3dMXcTjDYCC2arQScMbfF2', 'Nica Gomez', 'admin@nexistrydigitalsolutions.com', '#F59E0B', '-OaF0Sp0pgZKkfQXuyK8', 1, 4, 'f0LDwi3dMXcTjDYCC2arQScMbfF2', '2025-09-28 19:41:02', '2025-09-28 19:41:53'),
('-OaIZ8yr0pOGhtB1jVPb', 'Team Damien', 'Team EDS', 'f0LDwi3dMXcTjDYCC2arQScMbfF2', 'Nica Gomez', 'admin@nexistrydigitalsolutions.com', '#3B82F6', '-OaF0Sp0pgZKkfQXuyK8', 1, 5, 'f0LDwi3dMXcTjDYCC2arQScMbfF2', '2025-09-28 19:42:31', '2025-09-28 20:32:18'),
('-OaIZr-xrwnmny22FYH1', 'Team Cynthia', 'Team CSI', 'f0LDwi3dMXcTjDYCC2arQScMbfF2', 'Nica Gomez', 'admin@nexistrydigitalsolutions.com', '#6B7280', '-OaF0Sp0pgZKkfQXuyK8', 1, 4, 'f0LDwi3dMXcTjDYCC2arQScMbfF2', '2025-09-28 19:45:35', '2025-10-02 21:10:58'),
('-OaI_CBRxCNUYScosId9', 'Team Nexistry', 'Team Nexistry Digital Solutions', 'f0LDwi3dMXcTjDYCC2arQScMbfF2', 'Nica Gomez', 'admin@nexistrydigitalsolutions.com', '#06B6D4', '-OaF0Sp0pgZKkfQXuyK8', 1, 12, 'f0LDwi3dMXcTjDYCC2arQScMbfF2', '2025-09-28 19:47:06', '2025-10-01 22:10:58'),
('-Ochr3PSGYh4CfVFAF61', 'QA Test Team', 'Updated QA test team description', 'RnnCeKlaWhe7QjFeYNQzNYxb9xp2', 'Emman Wahington', 'emman@gmail.com', '#3B82F6', '-OcIvOSsBcP5krq0HXvK', 0, 2, 'RnnCeKlaWhe7QjFeYNQzNYxb9xp2', '2025-10-28 18:46:41', '2025-12-02 16:37:50'),
('-OcJ9Y8caDiTSy5MQQl6', 'test', NULL, 'X0CuCWqtz2RQHGZ2Ithp3cwdjon2', 'Emman Wahington', 'emman@gmail.com', '#3B82F6', '-OcIvOSsBcP5krq0HXvK', 0, 2, 'RnnCeKlaWhe7QjFeYNQzNYxb9xp2', '2025-10-23 19:01:40', '2025-12-02 16:37:55'),
('-OcJIMyI1BzM8bVCw8za', 'teamang', 'test', 'RnnCeKlaWhe7QjFeYNQzNYxb9xp2', 'Emman Wahington', 'emman@gmail.com', '#10B981', '-OcIvOSsBcP5krq0HXvK', 0, 2, 'RnnCeKlaWhe7QjFeYNQzNYxb9xp2', '2025-10-23 19:40:13', '2025-12-02 16:37:52'),
('-OdqCw9-J_8z9tRcM1u5', 'Team Allure Tax Proz', 'for Allure Tax Proz', 'f0LDwi3dMXcTjDYCC2arQScMbfF2', 'Nica Gomez', 'admin@nexistrydigitalsolutions.com', '#8B5CF6', '-OaF0Sp0pgZKkfQXuyK8', 1, 2, 'f0LDwi3dMXcTjDYCC2arQScMbfF2', '2025-11-11 19:59:15', '2025-11-11 19:59:51'),
('-OfWeWTKJKlL--SH8ns7', 'Website Team', 'for creating websites', 'RnnCeKlaWhe7QjFeYNQzNYxb9xp2', 'Emman', 'emman@gmail.com', '#3B82F6', '-OcIvOSsBcP5krq0HXvK', 1, 1, 'RnnCeKlaWhe7QjFeYNQzNYxb9xp2', '2025-12-02 16:43:30', '2025-12-02 16:43:32'),
('-OgA8LvBGgCzzs026Lw9', 'Development Team', 'Responsible for backend development, API integrations, and system architecture', 'RnnCeKlaWhe7QjFeYNQzNYxb9xp2', 'Emman', 'emman@gmail.com', '#3B82F6', '-OcIvOSsBcP5krq0HXvK', 1, 1, 'RnnCeKlaWhe7QjFeYNQzNYxb9xp2', '2025-12-10 18:02:41', '2025-12-10 18:02:42'),
('-OgA8REv7sIzHuzQIP_z', 'Design Team', 'UI/UX designers and creative professionals focused on user experience design and brand identity', 'RnnCeKlaWhe7QjFeYNQzNYxb9xp2', 'Emman', 'emman@gmail.com', '#3B82F6', '-OcIvOSsBcP5krq0HXvK', 1, 1, 'RnnCeKlaWhe7QjFeYNQzNYxb9xp2', '2025-12-10 18:03:03', '2025-12-10 18:03:04');

-- --------------------------------------------------------

--
-- Table structure for table `team_members`
--

CREATE TABLE `team_members` (
  `id` varchar(255) NOT NULL,
  `team_id` varchar(255) NOT NULL,
  `user_id` varchar(255) NOT NULL,
  `user_name` varchar(255) DEFAULT NULL,
  `user_email` varchar(255) DEFAULT NULL,
  `team_role` enum('member','leader') DEFAULT 'member',
  `joined_at` timestamp NOT NULL DEFAULT current_timestamp(),
  `left_at` timestamp NULL DEFAULT NULL,
  `is_active` tinyint(1) DEFAULT 1
) ENGINE=InnoDB DEFAULT CHARSET=utf8mb4 COLLATE=utf8mb4_general_ci;

--
-- Dumping data for table `team_members`
--

INSERT INTO `team_members` (`id`, `team_id`, `user_id`, `user_name`, `user_email`, `team_role`, `joined_at`, `left_at`, `is_active`) VALUES
('-Oab_XtQNff1qw9cj_kY', '-Oab_XqY1Dzr24DDGp0v', 'QbclXdG1I1craJqYsGcVQSY7i9L2', 'Test Super Admin', 'princetest@gmail.com', 'leader', '2025-10-02 17:01:00', NULL, 1),
('-Oab__OBZtWCfMvDRsA9', '-Oab_XqY1Dzr24DDGp0v', 'NftSf9kvaEMwvrlEyWKo1QCDshU2', 'Prince Tolentino', 'nexistrydigitalsolutionsva3@gmail.com', 'member', '2025-10-02 17:01:10', NULL, 1),
('-OacK3e_82xr9-6RLjs_', '-OacK3cU2528jc24Lvrs', 'f0LDwi3dMXcTjDYCC2arQScMbfF2', 'Nica Gomez', 'admin@nexistrydigitalsolutions.com', 'leader', '2025-10-02 20:28:35', NULL, 1),
('-OacK8MkoS8QO24PDqJN', '-OacK3cU2528jc24Lvrs', 'rPYKipBcdXUhEd3qpdjEzjNw70m2', 'Jing Iñigo', 'billing@nexistrydigitalsolutions.com', 'member', '2025-10-02 20:28:54', NULL, 1),
('-OacTlLZ_XnkHuAbOAhx', '-OaIZr-xrwnmny22FYH1', '9gcUwwHP9vRYPW2tUKso2eAscdw1', 'Daniel Rillera', 'nexistrydigitalsolutionsva4@gmail.com', 'member', '2025-10-02 21:10:57', NULL, 1),
('-OacUYMHp6k53LiEFvC8', '-OaIf-FeJA-UpgahO2CQ', '9gcUwwHP9vRYPW2tUKso2eAscdw1', 'Daniel Rillera', 'nexistrydigitalsolutionsva4@gmail.com', 'member', '2025-10-02 21:14:22', NULL, 1),
('-OaIa0mw8kN8ewV0dSpv', '-OaI_CBRxCNUYScosId9', 'NftSf9kvaEMwvrlEyWKo1QCDshU2', 'Prince Tolentino', 'nexistrydigitalsolutionsva3@gmail.com', 'member', '2025-09-28 19:50:42', NULL, 1),
('-OaIalFcmOtXsI5sXqrB', '-OaI_CBRxCNUYScosId9', 'ZFaIkP4hL3VaGNFYXzlNxrXHZOj1', 'Rommel Estopar', 'digimumsquarter.business2@gmail.com', 'member', '2025-09-28 19:53:56', NULL, 1),
('-OaIawTH8sRAKSzfTl9c', '-OaI_CBRxCNUYScosId9', 'dYMNyLpVH6XmDVMJk8QQMvj8NWX2', 'Ryan Gonzales', 'digimumsquarter.va9@gmail.com', 'member', '2025-09-28 19:54:42', NULL, 1),
('-OaIeHVSRdxQFVxtwwz0', '-OaIeHTJynT9OLl_44iB', 'f0LDwi3dMXcTjDYCC2arQScMbfF2', 'Nica Gomez', 'admin@nexistrydigitalsolutions.com', 'leader', '2025-09-28 20:09:19', NULL, 1),
('-OaIeLW3X5jtlfdILOX9', '-OaIeHTJynT9OLl_44iB', 'gSb0eR1DWTTW4uzY2V6A1as0Riw2', 'Angeline Amurao', 'projectmanager@nexistrydigitalsolutions.com', 'leader', '2025-09-28 20:09:35', NULL, 1),
('-OaIeNqpmcSd8xQeJoxN', '-OaIeHTJynT9OLl_44iB', 'IqfD9WycDNYq0K0nL7zoJwQvA323', 'Michaella Novilla', 'digimumsquarter.va2@gmail.com', 'leader', '2025-09-28 20:09:45', NULL, 1),
('-OaIeT5ZN93Ipk4dLeFR', '-OaIeHTJynT9OLl_44iB', 'NftSf9kvaEMwvrlEyWKo1QCDshU2', 'Prince Tolentino', 'nexistrydigitalsolutionsva3@gmail.com', 'member', '2025-09-28 20:10:06', NULL, 1),
('-OaIf-HoQy6xHJvqg0sr', '-OaIf-FeJA-UpgahO2CQ', 'f0LDwi3dMXcTjDYCC2arQScMbfF2', 'Nica Gomez', 'admin@nexistrydigitalsolutions.com', 'leader', '2025-09-28 20:12:26', NULL, 1),
('-OaIf8YOyHSuHX-49j-v', '-OaIf-FeJA-UpgahO2CQ', 'gSb0eR1DWTTW4uzY2V6A1as0Riw2', 'Angeline Amurao', 'projectmanager@nexistrydigitalsolutions.com', 'leader', '2025-09-28 20:13:04', NULL, 1),
('-OaIfb9lkrdjDY8ymkH5', '-OaIf-FeJA-UpgahO2CQ', 'NftSf9kvaEMwvrlEyWKo1QCDshU2', 'Prince Tolentino', 'nexistrydigitalsolutionsva3@gmail.com', 'member', '2025-09-28 20:15:06', NULL, 1),
('-OaIfCFS7TALOr_-_0li', '-OaIf-FeJA-UpgahO2CQ', 'IqfD9WycDNYq0K0nL7zoJwQvA323', 'Michaella Novilla', 'digimumsquarter.va2@gmail.com', 'leader', '2025-09-28 20:13:19', NULL, 1),
('-OaIfG-nzpuB1a93a98f', '-OaIf-FeJA-UpgahO2CQ', 'dYMNyLpVH6XmDVMJk8QQMvj8NWX2', 'Ryan Gonzales', 'digimumsquarter.va9@gmail.com', 'member', '2025-09-28 20:13:35', NULL, 1),
('-OaIfz6FV1_F4mOXMHq7', '-OaIfz45eh6AiY6zQchu', 'f0LDwi3dMXcTjDYCC2arQScMbfF2', 'Nica Gomez', 'admin@nexistrydigitalsolutions.com', 'leader', '2025-09-28 20:16:44', NULL, 1),
('-OaIg1U3Anrz_1USIQq4', '-OaIfz45eh6AiY6zQchu', 'gSb0eR1DWTTW4uzY2V6A1as0Riw2', 'Angeline Amurao', 'projectmanager@nexistrydigitalsolutions.com', 'leader', '2025-09-28 20:16:57', NULL, 1),
('-OaIgBf5SNE8lapUUaE8', '-OaIfz45eh6AiY6zQchu', 'IqfD9WycDNYq0K0nL7zoJwQvA323', 'Michaella Novilla', 'digimumsquarter.va2@gmail.com', 'leader', '2025-09-28 20:17:39', NULL, 1),
('-OaIgEeggL5R8l24CTfN', '-OaIfz45eh6AiY6zQchu', '7CFx1LWWNLZUsyoOeGizUsWaUkz1', 'Kristine Sale', 'nexistrydigitalsolutionsva2@gmail.com', 'member', '2025-09-28 20:17:51', NULL, 1),
('-OaIjY4pgIuzjS5lbgJo', '-OaIZ8yr0pOGhtB1jVPb', 'dYMNyLpVH6XmDVMJk8QQMvj8NWX2', 'Ryan Gonzales', 'digimumsquarter.va9@gmail.com', 'member', '2025-09-28 20:32:17', NULL, 1),
('-OaIY7RZXDbmJPS83VgU', '-OaIY7PPL6btrgw54kEv', 'f0LDwi3dMXcTjDYCC2arQScMbfF2', 'Nica Gomez', 'admin@nexistrydigitalsolutions.com', 'leader', '2025-09-28 19:38:03', NULL, 1),
('-OaIYAyDlfr_Pazx4fT-', '-OaIY7PPL6btrgw54kEv', 'gSb0eR1DWTTW4uzY2V6A1as0Riw2', 'Angeline Amurao', 'projectmanager@nexistrydigitalsolutions.com', 'leader', '2025-09-28 19:38:17', NULL, 1),
('-OaIYD3VqKP1N3kZdrd0', '-OaIY7PPL6btrgw54kEv', 'IqfD9WycDNYq0K0nL7zoJwQvA323', 'Michaella Novilla', 'digimumsquarter.va2@gmail.com', 'leader', '2025-09-28 19:38:26', NULL, 1),
('-OaIYHG5HqgmmCARe9ji', '-OaIY7PPL6btrgw54kEv', 'dYMNyLpVH6XmDVMJk8QQMvj8NWX2', 'Ryan Gonzales', 'digimumsquarter.va9@gmail.com', 'member', '2025-09-28 19:38:43', NULL, 1),
('-OaIYo9Q4hfYSYyDFNu7', '-OaIYo78nCaQGrX-vwGK', 'f0LDwi3dMXcTjDYCC2arQScMbfF2', 'Nica Gomez', 'admin@nexistrydigitalsolutions.com', 'leader', '2025-09-28 19:41:02', NULL, 1),
('-OaIYvflgkjRZ_4IG4Ct', '-OaIYo78nCaQGrX-vwGK', 'gSb0eR1DWTTW4uzY2V6A1as0Riw2', 'Angeline Amurao', 'projectmanager@nexistrydigitalsolutions.com', 'leader', '2025-09-28 19:41:32', NULL, 1),
('-OaIYxh7FXIfqGeWTT_w', '-OaIYo78nCaQGrX-vwGK', 'IqfD9WycDNYq0K0nL7zoJwQvA323', 'Michaella Novilla', 'digimumsquarter.va2@gmail.com', 'leader', '2025-09-28 19:41:41', NULL, 1),
('-OaIZ-X3w6XCrdZR_jYE', '-OaIYo78nCaQGrX-vwGK', 'ZFaIkP4hL3VaGNFYXzlNxrXHZOj1', 'Rommel Estopar', 'digimumsquarter.business2@gmail.com', 'member', '2025-09-28 19:41:52', NULL, 1),
('-OaIZ90DwYRLC9CpXaq5', '-OaIZ8yr0pOGhtB1jVPb', 'f0LDwi3dMXcTjDYCC2arQScMbfF2', 'Nica Gomez', 'admin@nexistrydigitalsolutions.com', 'leader', '2025-09-28 19:42:31', NULL, 1),
('-OaIZB_O5B92ldKnnT2h', '-OaIZ8yr0pOGhtB1jVPb', 'gSb0eR1DWTTW4uzY2V6A1as0Riw2', 'Angeline Amurao', 'projectmanager@nexistrydigitalsolutions.com', 'leader', '2025-09-28 19:42:42', NULL, 1),
('-OaIZEnWiSGzKz6vZ4cO', '-OaIZ8yr0pOGhtB1jVPb', 'IqfD9WycDNYq0K0nL7zoJwQvA323', 'Michaella Novilla', 'digimumsquarter.va2@gmail.com', 'leader', '2025-09-28 19:42:55', NULL, 1),
('-OaIZJHzfOSBO2Q-lt8h', '-OaIZ8yr0pOGhtB1jVPb', 'NftSf9kvaEMwvrlEyWKo1QCDshU2', 'Prince Tolentino', 'nexistrydigitalsolutionsva3@gmail.com', 'member', '2025-09-28 19:43:13', NULL, 1),
('-OaIZLlmjSoAw6bk5bGj', '-OaIZ8yr0pOGhtB1jVPb', 'dYMNyLpVH6XmDVMJk8QQMvj8NWX2', 'Ryan Gonzales', 'digimumsquarter.va9@gmail.com', 'member', '2025-09-28 19:43:23', '2025-09-28 19:43:43', 0),
('-OaIZr2DDmleeuVwjZT7', '-OaIZr-xrwnmny22FYH1', 'f0LDwi3dMXcTjDYCC2arQScMbfF2', 'Nica Gomez', 'admin@nexistrydigitalsolutions.com', 'leader', '2025-09-28 19:45:36', NULL, 1),
('-OaIZwlz71Y0n79LusUW', '-OaIZr-xrwnmny22FYH1', 'gSb0eR1DWTTW4uzY2V6A1as0Riw2', 'Angeline Amurao', 'projectmanager@nexistrydigitalsolutions.com', 'leader', '2025-09-28 19:45:59', NULL, 1),
('-OaIZylMkwFTlUCUXVLS', '-OaIZr-xrwnmny22FYH1', 'IqfD9WycDNYq0K0nL7zoJwQvA323', 'Michaella Novilla', 'digimumsquarter.va2@gmail.com', 'leader', '2025-09-28 19:46:07', NULL, 1),
('-OaI_CDgBDDpmBDOsYmJ', '-OaI_CBRxCNUYScosId9', 'f0LDwi3dMXcTjDYCC2arQScMbfF2', 'Nica Gomez', 'admin@nexistrydigitalsolutions.com', 'leader', '2025-09-28 19:47:06', NULL, 1),
('-OaI_cKS0-10D9gaOYWL', '-OaIY7PPL6btrgw54kEv', 'ZFaIkP4hL3VaGNFYXzlNxrXHZOj1', 'Rommel Estopar', 'digimumsquarter.business2@gmail.com', 'member', '2025-09-28 19:48:57', NULL, 1),
('-OaI_E_qgF3EHQzKIy_7', '-OaI_CBRxCNUYScosId9', 'gSb0eR1DWTTW4uzY2V6A1as0Riw2', 'Angeline Amurao', 'projectmanager@nexistrydigitalsolutions.com', 'member', '2025-09-28 19:47:16', NULL, 1),
('-OaI_lh_eXEZwSupcJ7R', '-OaI_CBRxCNUYScosId9', '7CFx1LWWNLZUsyoOeGizUsWaUkz1', 'Kristine Sale', 'nexistrydigitalsolutionsva2@gmail.com', 'member', '2025-09-28 19:49:36', NULL, 1),
('-OaI_oXqs2qb68lAhSps', '-OaI_CBRxCNUYScosId9', 'rPYKipBcdXUhEd3qpdjEzjNw70m2', 'Jing Iñigo', 'billing@nexistrydigitalsolutions.com', 'member', '2025-09-28 19:49:47', NULL, 1),
('-OaI_rFl7bq82Sn1iYr5', '-OaI_CBRxCNUYScosId9', 'IqfD9WycDNYq0K0nL7zoJwQvA323', 'Michaella Novilla', 'digimumsquarter.va2@gmail.com', 'member', '2025-09-28 19:49:59', NULL, 1),
('-OaYXlvCe9H4SN16wHQO', '-OaI_CBRxCNUYScosId9', '9gcUwwHP9vRYPW2tUKso2eAscdw1', 'Daniel Rillera', 'nexistrydigitalsolutionsva4@gmail.com', 'member', '2025-10-01 22:10:24', NULL, 1),
('-OaYXrkQX8qjcpqLKxXw', '-OaI_CBRxCNUYScosId9', 'QbclXdG1I1craJqYsGcVQSY7i9L2', 'Test Super Admin', 'princetest@gmail.com', 'member', '2025-10-01 22:10:48', NULL, 1),
('-OaYXu47EFUdNPZOThmv', '-OaI_CBRxCNUYScosId9', 'UzY6A27FBYSJbDkjy9suM4aEdZ02', 'Emman Sadiang-abay', 'digimumsquarter.va12@gmail.com', 'member', '2025-10-01 22:10:58', NULL, 1),
('-Oc9544HMbzJf34MaEnK', '-OaIfz45eh6AiY6zQchu', 'UzY6A27FBYSJbDkjy9suM4aEdZ02', 'Emman Sadiang-abay', 'digimumsquarter.va12@gmail.com', 'member', '2025-10-21 20:05:55', NULL, 1),
('-Oc9pKFK6eGFnQcuqrN1', '-OaIfz45eh6AiY6zQchu', 'dYMNyLpVH6XmDVMJk8QQMvj8NWX2', 'Ryan Gonzales', 'digimumsquarter.va9@gmail.com', 'member', '2025-10-21 23:32:23', NULL, 1),
('-OcDXADs7QTA4kIoM6zN', '-OaIY7PPL6btrgw54kEv', '9gcUwwHP9vRYPW2tUKso2eAscdw1', 'Daniel Rillera', 'nexistrydigitalsolutionsva4@gmail.com', 'member', '2025-10-22 16:47:11', NULL, 1),
('-Ochr3SPpZre5n2nrtRu', '-Ochr3PSGYh4CfVFAF61', 'RnnCeKlaWhe7QjFeYNQzNYxb9xp2', 'Emman Wahington', 'emman@gmail.com', 'leader', '2025-10-28 18:46:41', NULL, 1),
('-Oci6jMqEniQv9UYNu-w', '-Ochr3PSGYh4CfVFAF61', 'X0CuCWqtz2RQHGZ2Ithp3cwdjon2', 'boy kupit', 'kupit@gmail.com', 'member', '2025-10-28 19:59:31', NULL, 1),
('-Oci7LmvwXJiaKZRydXb', '-OcJIMyI1BzM8bVCw8za', 'X0CuCWqtz2RQHGZ2Ithp3cwdjon2', 'boy kupit', 'kupit@gmail.com', 'member', '2025-10-28 20:02:13', '2025-10-29 17:01:32', 0),
('-OcJ9YBXDVBEWPR03Hw_', '-OcJ9Y8caDiTSy5MQQl6', 'RnnCeKlaWhe7QjFeYNQzNYxb9xp2', 'Emman Wahington', 'emman@gmail.com', 'leader', '2025-10-23 19:01:40', NULL, 1),
('-OcJIN09MlKLm3TEzObC', '-OcJIMyI1BzM8bVCw8za', 'RnnCeKlaWhe7QjFeYNQzNYxb9xp2', 'Emman Wahington', 'emman@gmail.com', 'leader', '2025-10-23 19:40:14', NULL, 1),
('-Ocs8Eb6209OvtoKm-GV', '-OcJIMyI1BzM8bVCw8za', 'Hse9fVpuT2QjZr9ANL2Kr545hzV2', 'willie', 'willie@gmail.com', 'member', '2025-10-30 18:42:19', NULL, 1),
('-Ocs9GvjfMY5IihiDSZ2', '-OcJ9Y8caDiTSy5MQQl6', 'X0CuCWqtz2RQHGZ2Ithp3cwdjon2', 'boy kupit', 'kupit@gmail.com', 'leader', '2025-10-30 18:46:51', NULL, 1),
('-Odg5hSAiyU4_OOOsaoz', '-OaIeHTJynT9OLl_44iB', 'dYMNyLpVH6XmDVMJk8QQMvj8NWX2', 'Ryan Gonzales', 'digimumsquarter.va9@gmail.com', 'member', '2025-11-09 20:51:28', NULL, 1),
('-OdqCwBC_Z6AdzfHvqDj', '-OdqCw9-J_8z9tRcM1u5', 'f0LDwi3dMXcTjDYCC2arQScMbfF2', 'Nica Gomez', 'admin@nexistrydigitalsolutions.com', 'leader', '2025-11-11 19:59:15', NULL, 1),
('-OdqD3sWV4fUgXRZ5Xup', '-OdqCw9-J_8z9tRcM1u5', 'IqfD9WycDNYq0K0nL7zoJwQvA323', 'Mickaella Marie Novilla', 'digimumsquarter.va2@gmail.com', 'leader', '2025-11-11 19:59:50', NULL, 1),
('-OfWeWWGl5_ohkBeWYvE', '-OfWeWTKJKlL--SH8ns7', 'RnnCeKlaWhe7QjFeYNQzNYxb9xp2', 'Emman', 'emman@gmail.com', 'leader', '2025-12-02 16:43:30', NULL, 1),
('-OgA8Ly14Oa_ToNxlnk_', '-OgA8LvBGgCzzs026Lw9', 'RnnCeKlaWhe7QjFeYNQzNYxb9xp2', 'Emman', 'emman@gmail.com', 'leader', '2025-12-10 18:02:42', NULL, 1),
('-OgA8RHkYE9JZ3sw5MzT', '-OgA8REv7sIzHuzQIP_z', 'RnnCeKlaWhe7QjFeYNQzNYxb9xp2', 'Emman', 'emman@gmail.com', 'leader', '2025-12-10 18:03:03', NULL, 1);

-- --------------------------------------------------------

--
-- Table structure for table `time_entries`
--

CREATE TABLE `time_entries` (
  `id` varchar(255) NOT NULL,
  `user_id` varchar(255) NOT NULL,
  `company_id` varchar(255) DEFAULT NULL,
  `project_id` varchar(255) DEFAULT NULL,
  `project_name` varchar(255) DEFAULT NULL,
  `client_id` varchar(255) DEFAULT NULL,
  `client_name` varchar(255) DEFAULT NULL,
  `description` text DEFAULT NULL,
  `start_time` timestamp NOT NULL DEFAULT current_timestamp() ON UPDATE current_timestamp(),
  `end_time` timestamp NULL DEFAULT NULL,
  `duration` int(11) NOT NULL,
  `is_running` tinyint(1) DEFAULT 0,
  `is_billable` tinyint(1) DEFAULT 0,
  `tags` text DEFAULT NULL,
  `created_at` timestamp NOT NULL DEFAULT current_timestamp(),
  `updated_at` timestamp NOT NULL DEFAULT current_timestamp() ON UPDATE current_timestamp()
) ENGINE=InnoDB DEFAULT CHARSET=utf8mb4 COLLATE=utf8mb4_general_ci;

--
-- Dumping data for table `time_entries`
--

INSERT INTO `time_entries` (`id`, `user_id`, `company_id`, `project_id`, `project_name`, `client_id`, `client_name`, `description`, `start_time`, `end_time`, `duration`, `is_running`, `is_billable`, `tags`, `created_at`, `updated_at`) VALUES
('-OabaswRWlaPA9i5-1Zt', 'IqfD9WycDNYq0K0nL7zoJwQvA323', '-OaF0Sp0pgZKkfQXuyK8', '-OaHm1z2zmHsOTAxS78u', 'Policies', '-OaF__7hf_r5hVgOlOfP', 'Cynthia Scott', 'Meeting with Cynthia and continue on Requoting', '2025-10-02 17:06:53', '2025-10-02 18:24:09', 4635, 0, 1, NULL, '2025-10-02 17:06:53', '2025-10-23 01:14:22'),
('-OabaXWySxTmX6PCi5pr', 'QbclXdG1I1craJqYsGcVQSY7i9L2', '-OaF0Sp0pgZKkfQXuyK8', '-OaT0cTic_9BfOLzp2mv', 'General Task', '-OaHdsmqBOMH8PjjyVdp', 'Nexistry Digital Solutions', 'dsad', '2025-10-02 17:05:21', '2025-10-02 17:05:37', 16, 0, 1, NULL, '2025-10-02 17:05:21', '2025-10-02 17:25:47'),
('-Oabbz_2vtOAaSFn11q6', 'QbclXdG1I1craJqYsGcVQSY7i9L2', '-OaF0Sp0pgZKkfQXuyK8', '-OaT0cTic_9BfOLzp2mv', 'General Task', '-OaHdsmqBOMH8PjjyVdp', 'Nexistry Digital Solutions', 'fdsaf', '2025-10-02 17:11:42', '2025-10-02 17:11:54', 12, 0, 1, NULL, '2025-10-02 17:11:42', '2025-10-02 17:11:54'),
('-Oabc7bcCZJv5_CidGF2', 'QbclXdG1I1craJqYsGcVQSY7i9L2', '-OaF0Sp0pgZKkfQXuyK8', '-OaT0cTic_9BfOLzp2mv', 'General Task', '-OaHdsmqBOMH8PjjyVdp', 'Nexistry Digital Solutions', 'ghfdsgfd', '2025-10-02 17:12:19', '2025-10-02 17:12:33', 14, 0, 1, NULL, '2025-10-02 17:12:19', '2025-10-02 17:12:33'),
('-Oabd7Ctzl8XALPqeQ_w', 'QbclXdG1I1craJqYsGcVQSY7i9L2', '-OaF0Sp0pgZKkfQXuyK8', '-OaT0cTic_9BfOLzp2mv', 'General Task', '-OaHdsmqBOMH8PjjyVdp', 'Nexistry Digital Solutions', 'fgdfgd', '2025-10-02 17:16:39', '2025-10-02 17:16:54', 14, 0, 1, NULL, '2025-10-02 17:16:39', '2025-10-02 17:16:54'),
('-Oabh-pd4lJrbNlWFN-D', 'QbclXdG1I1craJqYsGcVQSY7i9L2', '-OaF0Sp0pgZKkfQXuyK8', '-OaT0cTic_9BfOLzp2mv', 'General Task', '-OaHdsmqBOMH8PjjyVdp', 'Nexistry Digital Solutions', 'fgdgd', '2025-10-02 17:33:38', '2025-10-02 17:33:53', 15, 0, 0, NULL, '2025-10-02 17:33:38', '2025-10-02 17:33:53'),
('-OabkHhAKe3iqosbxc7b', 'QbclXdG1I1craJqYsGcVQSY7i9L2', '-OaF0Sp0pgZKkfQXuyK8', '-OaT0cTic_9BfOLzp2mv', 'General Task', '-OaHdsmqBOMH8PjjyVdp', 'Nexistry Digital Solutions', 'Description test', '2025-10-02 17:47:57', '2025-10-02 17:48:24', 26, 0, 1, NULL, '2025-10-02 17:47:57', '2025-10-02 17:48:24'),
('-OabMhePE1zVreHsy_i7', 'ZFaIkP4hL3VaGNFYXzlNxrXHZOj1', '-OaF0Sp0pgZKkfQXuyK8', '-OaSAH5HYkbn4_wC8Vt8', 'Deligation of Task', '-OaHdsmqBOMH8PjjyVdp', 'Nexistry Digital Solutions', 'Delegation of task', '2025-10-02 16:00:30', '2025-10-02 16:10:45', 614, 0, 0, NULL, '2025-10-02 16:00:30', '2025-10-02 16:10:45'),
('-OabNT-nwzd7D-9nDrpB', '9gcUwwHP9vRYPW2tUKso2eAscdw1', '-OaF0Sp0pgZKkfQXuyK8', '-OaT0cTic_9BfOLzp2mv', 'General Task', '-OaHdsmqBOMH8PjjyVdp', 'Nexistry Digital Solutions', 'FE', '2025-10-02 16:03:52', '2025-10-02 16:28:31', 1478, 0, 1, NULL, '2025-10-02 16:03:52', '2025-10-02 22:49:50'),
('-OabNvoATvBM8d15G9DY', 'UzY6A27FBYSJbDkjy9suM4aEdZ02', '-OaF0Sp0pgZKkfQXuyK8', '-OaT0cTic_9BfOLzp2mv', 'General Task', '-OaHdsmqBOMH8PjjyVdp', 'Nexistry Digital Solutions', 'Why Every Service-Based Business Needs a PM + Automation System Migration', '2025-10-02 16:05:55', '2025-10-02 20:07:09', 14474, 0, 0, NULL, '2025-10-02 16:05:55', '2025-10-02 20:07:09'),
('-OabO-xEqEpUjOvXRwLD', 'dYMNyLpVH6XmDVMJk8QQMvj8NWX2', '-OaF0Sp0pgZKkfQXuyK8', '-OaH_9rCpTd8isZo2fQd', 'Meeting Gab', '-OaF_rhnBqSPRApXlxhz', 'Meaghan Bird', 'Continue making PDF downloadable - another 3 pages done', '2025-10-02 16:06:16', '2025-10-02 18:11:28', 7511, 0, 1, NULL, '2025-10-02 16:06:16', '2025-10-23 01:22:00'),
('-OabOGtc56ld1RZzUER0', 'gSb0eR1DWTTW4uzY2V6A1as0Riw2', '-OaF0Sp0pgZKkfQXuyK8', '-OaT0cTic_9BfOLzp2mv', 'General Task', '-OaHdsmqBOMH8PjjyVdp', 'Nexistry Digital Solutions', 'gen', '2025-10-02 16:07:25', '2025-10-02 20:28:13', 15647, 0, 0, NULL, '2025-10-02 16:07:25', '2025-10-02 20:28:13'),
('-OabP3D74f4COTZ8PVK9', 'ZFaIkP4hL3VaGNFYXzlNxrXHZOj1', '-OaF0Sp0pgZKkfQXuyK8', '-OaIvcxkKmxNcutRyzCt', 'Reels', '-OaF_PI3x-J9swtbjdzY', 'Rebecca Davis', 'Revision of reels', '2025-10-02 16:10:47', '2025-10-02 18:15:32', 7485, 0, 0, NULL, '2025-10-02 16:10:47', '2025-10-02 18:15:32'),
('-OabppfYJFcpcSIT-T6D', '9gcUwwHP9vRYPW2tUKso2eAscdw1', '-OaF0Sp0pgZKkfQXuyK8', '-OaT0cTic_9BfOLzp2mv', 'General Task', '-OaHdsmqBOMH8PjjyVdp', 'Nexistry Digital Solutions', '.', '2025-10-02 18:12:12', '2025-10-02 18:23:51', 698, 0, 1, NULL, '2025-10-02 18:12:12', '2025-10-02 22:49:46'),
('-Oabq9btRPXU0prPGuH4', 'dYMNyLpVH6XmDVMJk8QQMvj8NWX2', '-OaF0Sp0pgZKkfQXuyK8', '-OaIdLqEYylkMSkkkLV8', 'Set up Gabby', '-OaIXstXRfHXgtWo4ZQ0', 'Gabriela Merlos ', 'Email Marketing', '2025-10-02 18:13:38', '2025-10-02 21:16:59', 11001, 0, 1, NULL, '2025-10-02 18:13:38', '2025-10-23 01:21:55'),
('-Oabqc2xXknTx4VpBec4', 'ZFaIkP4hL3VaGNFYXzlNxrXHZOj1', '-OaF0Sp0pgZKkfQXuyK8', '-OaXrOkWMqGQE9d-3fMl', 'Lead Generation', '-OaF_i7zD_3pxQlBlXcK', 'Damien Tugwell', 'working on Eazy as posting', '2025-10-02 18:15:34', '2025-10-03 00:17:15', 21701, 0, 0, NULL, '2025-10-02 18:15:34', '2025-10-03 00:17:15'),
('-OabskHqIlr1VTMdB1kr', 'IqfD9WycDNYq0K0nL7zoJwQvA323', '-OaF0Sp0pgZKkfQXuyK8', '-OaHm1z2zmHsOTAxS78u', 'Policies', '-OaF__7hf_r5hVgOlOfP', 'Cynthia Scott', 'Requoting and reviewing home insurance training', '2025-10-02 18:24:57', '2025-10-02 20:20:19', 6921, 0, 1, NULL, '2025-10-02 18:24:57', '2025-10-02 20:20:19'),
('-Oabspzx7A3XOTTFYas9', '9gcUwwHP9vRYPW2tUKso2eAscdw1', '-OaF0Sp0pgZKkfQXuyK8', '-OaIhXBNjt7lAZeTWFVs', 'Website Migration', '-OaIXstXRfHXgtWo4ZQ0', 'Gabriela Merlos ', 'Manual coding for function', '2025-10-02 18:25:20', '2025-10-02 18:56:05', 1844, 0, 1, NULL, '2025-10-02 18:25:20', '2025-10-02 18:56:05'),
('-OabUOyRBeX0RMXc8Ey-', 'IqfD9WycDNYq0K0nL7zoJwQvA323', '-OaF0Sp0pgZKkfQXuyK8', '-OaHm1z2zmHsOTAxS78u', 'Policies', '-OaF__7hf_r5hVgOlOfP', 'Cynthia Scott', 'Requoting for Auto Carrier', '2025-10-02 16:34:12', '2025-10-02 17:06:11', 1919, 0, 1, NULL, '2025-10-02 16:34:12', '2025-10-23 01:14:22'),
('-OabWl7DmJ2Aag0MTxo_', '9gcUwwHP9vRYPW2tUKso2eAscdw1', '-OaF0Sp0pgZKkfQXuyK8', '-OaT0cTic_9BfOLzp2mv', 'General Task', '-OaHdsmqBOMH8PjjyVdp', 'Nexistry Digital Solutions', 'We hfd', '2025-10-02 16:44:30', '2025-10-02 17:01:34', 1024, 0, 1, NULL, '2025-10-02 16:44:30', '2025-10-02 22:49:51'),
('-Oab_zHkhTks7vWT_SzY', '9gcUwwHP9vRYPW2tUKso2eAscdw1', '-OaF0Sp0pgZKkfQXuyK8', '-OaIhXBNjt7lAZeTWFVs', 'Website Migration', '-OaIXstXRfHXgtWo4ZQ0', 'Gabriela Merlos ', 'Manual coding of functions', '2025-10-02 17:02:58', '2025-10-02 18:07:41', 3883, 0, 1, NULL, '2025-10-02 17:02:58', '2025-10-02 22:49:52'),
('-Oac-8nwxJHWnprFxzgH', '9gcUwwHP9vRYPW2tUKso2eAscdw1', '-OaF0Sp0pgZKkfQXuyK8', '-OaIhXBNjt7lAZeTWFVs', 'Website Migration', '-OaIXstXRfHXgtWo4ZQ0', 'Gabriela Merlos ', 'Manual coding for function', '2025-10-02 18:57:16', '2025-10-02 20:10:31', 4394, 0, 1, NULL, '2025-10-02 18:57:16', '2025-10-02 22:49:44'),
('-OacfqKGDm9I01l20TKO', 'IqfD9WycDNYq0K0nL7zoJwQvA323', '-OaF0Sp0pgZKkfQXuyK8', '-OaT0cTic_9BfOLzp2mv', 'General Task', '-OaHdsmqBOMH8PjjyVdp', 'Nexistry Digital Solutions', 'Weekly Meeting', '2025-10-02 22:08:11', '2025-10-02 23:24:57', 4606, 0, 1, NULL, '2025-10-02 22:08:11', '2025-10-23 01:14:23'),
('-OacJyNZ6NqmJweFm4UF', 'gSb0eR1DWTTW4uzY2V6A1as0Riw2', '-OaF0Sp0pgZKkfQXuyK8', '-OaJPTg5SWbnjB5KajzB', 'Voice AI', '-OaFaDjHg8LBQ9IcU8au', 'Roel Carandang', 'feedback', '2025-10-02 20:28:14', '2025-10-02 20:47:49', 1175, 0, 1, NULL, '2025-10-02 20:28:14', '2025-10-23 19:16:29'),
('-OacOSXVm8RWmzz18JnJ', 'gSb0eR1DWTTW4uzY2V6A1as0Riw2', '-OaF0Sp0pgZKkfQXuyK8', '-OaT0cTic_9BfOLzp2mv', 'General Task', '-OaHdsmqBOMH8PjjyVdp', 'Nexistry Digital Solutions', 'gen', '2025-10-02 20:47:50', '2025-10-02 23:33:36', 9945, 0, 0, NULL, '2025-10-02 20:47:50', '2025-10-02 23:33:36'),
('-OacTSOaYd9jI9duM8nr', '9gcUwwHP9vRYPW2tUKso2eAscdw1', '-OaF0Sp0pgZKkfQXuyK8', '-OaIhXBNjt7lAZeTWFVs', 'Website Migration', '-OaIXstXRfHXgtWo4ZQ0', 'Gabriela Merlos ', 'automation and manual coding for functions', '2025-10-02 21:09:41', '2025-10-03 01:28:49', 15548, 0, 1, NULL, '2025-10-02 21:09:41', '2025-10-03 01:28:49'),
('-OacV9-ABKEPvgHKT_9d', 'dYMNyLpVH6XmDVMJk8QQMvj8NWX2', '-OaF0Sp0pgZKkfQXuyK8', '-OaHm1z2zmHsOTAxS78u', 'Policies', '-OaF__7hf_r5hVgOlOfP', 'Cynthia Scott', 'Make version of Logo for AI Insurance Skool', '2025-10-02 21:17:05', '2025-10-03 00:35:58', 11932, 0, 0, NULL, '2025-10-02 21:17:05', '2025-10-03 00:35:58'),
('-OacWN3MYcViI11qeCQw', 'IqfD9WycDNYq0K0nL7zoJwQvA323', '-OaF0Sp0pgZKkfQXuyK8', '-OaOD6ZsGBB1RKHX5Mo2', 'Conversational AI', '-OaF__7hf_r5hVgOlOfP', 'Cynthia Scott', 'Product', '2025-10-02 21:22:26', '2025-10-02 22:08:10', 2744, 0, 1, NULL, '2025-10-02 21:22:26', '2025-10-02 22:08:10'),
('-OacxQNYJcY6mq_YaCH6', 'IqfD9WycDNYq0K0nL7zoJwQvA323', '-OaF0Sp0pgZKkfQXuyK8', '-OaSAH5HYkbn4_wC8Vt8', 'Deligation of Task', '-OaHdsmqBOMH8PjjyVdp', 'Nexistry Digital Solutions', 'Assist', '2025-10-02 23:24:59', '2025-10-03 03:04:00', 13140, 0, 1, NULL, '2025-10-02 23:24:59', '2025-10-23 01:14:24'),
('-OaczOrWMnuE3gOvL7jR', 'gSb0eR1DWTTW4uzY2V6A1as0Riw2', '-OaF0Sp0pgZKkfQXuyK8', '-OaT0cTic_9BfOLzp2mv', 'General Task', '-OaHdsmqBOMH8PjjyVdp', 'Nexistry Digital Solutions', 'gen', '2025-10-02 23:33:36', '2025-10-03 01:49:15', 8139, 0, 0, NULL, '2025-10-02 23:33:36', '2025-10-03 01:49:15'),
('-OaHlI_wHQjz3X_4vQ2o', 'ZFaIkP4hL3VaGNFYXzlNxrXHZOj1', '-OaF0Sp0pgZKkfQXuyK8', '-OaFfnG5N7C2eLz_KYO2', 'Default Project', NULL, NULL, 'Nexistry Delegation of Task', '2025-09-28 16:00:20', '2025-09-28 16:04:11', 231, 0, 0, NULL, '2025-09-28 16:00:20', '2025-09-28 16:04:11'),
('-OaHmFyXNBSv6W3XKjkL', 'IqfD9WycDNYq0K0nL7zoJwQvA323', '-OaF0Sp0pgZKkfQXuyK8', '-OaHm1z2zmHsOTAxS78u', 'Policies', NULL, NULL, 'Progressive', '2025-09-28 16:04:33', '2025-09-28 18:51:24', 10010, 0, 1, NULL, '2025-09-28 16:04:33', '2025-09-28 18:51:24'),
('-OaHmG1Oa0FxoCqCh3Vh', 'ZFaIkP4hL3VaGNFYXzlNxrXHZOj1', '-OaF0Sp0pgZKkfQXuyK8', '-OaFfnG5N7C2eLz_KYO2', 'Default Project', NULL, NULL, 'Kannonball Reels', '2025-09-28 16:04:32', '2025-09-29 00:08:23', 29031, 0, 0, NULL, '2025-09-28 16:04:32', '2025-09-29 00:08:23'),
('-OaHmQKjcU63s7kDJvEx', 'dYMNyLpVH6XmDVMJk8QQMvj8NWX2', '-OaF0Sp0pgZKkfQXuyK8', '-OaIiHPVdQ8Gb8pjw7ni', 'GHL Set-Up', NULL, NULL, 'Nexistry Migration and New Client (Gabby) Website Migration and Setup GHL Visuals', '2025-09-28 16:05:16', '2025-09-29 01:16:07', 33051, 0, 0, NULL, '2025-09-28 16:05:16', '2025-09-29 01:16:07'),
('-OaHm_6JvuB9kBxSHoAW', 'gSb0eR1DWTTW4uzY2V6A1as0Riw2', '-OaF0Sp0pgZKkfQXuyK8', '-OaFfnG5N7C2eLz_KYO2', 'Default Project', NULL, NULL, 'nexistry', '2025-09-28 16:05:56', '2025-09-28 17:26:46', 4850, 0, 0, NULL, '2025-09-28 16:05:56', '2025-09-28 17:26:46'),
('-OaHoS7V5EBe7op1iSJf', '7CFx1LWWNLZUsyoOeGizUsWaUkz1', '-OaF0Sp0pgZKkfQXuyK8', '-OaJ3VQkP7LaViJAr_1N', 'Automation', NULL, NULL, 'Coopers Website', '2025-09-28 16:14:06', '2025-09-29 16:01:19', 85633, 0, 0, NULL, '2025-09-28 16:14:06', '2025-09-29 16:01:19'),
('-OahrudL-E54XRguQemE', 'NftSf9kvaEMwvrlEyWKo1QCDshU2', '-OaF0Sp0pgZKkfQXuyK8', '-OaT0cTic_9BfOLzp2mv', 'General Task', '-OaHdsmqBOMH8PjjyVdp', 'Nexistry Digital Solutions', 'Zak', '2025-10-03 14:18:00', '2025-10-04 00:50:00', 37920, 0, 0, NULL, '2025-10-03 22:18:59', '2025-10-05 06:52:08'),
('-OaH_AiRoUuhclhmwQ2M', 'gSb0eR1DWTTW4uzY2V6A1as0Riw2', '-OaF0Sp0pgZKkfQXuyK8', '-OaH_9rCpTd8isZo2fQd', 'Meeting Gab', NULL, NULL, 'meeting with gab', '2025-09-28 15:07:24', '2025-09-28 15:20:05', 761, 0, 0, NULL, '2025-09-28 15:07:24', '2025-09-28 15:20:05'),
('-OaI44iPL4GYnkxyR8CK', 'gSb0eR1DWTTW4uzY2V6A1as0Riw2', '-OaF0Sp0pgZKkfQXuyK8', '-OaI5mt-8JB0flwRULCf', 'meeting with Roel', NULL, NULL, 'meeting', '2025-09-28 17:26:48', '2025-09-28 18:12:53', 2764, 0, 0, NULL, '2025-09-28 17:26:48', '2025-09-28 18:12:53'),
('-OaIbtZoJR48jR3qKh0C', 'IqfD9WycDNYq0K0nL7zoJwQvA323', '-OaF0Sp0pgZKkfQXuyK8', '-OaHm1z2zmHsOTAxS78u', 'Policies', NULL, NULL, 'Checking of Progressive carrier', '2025-09-28 19:58:53', '2025-09-28 21:11:15', 4342, 0, 1, NULL, '2025-09-28 19:58:53', '2025-09-28 21:11:15'),
('-OaIdFxzc3lgCQZV9nM7', 'gSb0eR1DWTTW4uzY2V6A1as0Riw2', '-OaF0Sp0pgZKkfQXuyK8', '-OaIdLqEYylkMSkkkLV8', 'Set up Gabby', NULL, NULL, 'set up ghl', '2025-09-28 20:04:51', '2025-09-28 20:45:20', 2428, 0, 0, NULL, '2025-09-28 20:04:51', '2025-09-28 20:45:20'),
('-OaIEd-wX9VbiSDu8jnf', 'gSb0eR1DWTTW4uzY2V6A1as0Riw2', '-OaF0Sp0pgZKkfQXuyK8', '-OaFfnG5N7C2eLz_KYO2', 'Default Project', NULL, NULL, 'nexistry', '2025-09-28 18:12:54', '2025-09-28 18:53:08', 2414, 0, 0, NULL, '2025-09-28 18:12:54', '2025-09-28 18:53:08'),
('-OaImX5tqRTCRuhWjnbP', 'gSb0eR1DWTTW4uzY2V6A1as0Riw2', '-OaF0Sp0pgZKkfQXuyK8', '-OaFfnG5N7C2eLz_KYO2', 'Default Project', NULL, NULL, 'nexistry', '2025-09-28 20:45:21', '2025-09-28 22:25:31', 6010, 0, 0, NULL, '2025-09-28 20:45:21', '2025-09-28 22:25:31'),
('-OaINqe0cEb6FJhMcbZm', 'gSb0eR1DWTTW4uzY2V6A1as0Riw2', '-OaF0Sp0pgZKkfQXuyK8', '-OaFfnG5N7C2eLz_KYO2', 'Default Project', NULL, NULL, 'Nexistry', '2025-09-28 18:53:09', '2025-09-28 20:04:48', 4299, 0, 0, NULL, '2025-09-28 18:53:09', '2025-09-28 20:04:48'),
('-OaIsSsqqbuMy_NRy-Xe', 'IqfD9WycDNYq0K0nL7zoJwQvA323', '-OaF0Sp0pgZKkfQXuyK8', '-OaFfnG5N7C2eLz_KYO2', 'Default Project', NULL, NULL, 'Worked on Zak, EDS', '2025-09-28 21:11:16', '2025-09-29 01:02:40', 13884, 0, 0, NULL, '2025-09-28 21:11:16', '2025-09-29 01:02:40'),
('-OaJ8Sah24jByD7aUDGB', 'gSb0eR1DWTTW4uzY2V6A1as0Riw2', '-OaF0Sp0pgZKkfQXuyK8', '-OaJPTg5SWbnjB5KajzB', 'Voice AI', NULL, NULL, 'Check Voice AI configuration and remove ring central number', '2025-09-28 22:25:32', '2025-09-28 23:40:31', 4499, 0, 0, NULL, '2025-09-28 22:25:32', '2025-09-28 23:40:31'),
('-OaJPcGrg6rp7jO5QKxo', 'gSb0eR1DWTTW4uzY2V6A1as0Riw2', '-OaF0Sp0pgZKkfQXuyK8', '-OaFfnG5N7C2eLz_KYO2', 'Default Project', NULL, NULL, 'nexistry', '2025-09-28 23:40:32', '2025-09-29 00:41:25', 3653, 0, 0, NULL, '2025-09-28 23:40:32', '2025-09-29 00:41:25'),
('-OaKjTxlqGPTaLIseI_U', 'rPYKipBcdXUhEd3qpdjEzjNw70m2', '-OaF0Sp0pgZKkfQXuyK8', '-OaFfnG5N7C2eLz_KYO2', 'Default Project', NULL, NULL, 'daily task', '2025-09-29 05:51:17', '2025-09-29 05:52:34', 76, 0, 0, NULL, '2025-09-29 05:51:17', '2025-09-29 05:52:34'),
('-OaKk0ukY0fWmsml6X5f', 'rPYKipBcdXUhEd3qpdjEzjNw70m2', '-OaF0Sp0pgZKkfQXuyK8', '-OaFfnG5N7C2eLz_KYO2', 'Default Project', NULL, NULL, 'daily task healthful harri', '2025-09-29 05:53:40', '2025-09-29 06:39:22', 2742, 0, 0, NULL, '2025-09-29 05:53:40', '2025-10-02 20:40:40'),
('-OaMv4XzwsMxPIsaWfb5', 'dYMNyLpVH6XmDVMJk8QQMvj8NWX2', '-OaF0Sp0pgZKkfQXuyK8', '-OaIhXBNjt7lAZeTWFVs', 'Website Migration', NULL, NULL, 'Premier Wellness And Aesthetics Of Clear Lake - Website Migration', '2025-09-29 16:01:12', '2025-09-29 16:54:29', 3196, 0, 0, NULL, '2025-09-29 16:01:12', '2025-09-29 16:54:29'),
('-OaMvISogQPXH7AJMkur', 'ZFaIkP4hL3VaGNFYXzlNxrXHZOj1', '-OaF0Sp0pgZKkfQXuyK8', '-OaFfnG5N7C2eLz_KYO2', 'Default Project', NULL, NULL, 'Task Delegation', '2025-09-29 16:02:06', '2025-09-29 16:08:29', 383, 0, 0, NULL, '2025-09-29 16:02:06', '2025-09-29 16:08:29'),
('-OaMvQkkdpUpL7ezIuEU', 'gSb0eR1DWTTW4uzY2V6A1as0Riw2', '-OaF0Sp0pgZKkfQXuyK8', '-OaFfnG5N7C2eLz_KYO2', 'Default Project', NULL, NULL, 'nexistry', '2025-09-29 16:02:43', '2025-09-29 18:40:21', 9457, 0, 0, NULL, '2025-09-29 16:02:43', '2025-09-29 18:40:21'),
('-OaMwwJZgyVtVpvGNGJA', 'ZFaIkP4hL3VaGNFYXzlNxrXHZOj1', '-OaF0Sp0pgZKkfQXuyK8', '-OaFfnG5N7C2eLz_KYO2', 'Default Project', NULL, NULL, 'Social Media posting (EDS)', '2025-09-29 16:09:16', '2025-09-29 22:46:48', 23851, 0, 0, NULL, '2025-09-29 16:09:16', '2025-09-29 22:46:48'),
('-OaMwyprZYVl-nnFO2Bc', '7CFx1LWWNLZUsyoOeGizUsWaUkz1', '-OaF0Sp0pgZKkfQXuyK8', '-OaIhXBNjt7lAZeTWFVs', 'Website Migration', NULL, NULL, 'cooper\'s website upper header', '2025-09-29 16:09:29', '2025-09-29 20:17:54', 14904, 0, 0, NULL, '2025-09-29 16:09:29', '2025-09-29 20:17:54'),
('-OaMypl_947BkFxJibOX', 'UzY6A27FBYSJbDkjy9suM4aEdZ02', '-OaF0Sp0pgZKkfQXuyK8', '-OaJ3VQkP7LaViJAr_1N', 'Automation', NULL, NULL, 'Automation Checking,  Checking Pipeline,  Create Pipeline,  Calendar Configuration', '2025-09-29 16:17:37', '2025-09-29 20:50:29', 16371, 0, 0, NULL, '2025-09-29 16:17:37', '2025-09-29 20:50:29'),
('-OaMywNzF1KXa1LMF6n7', 'NftSf9kvaEMwvrlEyWKo1QCDshU2', '-OaF0Sp0pgZKkfQXuyK8', '-OaFfnG5N7C2eLz_KYO2', 'Default Project', NULL, NULL, 'Working with some issues', '2025-09-29 16:18:03', '2025-09-29 17:26:32', 4108, 0, 0, NULL, '2025-09-29 16:18:03', '2025-09-29 17:26:32'),
('-OaNAayJwkJP0RkER0XN', 'dYMNyLpVH6XmDVMJk8QQMvj8NWX2', '-OaF0Sp0pgZKkfQXuyK8', '-OaIhXBNjt7lAZeTWFVs', 'Website Migration', NULL, NULL, 'Premier Wellness And Aesthetics Of Clear Lake - Website Migration', '2025-09-29 17:13:23', '2025-09-29 19:35:39', 8536, 0, 0, NULL, '2025-09-29 17:13:23', '2025-09-29 19:35:39'),
('-OaNawomBMBcjYuIxnS9', 'gSb0eR1DWTTW4uzY2V6A1as0Riw2', '-OaF0Sp0pgZKkfQXuyK8', '-OaFfnG5N7C2eLz_KYO2', 'Default Project', NULL, NULL, 'nexistry', '2025-09-29 19:12:51', '2025-09-30 01:15:59', 21788, 0, 0, NULL, '2025-09-29 19:12:51', '2025-09-30 01:15:59'),
('-OaNDe0nA0DmcScqitz6', 'NftSf9kvaEMwvrlEyWKo1QCDshU2', '-OaF0Sp0pgZKkfQXuyK8', '-OaFfnG5N7C2eLz_KYO2', 'Default Project', NULL, NULL, 'working with some issues', '2025-09-29 17:26:42', '2025-09-29 17:27:14', 31, 0, 0, NULL, '2025-09-29 17:26:42', '2025-09-29 17:27:14'),
('-OaNDnOP1msLuvf9vgU8', 'NftSf9kvaEMwvrlEyWKo1QCDshU2', '-OaF0Sp0pgZKkfQXuyK8', '-OaFfnG5N7C2eLz_KYO2', 'Default Project', NULL, NULL, 'working with some issues', '2025-09-29 17:27:21', '2025-09-29 17:33:08', 347, 0, 0, NULL, '2025-09-29 17:27:21', '2025-09-29 17:33:08'),
('-OaNF9urLrWgOW0-4JjM', 'NftSf9kvaEMwvrlEyWKo1QCDshU2', '-OaF0Sp0pgZKkfQXuyK8', '-OaFfnG5N7C2eLz_KYO2', 'Default Project', NULL, NULL, 'fgfd', '2025-09-29 17:33:19', '2025-09-29 17:33:58', 38, 0, 0, NULL, '2025-09-29 17:33:19', '2025-09-29 17:33:58'),
('-OaNFED5VevbTbPpdfUu', 'NftSf9kvaEMwvrlEyWKo1QCDshU2', '-OaF0Sp0pgZKkfQXuyK8', '-OaFfnG5N7C2eLz_KYO2', 'Default Project', NULL, NULL, 'test', '2025-09-29 17:33:37', '2025-09-29 17:56:20', 1363, 0, 0, NULL, '2025-09-29 17:33:37', '2025-09-29 17:56:20'),
('-OaNgAPqnBwxftCa1zJp', 'dYMNyLpVH6XmDVMJk8QQMvj8NWX2', '-OaF0Sp0pgZKkfQXuyK8', '-OaSAH5HYkbn4_wC8Vt8', 'Deligation of Task', '-OaHdsmqBOMH8PjjyVdp', 'Nexistry Digital Solutions', '(THIS MUST NOT BE RECORDED)', '2025-09-29 19:35:41', '2025-09-30 16:38:56', 75795, 0, 0, NULL, '2025-09-29 19:35:41', '2025-09-30 16:38:56'),
('-OaNIXqRTThUR7UoZGVq', 'QbclXdG1I1craJqYsGcVQSY7i9L2', '-OaF0Sp0pgZKkfQXuyK8', '-OaIjBREBZXCHIRDF2xE', 'Social Media Posting', '-OaHdsmqBOMH8PjjyVdp', 'Nexistry Digital Solutions', 'dsad', '2025-09-29 17:48:04', '2025-09-30 02:01:49', 29625, 0, 0, NULL, '2025-09-29 17:48:04', '2025-09-30 02:01:49'),
('-OaNKVvAMdWAidJC2_yk', 'NftSf9kvaEMwvrlEyWKo1QCDshU2', '-OaF0Sp0pgZKkfQXuyK8', '-OaFfnG5N7C2eLz_KYO2', 'Default Project', NULL, NULL, 'test2', '2025-09-29 17:56:40', '2025-09-29 17:56:59', 18, 0, 0, NULL, '2025-09-29 17:56:40', '2025-09-29 17:56:59'),
('-OaNLyWvZ6hnQWtrMixH', 'NftSf9kvaEMwvrlEyWKo1QCDshU2', '-OaF0Sp0pgZKkfQXuyK8', '-OaFfnG5N7C2eLz_KYO2', 'Default Project', NULL, NULL, 'dfs', '2025-09-29 18:03:03', '2025-09-29 18:11:32', 508, 0, 0, NULL, '2025-09-29 18:03:03', '2025-09-29 18:11:32'),
('-OaNMP2j4enjtBE0VPPE', 'IqfD9WycDNYq0K0nL7zoJwQvA323', '-OaF0Sp0pgZKkfQXuyK8', '-OaHm1z2zmHsOTAxS78u', 'Policies', NULL, NULL, 'Auto an', '2025-09-29 18:04:54', '2025-09-29 22:02:58', 14284, 0, 0, NULL, '2025-09-29 18:04:54', '2025-09-29 22:02:58'),
('-OaNNvTk1CGf3_VLEPGW', 'NftSf9kvaEMwvrlEyWKo1QCDshU2', '-OaF0Sp0pgZKkfQXuyK8', '-OaFfnG5N7C2eLz_KYO2', 'Default Project', NULL, NULL, 'System', '2025-09-29 18:11:35', '2025-09-30 02:02:40', 28264, 0, 0, NULL, '2025-09-29 18:11:35', '2025-09-30 02:02:40'),
('-OaOCtrMXrVp4cAryDLc', 'IqfD9WycDNYq0K0nL7zoJwQvA323', '-OaF0Sp0pgZKkfQXuyK8', '-OaOD6ZsGBB1RKHX5Mo2', 'Conversational AI', NULL, NULL, 'Documentation of Conversational AI and Voice AI', '2025-09-29 22:03:00', '2025-09-30 00:36:48', 9227, 0, 1, NULL, '2025-09-29 22:03:00', '2025-09-30 00:36:48'),
('-OaON40uWZHhuLqhIIj6', 'ZFaIkP4hL3VaGNFYXzlNxrXHZOj1', '-OaF0Sp0pgZKkfQXuyK8', '-OaIvcxkKmxNcutRyzCt', 'Reels', NULL, NULL, 'Rebeca reels revision and continuation of batch 2', '2025-09-29 22:47:26', '2025-09-30 00:08:49', 4882, 0, 0, NULL, '2025-09-29 22:47:26', '2025-09-30 00:08:49'),
('-OaqmgRYsozKRtiJc3b4', 'NftSf9kvaEMwvrlEyWKo1QCDshU2', '-OaF0Sp0pgZKkfQXuyK8', '-OaXrOkWMqGQE9d-3fMl', 'Lead Generation', '-OaF_i7zD_3pxQlBlXcK', 'Damien Tugwell', 'Adding automation on free viewing calendar', '2025-10-05 15:52:45', '2025-10-05 18:14:30', 8504, 0, 1, NULL, '2025-10-05 15:52:45', '2025-10-05 18:14:30'),
('-OaqoaTHeDrGpK5156Jz', '7CFx1LWWNLZUsyoOeGizUsWaUkz1', '-OaF0Sp0pgZKkfQXuyK8', '-OaYdBkObIkWZmkVYGSg', 'webite migration Coopers', '-OaF_B5nlnRS_ZWFuesL', 'Billy William', 'Website desktop and  mobile view fix, form popup.', '2025-10-05 16:01:06', '2025-10-05 22:10:27', 22160, 0, 0, NULL, '2025-10-05 16:01:06', '2025-10-05 22:10:27'),
('-Oaqoc2B2NF5yxGqJr1i', 'ZFaIkP4hL3VaGNFYXzlNxrXHZOj1', '-OaF0Sp0pgZKkfQXuyK8', '-OaSAH5HYkbn4_wC8Vt8', 'Deligation of Task', '-OaHdsmqBOMH8PjjyVdp', 'Nexistry Digital Solutions', 'Delegation of Task', '2025-10-05 16:01:08', '2025-10-05 16:13:01', 713, 0, 0, NULL, '2025-10-05 16:01:08', '2025-10-05 16:13:01'),
('-OaqojwrCdUyHKnVkLo2', 'UzY6A27FBYSJbDkjy9suM4aEdZ02', '-OaF0Sp0pgZKkfQXuyK8', '-OaT0cTic_9BfOLzp2mv', 'General Task', '-OaHdsmqBOMH8PjjyVdp', 'Nexistry Digital Solutions', 'UTM Parameters, Configuration of pipelines', '2025-10-05 16:01:44', '2025-10-05 20:18:05', 15381, 0, 0, NULL, '2025-10-05 16:01:44', '2025-10-05 20:18:05'),
('-OaqoRs8DKa_tft9eAnA', 'gSb0eR1DWTTW4uzY2V6A1as0Riw2', '-OaF0Sp0pgZKkfQXuyK8', '-OaSAH5HYkbn4_wC8Vt8', 'Deligation of Task', '-OaHdsmqBOMH8PjjyVdp', 'Nexistry Digital Solutions', 'gen', '2025-10-05 16:00:27', '2025-10-05 19:49:19', 13731, 0, 0, NULL, '2025-10-05 16:00:27', '2025-10-05 19:49:19'),
('-Oaqp3FMpOBS-yYbWgIT', 'IqfD9WycDNYq0K0nL7zoJwQvA323', '-OaF0Sp0pgZKkfQXuyK8', '-OaSAH5HYkbn4_wC8Vt8', 'Deligation of Task', '-OaHdsmqBOMH8PjjyVdp', 'Nexistry Digital Solutions', 'Rebecca, Zak and Cynthia', '2025-10-05 16:03:07', '2025-10-05 17:12:42', 4175, 0, 1, NULL, '2025-10-05 16:03:07', '2025-10-23 01:14:25'),
('-OaqqjqnDpYG5rm651pa', '9gcUwwHP9vRYPW2tUKso2eAscdw1', '-OaF0Sp0pgZKkfQXuyK8', '-OaT0cTic_9BfOLzp2mv', 'General Task', '-OaHdsmqBOMH8PjjyVdp', 'Nexistry Digital Solutions', 'Email Marketing Automation', '2025-10-05 16:10:26', '2025-10-05 22:55:31', 24305, 0, 0, NULL, '2025-10-05 16:10:26', '2025-10-05 22:55:31'),
('-OaqrMP9oKlOwqJqX7xJ', 'ZFaIkP4hL3VaGNFYXzlNxrXHZOj1', '-OaF0Sp0pgZKkfQXuyK8', '-OaIvcxkKmxNcutRyzCt', 'Reels', '-OaF_PI3x-J9swtbjdzY', 'Rebecca Davis', 'Update Mondays, create graphics for Halloween posting and also reels', '2025-10-05 16:13:06', '2025-10-06 00:04:48', 28301, 0, 0, NULL, '2025-10-05 16:13:06', '2025-10-06 00:04:48'),
('-OaqsYmd5J_8tZjlEWBV', 'dYMNyLpVH6XmDVMJk8QQMvj8NWX2', '-OaF0Sp0pgZKkfQXuyK8', '-OaH_9rCpTd8isZo2fQd', 'Meeting Gab', '-OaF_rhnBqSPRApXlxhz', 'Meaghan Bird', 'Revised PDF Downloadable in to 2 page content, and Revised Landing page footer', '2025-10-05 16:18:26', '2025-10-05 18:28:02', 7775, 0, 1, NULL, '2025-10-05 16:18:26', '2025-10-23 01:21:53'),
('-Oar3zkrh26RFS1r9Eyf', 'IqfD9WycDNYq0K0nL7zoJwQvA323', '-OaF0Sp0pgZKkfQXuyK8', '-OaHm1z2zmHsOTAxS78u', 'Policies', '-OaF__7hf_r5hVgOlOfP', 'Cynthia Scott', 'Monday Drill - Progressive', '2025-10-05 17:12:43', '2025-10-05 19:01:34', 6531, 0, 1, NULL, '2025-10-05 17:12:43', '2025-10-05 22:13:50'),
('-OaraadatKk-EWEAKcJD', 'dYMNyLpVH6XmDVMJk8QQMvj8NWX2', '-OaF0Sp0pgZKkfQXuyK8', '-OaIhXBNjt7lAZeTWFVs', 'Website Migration', '-OaIXstXRfHXgtWo4ZQ0', 'Gabriela Merlos ', '7 pages done (desktop and mobile)', '2025-10-05 19:39:34', '2025-10-05 23:21:29', 13315, 0, 1, NULL, '2025-10-05 19:39:34', '2025-10-23 01:21:49'),
('-Oarhr9iMjehniQihxQO', 'gSb0eR1DWTTW4uzY2V6A1as0Riw2', '-OaF0Sp0pgZKkfQXuyK8', '-OaT0cTic_9BfOLzp2mv', 'General Task', '-OaHdsmqBOMH8PjjyVdp', 'Nexistry Digital Solutions', 'gen', '2025-10-05 20:11:17', '2025-10-05 21:42:26', 5469, 0, 0, NULL, '2025-10-05 20:11:17', '2025-10-05 21:42:26'),
('-Oarhx_UIwpCYZJ3RwmL', 'IqfD9WycDNYq0K0nL7zoJwQvA323', '-OaF0Sp0pgZKkfQXuyK8', '-OaHm1z2zmHsOTAxS78u', 'Policies', '-OaF__7hf_r5hVgOlOfP', 'Cynthia Scott', 'Monday drill - Progresseive PCs, Tdocs', '2025-10-05 20:11:42', '2025-10-05 22:13:42', 7320, 0, 1, NULL, '2025-10-05 20:11:42', '2025-10-05 22:13:48'),
('-OarI7wPmUEvLtwRFZVM', 'NftSf9kvaEMwvrlEyWKo1QCDshU2', '-OaF0Sp0pgZKkfQXuyK8', '-OaT0cTic_9BfOLzp2mv', 'General Task', '-OaHdsmqBOMH8PjjyVdp', 'Nexistry Digital Solutions', 'Nexistry migration', '2025-10-05 18:14:30', '2025-10-06 02:24:43', 29412, 0, 0, NULL, '2025-10-05 18:14:30', '2025-10-06 02:24:43'),
('-OarLDPa0uxYivEA2FZS', 'dYMNyLpVH6XmDVMJk8QQMvj8NWX2', '-OaF0Sp0pgZKkfQXuyK8', '-OaT0cTic_9BfOLzp2mv', 'General Task', '-OaHdsmqBOMH8PjjyVdp', 'Nexistry Digital Solutions', 'Compile Nexistry Digital Products', '2025-10-05 18:28:03', '2025-10-05 19:39:33', 4289, 0, 0, NULL, '2025-10-05 18:28:03', '2025-10-05 19:39:33'),
('-OaS8G62XdjT7WNFuW_w', 'QbclXdG1I1craJqYsGcVQSY7i9L2', '-OaF0Sp0pgZKkfQXuyK8', '-OaIjBREBZXCHIRDF2xE', 'Social Media Posting', '-OaHdsmqBOMH8PjjyVdp', 'Nexistry Digital Solutions', 'sdasfas', '2025-09-30 16:21:16', '2025-09-30 16:22:56', 99, 0, 0, NULL, '2025-09-30 16:21:16', '2025-09-30 16:22:56'),
('-OaS8t-pvVUNqvrFtQw8', 'NftSf9kvaEMwvrlEyWKo1QCDshU2', '-OaF0Sp0pgZKkfQXuyK8', '-OaFfnG5N7C2eLz_KYO2', 'Default Project', '-OaFaDjHg8LBQ9IcU8au', 'Roel Carandang', 'dsfds', '2025-09-30 16:23:59', '2025-09-30 16:24:11', 11, 0, 0, NULL, '2025-09-30 16:23:59', '2025-09-30 16:24:11'),
('-OaS8zIYxdJ_KHnvSRbC', 'NftSf9kvaEMwvrlEyWKo1QCDshU2', '-OaF0Sp0pgZKkfQXuyK8', '-OaFfnG5N7C2eLz_KYO2', 'Default Project', '-OaFaDjHg8LBQ9IcU8au', 'Roel Carandang', 'fdsfds', '2025-09-30 16:24:25', '2025-09-30 18:45:40', 8474, 0, 0, NULL, '2025-09-30 16:24:25', '2025-09-30 18:45:40'),
('-OaS9LlSQGq10tfenKQA', '9gcUwwHP9vRYPW2tUKso2eAscdw1', '-OaF0Sp0pgZKkfQXuyK8', '-OaIjBREBZXCHIRDF2xE', 'Social Media Posting', '-OaHdsmqBOMH8PjjyVdp', 'Nexistry Digital Solutions', 'Social media', '2025-09-30 12:20:23', '2025-09-30 20:48:34', 30491, 0, 1, NULL, '2025-09-30 12:20:23', '2025-10-02 22:49:49'),
('-OaSA9y5mhFfkM2sCK8-', 'gSb0eR1DWTTW4uzY2V6A1as0Riw2', '-OaF0Sp0pgZKkfQXuyK8', '-OaSAH5HYkbn4_wC8Vt8', 'Deligation of Task', '-OaHdsmqBOMH8PjjyVdp', 'Nexistry Digital Solutions', 'task', '2025-09-30 16:29:35', '2025-09-30 18:22:22', 6766, 0, 0, NULL, '2025-09-30 16:29:35', '2025-09-30 18:22:22'),
('-OaSBhH9Dj5Bok2zB3kR', '7CFx1LWWNLZUsyoOeGizUsWaUkz1', '-OaF0Sp0pgZKkfQXuyK8', '-OaYdBkObIkWZmkVYGSg', 'webite migration Coopers', '-OaF_B5nlnRS_ZWFuesL', 'Billy William', 'Website and automation', '2025-09-30 16:36:18', '2025-10-02 15:58:53', 170555, 0, 0, NULL, '2025-09-30 16:36:18', '2025-10-02 15:58:53'),
('-OaSBwHTjXxQHjj1FcFB', 'ZFaIkP4hL3VaGNFYXzlNxrXHZOj1', '-OaF0Sp0pgZKkfQXuyK8', '-OaJ3VQkP7LaViJAr_1N', 'Automation', '-OaF_PI3x-J9swtbjdzY', 'Rebecca Davis', 'Investigation of MAPD and Reels', '2025-09-30 16:37:15', '2025-10-01 00:15:11', 27475, 0, 0, NULL, '2025-09-30 16:37:15', '2025-10-01 00:15:11'),
('-OaSC7VHZfWAqO2EmIrG', 'UzY6A27FBYSJbDkjy9suM4aEdZ02', '-OaF0Sp0pgZKkfQXuyK8', '-OaSAH5HYkbn4_wC8Vt8', 'Deligation of Task', '-OaHdsmqBOMH8PjjyVdp', 'Nexistry Digital Solutions', 'Create UTM parameters', '2025-09-30 16:38:11', '2025-09-30 20:02:13', 12242, 0, 0, NULL, '2025-09-30 16:38:11', '2025-09-30 20:02:13'),
('-OaSCTtg6ijPQ34rR4BO', 'dYMNyLpVH6XmDVMJk8QQMvj8NWX2', '-OaF0Sp0pgZKkfQXuyK8', '-OaSAH5HYkbn4_wC8Vt8', 'Deligation of Task', '-OaHdsmqBOMH8PjjyVdp', 'Nexistry Digital Solutions', 'Revised Client\'s Portal', '2025-09-30 16:39:42', '2025-09-30 17:14:03', 2061, 0, 0, NULL, '2025-09-30 16:39:42', '2025-09-30 17:14:03'),
('-OaSeJOvPoaCUBBUvygG', 'NftSf9kvaEMwvrlEyWKo1QCDshU2', '-OaF0Sp0pgZKkfQXuyK8', '-OaFfnG5N7C2eLz_KYO2', 'Default Project', '-OaFaDjHg8LBQ9IcU8au', 'Roel Carandang', 'fds', '2025-09-30 18:45:40', '2025-09-30 21:55:25', 11384, 0, 0, NULL, '2025-09-30 18:45:40', '2025-09-30 21:55:25'),
('-OasISul5B2MW3xBpvPK', '9gcUwwHP9vRYPW2tUKso2eAscdw1', '-OaF0Sp0pgZKkfQXuyK8', '-OaIhXBNjt7lAZeTWFVs', 'Website Migration', '-OaIXstXRfHXgtWo4ZQ0', 'Gabriela Merlos ', 'Manual Coding for Functions', '2025-10-05 22:55:32', '2025-10-06 00:00:49', 3916, 0, 1, NULL, '2025-10-05 22:55:32', '2025-10-06 00:00:49'),
('-OasKeb7jgyCF4L4uDMW', 'gSb0eR1DWTTW4uzY2V6A1as0Riw2', '-OaF0Sp0pgZKkfQXuyK8', '-OaT0cTic_9BfOLzp2mv', 'General Task', '-OaHdsmqBOMH8PjjyVdp', 'Nexistry Digital Solutions', 'gen', '2025-10-05 23:05:11', '2025-10-06 01:46:52', 9700, 0, 0, NULL, '2025-10-05 23:05:11', '2025-10-06 01:46:52'),
('-OaSKL9ZTUOrtEJuaH-G', 'dYMNyLpVH6XmDVMJk8QQMvj8NWX2', '-OaF0Sp0pgZKkfQXuyK8', '-OaSAH5HYkbn4_wC8Vt8', 'Deligation of Task', '-OaHdsmqBOMH8PjjyVdp', 'Nexistry Digital Solutions', 'Landing Page - Peptide', '2025-09-30 17:14:04', '2025-09-30 19:21:22', 7638, 0, 0, NULL, '2025-09-30 17:14:04', '2025-09-30 19:21:22'),
('-OaSLZwrKKD8PHo9Olab', 'IqfD9WycDNYq0K0nL7zoJwQvA323', '-OaF0Sp0pgZKkfQXuyK8', '-OaHm1z2zmHsOTAxS78u', 'Policies', '-OaF__7hf_r5hVgOlOfP', 'Cynthia Scott', 'Requoting Renewals', '2025-09-30 17:19:26', '2025-09-30 19:43:07', 8620, 0, 0, NULL, '2025-09-30 17:19:26', '2025-09-30 19:43:07'),
('-OasOP095A6b_5PyVAWO', 'dYMNyLpVH6XmDVMJk8QQMvj8NWX2', '-OaF0Sp0pgZKkfQXuyK8', '-OaHm1z2zmHsOTAxS78u', 'Policies', '-OaF__7hf_r5hVgOlOfP', 'Cynthia Scott', 'Logo of CRM Agent Hub', '2025-10-05 23:21:32', '2025-10-06 01:24:37', 7384, 0, 0, NULL, '2025-10-05 23:21:32', '2025-10-06 01:24:37'),
('-OaSqYt2ox-DQL8wbFSE', 'gSb0eR1DWTTW4uzY2V6A1as0Riw2', '-OaF0Sp0pgZKkfQXuyK8', '-OaT0cTic_9BfOLzp2mv', 'General Task', '-OaHdsmqBOMH8PjjyVdp', 'Nexistry Digital Solutions', 'sorting contact leads', '2025-09-30 19:39:09', '2025-09-30 20:27:56', 2927, 0, 0, NULL, '2025-09-30 19:39:09', '2025-09-30 20:27:56'),
('-OaSrSi3kT0V_POlyyrF', 'IqfD9WycDNYq0K0nL7zoJwQvA323', '-OaF0Sp0pgZKkfQXuyK8', '-OaHm1z2zmHsOTAxS78u', 'Policies', '-OaF__7hf_r5hVgOlOfP', 'Cynthia Scott', 'This is for Damien Outbound calling of Leads', '2025-09-30 19:43:07', '2025-09-30 21:55:39', 7951, 0, 0, NULL, '2025-09-30 19:43:07', '2025-09-30 21:55:39'),
('-OaSt1pqIWJf1VhLWyNW', 'dYMNyLpVH6XmDVMJk8QQMvj8NWX2', '-OaF0Sp0pgZKkfQXuyK8', '-OaFfnG5N7C2eLz_KYO2', 'Default Project', '-OaFaDjHg8LBQ9IcU8au', 'Roel Carandang', 'Another page on Website (Simple Roofing) - Review Page', '2025-09-30 19:50:01', '2025-09-30 20:46:40', 3399, 0, 1, NULL, '2025-09-30 19:50:01', '2025-10-23 01:22:08'),
('-OasXPMI5G3QmchtcjSQ', '9gcUwwHP9vRYPW2tUKso2eAscdw1', '-OaF0Sp0pgZKkfQXuyK8', '-OaT0cTic_9BfOLzp2mv', 'General Task', '-OaHdsmqBOMH8PjjyVdp', 'Nexistry Digital Solutions', 'general task', '2025-10-06 00:00:50', '2025-10-06 00:59:41', 3530, 0, 1, NULL, '2025-10-06 00:00:50', '2025-10-22 15:23:22'),
('-OaSZz4nqhrc97hggwGF', 'gSb0eR1DWTTW4uzY2V6A1as0Riw2', '-OaF0Sp0pgZKkfQXuyK8', '-OaSAH5HYkbn4_wC8Vt8', 'Deligation of Task', '-OaHdsmqBOMH8PjjyVdp', 'Nexistry Digital Solutions', 'Support Roel Review concern', '2025-09-30 18:22:22', '2025-09-30 19:39:08', 4606, 0, 0, NULL, '2025-09-30 18:22:22', '2025-09-30 19:39:08'),
('-OaT5AyHKU5hz4vPRB1Y', 'dYMNyLpVH6XmDVMJk8QQMvj8NWX2', '-OaF0Sp0pgZKkfQXuyK8', '-OaIhXBNjt7lAZeTWFVs', 'Website Migration', '-OaIXstXRfHXgtWo4ZQ0', 'Gabriela Merlos ', 'Page 2 - Providers', '2025-09-30 20:47:26', '2025-10-01 01:02:48', 15321, 0, 1, NULL, '2025-09-30 20:47:26', '2025-10-23 01:22:06'),
('-OaT6VrxcCncX_iIC-4l', 'gSb0eR1DWTTW4uzY2V6A1as0Riw2', '-OaF0Sp0pgZKkfQXuyK8', '-OaT0cTic_9BfOLzp2mv', 'General Task', '-OaHdsmqBOMH8PjjyVdp', 'Nexistry Digital Solutions', 'general task', '2025-09-30 20:53:13', '2025-10-01 01:02:57', 14983, 0, 0, NULL, '2025-09-30 20:53:13', '2025-10-01 01:02:57'),
('-OaTKkDyR3ztYEYTblDF', 'NftSf9kvaEMwvrlEyWKo1QCDshU2', '-OaF0Sp0pgZKkfQXuyK8', '-OaFfnG5N7C2eLz_KYO2', 'Default Project', '-OaFaDjHg8LBQ9IcU8au', 'Roel Carandang', 'System and make', '2025-09-30 21:55:26', '2025-10-01 06:52:27', 32220, 0, 0, NULL, '2025-09-30 21:55:26', '2025-10-01 06:52:27'),
('-OaTKnZxhzbtVZklboTL', 'IqfD9WycDNYq0K0nL7zoJwQvA323', '-OaF0Sp0pgZKkfQXuyK8', '-OaHm1z2zmHsOTAxS78u', 'Policies', '-OaF__7hf_r5hVgOlOfP', 'Cynthia Scott', 'Continued on Requoting and 2 hours with Conversational AI', '2025-09-30 21:55:41', '2025-10-01 01:00:35', 11093, 0, 0, NULL, '2025-09-30 21:55:41', '2025-10-01 01:00:35'),
('-Oatsbiobkp650yoEMZg', 'NftSf9kvaEMwvrlEyWKo1QCDshU2', '-OaF0Sp0pgZKkfQXuyK8', '-OaT0cTic_9BfOLzp2mv', 'General Task', '-OaHdsmqBOMH8PjjyVdp', 'Nexistry Digital Solutions', 'zak', '2025-10-06 06:17:30', '2025-10-06 09:43:34', 12364, 0, 0, NULL, '2025-10-06 06:17:30', '2025-10-06 09:43:34'),
('-Oavw03uaCnDG8w-bqzD', 'UzY6A27FBYSJbDkjy9suM4aEdZ02', '-OaF0Sp0pgZKkfQXuyK8', '-OaT0cTic_9BfOLzp2mv', 'General Task', '-OaHdsmqBOMH8PjjyVdp', 'Nexistry Digital Solutions', 'Ai chatbot', '2025-10-06 15:51:34', '2025-10-06 19:57:18', 14743, 0, 0, NULL, '2025-10-06 15:51:34', '2025-10-06 19:57:18'),
('-OavxlX9fDlqp7wxzSIL', '7CFx1LWWNLZUsyoOeGizUsWaUkz1', '-OaF0Sp0pgZKkfQXuyK8', '-OaYdBkObIkWZmkVYGSg', 'webite migration Coopers', '-OaF_B5nlnRS_ZWFuesL', 'Billy William', 'buttons of form in all pages fixed and created form automations for mobile and desktop', '2025-10-06 15:59:16', '2025-10-06 20:01:50', 14553, 0, 0, NULL, '2025-10-06 15:59:16', '2025-10-06 20:01:50'),
('-Oavxq1GIluY_K-ePFU_', 'ZFaIkP4hL3VaGNFYXzlNxrXHZOj1', '-OaF0Sp0pgZKkfQXuyK8', '-OaSAH5HYkbn4_wC8Vt8', 'Deligation of Task', '-OaHdsmqBOMH8PjjyVdp', 'Nexistry Digital Solutions', 'Delegation of Taxk', '2025-10-06 15:59:30', '2025-10-06 16:10:20', 650, 0, 0, NULL, '2025-10-06 15:59:30', '2025-10-06 16:10:20'),
('-Oavy6OWyOcTvbSL6GOn', 'dYMNyLpVH6XmDVMJk8QQMvj8NWX2', '-OaF0Sp0pgZKkfQXuyK8', '-OaH_9rCpTd8isZo2fQd', 'Meeting Gab', '-OaF_rhnBqSPRApXlxhz', 'Meaghan Bird', 'Continue making PDF downloadable', '2025-10-06 16:00:48', '2025-10-06 16:57:13', 3385, 0, 1, NULL, '2025-10-06 16:00:48', '2025-10-23 01:21:46'),
('-OavyNGAMFRDMzE3gy8z', 'gSb0eR1DWTTW4uzY2V6A1as0Riw2', '-OaF0Sp0pgZKkfQXuyK8', '-OaT0cTic_9BfOLzp2mv', 'General Task', '-OaHdsmqBOMH8PjjyVdp', 'Nexistry Digital Solutions', 'gen', '2025-10-06 16:01:56', '2025-10-06 18:39:57', 9481, 0, 0, NULL, '2025-10-06 16:01:56', '2025-10-06 18:39:57'),
('-Oaw-KISe-I47dybbvlU', 'ZFaIkP4hL3VaGNFYXzlNxrXHZOj1', '-OaF0Sp0pgZKkfQXuyK8', '-OaIvZdcisZxyig1R8On', 'Newsletter', '-OaF_PI3x-J9swtbjdzY', 'Rebecca Davis', 'Update October Newsletter Requested by Rebecca', '2025-10-06 16:10:23', '2025-10-06 16:36:00', 1537, 0, 0, NULL, '2025-10-06 16:10:23', '2025-10-06 16:36:00'),
('-Oaw0HKYzKIzvvF07-6H', 'NftSf9kvaEMwvrlEyWKo1QCDshU2', '-OaF0Sp0pgZKkfQXuyK8', '-OaT0cTic_9BfOLzp2mv', 'General Task', '-OaHdsmqBOMH8PjjyVdp', 'Nexistry Digital Solutions', 'Website', '2025-10-06 16:14:36', '2025-10-07 08:11:09', 57393, 0, 0, NULL, '2025-10-06 16:14:36', '2025-10-07 08:11:09'),
('-Oaw5BuiQb1GlsiUZN7K', 'ZFaIkP4hL3VaGNFYXzlNxrXHZOj1', '-OaF0Sp0pgZKkfQXuyK8', '-Oax9h97qVLyv9YjRjJg', 'Documentation', '-OaF_i7zD_3pxQlBlXcK', 'Damien Tugwell', 'Create Graphics for posting', '2025-10-06 16:36:01', '2025-10-07 00:14:14', 27493, 0, 0, NULL, '2025-10-06 16:36:01', '2025-10-07 00:14:14'),
('-OawA1Pg_juiNx3-GKq5', 'dYMNyLpVH6XmDVMJk8QQMvj8NWX2', '-OaF0Sp0pgZKkfQXuyK8', '-Oax9h97qVLyv9YjRjJg', 'Documentation', '-OaF_i7zD_3pxQlBlXcK', 'Damien Tugwell', 'Yoga Website Redesign', '2025-10-06 16:57:15', '2025-10-06 22:29:12', 19916, 0, 0, NULL, '2025-10-06 16:57:15', '2025-10-06 22:29:12'),
('-OawBEWda4_iz2IarBQm', '9gcUwwHP9vRYPW2tUKso2eAscdw1', '-OaF0Sp0pgZKkfQXuyK8', '-OaT0cTic_9BfOLzp2mv', 'General Task', '-OaHdsmqBOMH8PjjyVdp', 'Nexistry Digital Solutions', 'Review the old and new Nexistry Digital Solutions', '2025-10-06 17:02:30', '2025-10-07 01:02:38', 28808, 0, 1, NULL, '2025-10-06 17:02:30', '2025-10-22 15:23:21'),
('-OawcuAfLjkqAGnUrXG4', 'gSb0eR1DWTTW4uzY2V6A1as0Riw2', '-OaF0Sp0pgZKkfQXuyK8', '-Oax9h97qVLyv9YjRjJg', 'Documentation', '-OaF_i7zD_3pxQlBlXcK', 'Damien Tugwell', 'flower image', '2025-10-06 19:07:45', '2025-10-06 21:35:40', 8875, 0, 0, NULL, '2025-10-06 19:07:45', '2025-10-06 21:35:40'),
('-OawecrVX9Sxa0fP8IEN', 'IqfD9WycDNYq0K0nL7zoJwQvA323', '-OaF0Sp0pgZKkfQXuyK8', '-OaHm1z2zmHsOTAxS78u', 'Policies', '-OaF__7hf_r5hVgOlOfP', 'Cynthia Scott', 'Requoting, purchased a domain, changed the logo in the landing page', '2025-10-06 19:15:18', '2025-10-07 00:13:04', 17865, 0, 1, NULL, '2025-10-06 19:15:18', '2025-10-07 00:13:04'),
('-OawXYAqPc2e43wxz5jy', 'gSb0eR1DWTTW4uzY2V6A1as0Riw2', '-OaF0Sp0pgZKkfQXuyK8', '-OaIiHPVdQ8Gb8pjw7ni', 'GHL Set-Up', '-OaIXstXRfHXgtWo4ZQ0', 'Gabriela Merlos ', 'phone number', '2025-10-06 18:39:58', '2025-10-06 19:07:43', 1665, 0, 1, NULL, '2025-10-06 18:39:58', '2025-10-23 19:16:37'),
('-OaXCL2kMR11tjyHGKPz', 'UzY6A27FBYSJbDkjy9suM4aEdZ02', '-OaF0Sp0pgZKkfQXuyK8', '-OaT0cTic_9BfOLzp2mv', 'General Task', '-OaHdsmqBOMH8PjjyVdp', 'Nexistry Digital Solutions', 'Migration of FREE AI System Starter Guide', '2025-10-01 15:57:12', '2025-10-01 20:05:17', 14885, 0, 0, NULL, '2025-10-01 15:57:12', '2025-10-01 20:05:17'),
('-OaXDdJ-VZu2CbcunQjq', 'dYMNyLpVH6XmDVMJk8QQMvj8NWX2', '-OaF0Sp0pgZKkfQXuyK8', '-OaH_9rCpTd8isZo2fQd', 'Meeting Gab', '-OaF_rhnBqSPRApXlxhz', 'Meaghan Bird', 'Landing Page and PDF Downloadable - The Researcher’s Guide to Peptides (2025 Edition)', '2025-10-01 16:02:52', '2025-10-01 17:27:30', 5078, 0, 1, NULL, '2025-10-01 16:02:52', '2025-10-23 01:22:04'),
('-OaXDFRKyU4g1Yv6S_7_', 'ZFaIkP4hL3VaGNFYXzlNxrXHZOj1', '-OaF0Sp0pgZKkfQXuyK8', '-OaSAH5HYkbn4_wC8Vt8', 'Deligation of Task', '-OaHdsmqBOMH8PjjyVdp', 'Nexistry Digital Solutions', 'For EDS Social Poasting', '2025-10-01 16:01:06', '2025-10-01 16:15:05', 839, 0, 0, NULL, '2025-10-01 16:01:06', '2025-10-01 16:15:05'),
('-OaXDwhrpyRxOi0hHkw9', 'gSb0eR1DWTTW4uzY2V6A1as0Riw2', '-OaF0Sp0pgZKkfQXuyK8', '-OaSAH5HYkbn4_wC8Vt8', 'Deligation of Task', '-OaHdsmqBOMH8PjjyVdp', 'Nexistry Digital Solutions', 'deligation', '2025-10-01 16:04:12', '2025-10-01 16:30:04', 1552, 0, 0, NULL, '2025-10-01 16:04:12', '2025-10-01 16:30:04'),
('-OaXEvSA4cZjSgT1jNEH', 'NftSf9kvaEMwvrlEyWKo1QCDshU2', '-OaF0Sp0pgZKkfQXuyK8', '-OaT0cTic_9BfOLzp2mv', 'General Task', '-OaHdsmqBOMH8PjjyVdp', 'Nexistry Digital Solutions', 'System', '2025-10-01 16:08:28', '2025-10-02 09:28:19', 62390, 0, 0, NULL, '2025-10-01 16:08:28', '2025-10-02 09:28:19'),
('-OaXFFsybZfEzDkwMaLp', 'IqfD9WycDNYq0K0nL7zoJwQvA323', '-OaF0Sp0pgZKkfQXuyK8', '-OaHm1z2zmHsOTAxS78u', 'Policies', '-OaF__7hf_r5hVgOlOfP', 'Cynthia Scott', 'Home Insurance', '2025-10-01 16:09:56', '2025-10-01 18:40:20', 9023, 0, 0, NULL, '2025-10-01 16:09:56', '2025-10-01 18:40:20'),
('-OaXG7N281eZOFbkKNAZ', '9gcUwwHP9vRYPW2tUKso2eAscdw1', '-OaF0Sp0pgZKkfQXuyK8', '-OaIjBREBZXCHIRDF2xE', 'Social Media Posting', '-OaHdsmqBOMH8PjjyVdp', 'Nexistry Digital Solutions', 'wearstht', '2025-10-01 12:08:03', '2025-10-02 00:42:02', 45238, 0, 1, NULL, '2025-10-01 12:08:03', '2025-10-02 22:49:50'),
('-OaXGTA21BkeX4mSce1E', 'ZFaIkP4hL3VaGNFYXzlNxrXHZOj1', '-OaF0Sp0pgZKkfQXuyK8', '-OaXrOkWMqGQE9d-3fMl', 'Lead Generation', '-OaF_i7zD_3pxQlBlXcK', 'Damien Tugwell', 'Doing Social Posting', '2025-10-01 16:15:08', '2025-10-02 00:10:40', 28531, 0, 0, NULL, '2025-10-01 16:15:08', '2025-10-02 00:10:40'),
('-OaximqIX_Iqb8HD0rwl', 'IqfD9WycDNYq0K0nL7zoJwQvA323', '-OaF0Sp0pgZKkfQXuyK8', '-OaT0cTic_9BfOLzp2mv', 'General Task', '-OaHdsmqBOMH8PjjyVdp', 'Nexistry Digital Solutions', 'Video editing for Nexistry Core', '2025-10-07 00:13:05', '2025-10-07 05:08:28', 17722, 0, 1, NULL, '2025-10-07 00:13:05', '2025-10-23 01:14:15'),
('-OaXJrsPrDm_V8qL_g_5', 'gSb0eR1DWTTW4uzY2V6A1as0Riw2', '-OaF0Sp0pgZKkfQXuyK8', '-OaIdLqEYylkMSkkkLV8', 'Set up Gabby', '-OaIXstXRfHXgtWo4ZQ0', 'Gabriela Merlos ', 'contact upload and pipeline', '2025-10-01 16:30:05', '2025-10-01 17:12:58', 2573, 0, 1, NULL, '2025-10-01 16:30:05', '2025-10-23 19:16:50'),
('-OaxkWogqJecJbbZSuVv', 'gSb0eR1DWTTW4uzY2V6A1as0Riw2', '-OaF0Sp0pgZKkfQXuyK8', '-OaT0cTic_9BfOLzp2mv', 'General Task', '-OaHdsmqBOMH8PjjyVdp', 'Nexistry Digital Solutions', 'gen', '2025-10-07 00:20:39', '2025-10-07 02:02:51', 6132, 0, 0, NULL, '2025-10-07 00:20:39', '2025-10-07 02:02:51'),
('-OaxM05O9RfBRY2b2BQy', 'dYMNyLpVH6XmDVMJk8QQMvj8NWX2', '-OaF0Sp0pgZKkfQXuyK8', '-Oax9h97qVLyv9YjRjJg', 'Documentation', '-OaF_i7zD_3pxQlBlXcK', 'Damien Tugwell', 'Yoga Website Redesign - Inner Compass Healing (resume)', '2025-10-06 22:29:13', '2025-10-07 00:53:28', 8655, 0, 0, NULL, '2025-10-06 22:29:13', '2025-10-07 00:53:28'),
('-OaXmgL1gUB1LF1II-7t', 'IqfD9WycDNYq0K0nL7zoJwQvA323', '-OaF0Sp0pgZKkfQXuyK8', '-OaXrOkWMqGQE9d-3fMl', 'Lead Generation', '-OaF_i7zD_3pxQlBlXcK', 'Damien Tugwell', 'Calling Prospect Client from Elevate Hub', '2025-10-01 18:40:21', '2025-10-01 19:01:22', 1260, 0, 0, NULL, '2025-10-01 18:40:21', '2025-10-01 19:01:22'),
('-OaXrVhX3b4hmbs1JkOV', 'IqfD9WycDNYq0K0nL7zoJwQvA323', '-OaF0Sp0pgZKkfQXuyK8', '-OaOD6ZsGBB1RKHX5Mo2', 'Conversational AI', '-OaF__7hf_r5hVgOlOfP', 'Cynthia Scott', 'added Cynthia\'s bot a booking appointment and additional info', '2025-10-01 19:01:24', '2025-10-01 21:07:42', 7577, 0, 1, NULL, '2025-10-01 19:01:24', '2025-10-23 01:14:19'),
('-OaXTgP9u88t9JtvbGmK', 'gSb0eR1DWTTW4uzY2V6A1as0Riw2', '-OaF0Sp0pgZKkfQXuyK8', '-OaFfnG5N7C2eLz_KYO2', 'Default Project', '-OaFaDjHg8LBQ9IcU8au', 'Roel Carandang', 'reputation', '2025-10-01 17:12:59', '2025-10-01 20:23:23', 11424, 0, 1, NULL, '2025-10-01 17:12:59', '2025-10-23 19:16:52'),
('-OaXzUgfXFGJE05OgTQU', 'dYMNyLpVH6XmDVMJk8QQMvj8NWX2', '-OaF0Sp0pgZKkfQXuyK8', '-OaH_9rCpTd8isZo2fQd', 'Meeting Gab', '-OaF_rhnBqSPRApXlxhz', 'Meaghan Bird', 'Landing Page for Peptides and PDF downloadable', '2025-10-01 19:36:18', '2025-10-01 20:23:54', 2855, 0, 1, NULL, '2025-10-01 19:36:18', '2025-10-23 01:22:03'),
('-Oay6vGmJMy9Zi8BgPQI', 'gSb0eR1DWTTW4uzY2V6A1as0Riw2', '-OaF0Sp0pgZKkfQXuyK8', '-OaFfnG5N7C2eLz_KYO2', 'Default Project', '-OaFaDjHg8LBQ9IcU8au', 'Roel Carandang', 'website checking', '2025-10-07 02:02:52', '2025-10-07 02:50:07', 2835, 0, 1, NULL, '2025-10-07 02:02:52', '2025-10-23 19:16:04'),
('-OaY9Gizt9fcMShFUd8I', 'gSb0eR1DWTTW4uzY2V6A1as0Riw2', '-OaF0Sp0pgZKkfQXuyK8', '-OaT0cTic_9BfOLzp2mv', 'General Task', '-OaHdsmqBOMH8PjjyVdp', 'Nexistry Digital Solutions', 'general', '2025-10-01 20:23:24', '2025-10-01 21:39:58', 4593, 0, 0, NULL, '2025-10-01 20:23:24', '2025-10-01 21:39:58'),
('-OaY9OI1oQIbjizjX1du', 'dYMNyLpVH6XmDVMJk8QQMvj8NWX2', '-OaF0Sp0pgZKkfQXuyK8', '-OaIhXBNjt7lAZeTWFVs', 'Website Migration', '-OaIXstXRfHXgtWo4ZQ0', 'Gabriela Merlos ', '1. Mobile of Patients Page is Done.  2. Add new page which is Payment Plan page (some of sections is need to code, mobile undone)', '2025-10-01 20:23:56', '2025-10-01 22:31:05', 7629, 0, 1, NULL, '2025-10-01 20:23:56', '2025-10-23 01:22:02'),
('-OaYacHGlM40eOtAOuv-', 'gSb0eR1DWTTW4uzY2V6A1as0Riw2', '-OaF0Sp0pgZKkfQXuyK8', '-OaT0cTic_9BfOLzp2mv', 'General Task', '-OaHdsmqBOMH8PjjyVdp', 'Nexistry Digital Solutions', 'general', '2025-10-01 22:27:16', '2025-10-02 01:42:58', 11741, 0, 0, NULL, '2025-10-01 22:27:16', '2025-10-02 01:42:58'),
('-OaYbVF235reb_FGR7kt', 'dYMNyLpVH6XmDVMJk8QQMvj8NWX2', '-OaF0Sp0pgZKkfQXuyK8', '-OaT0cTic_9BfOLzp2mv', 'General Task', '-OaHdsmqBOMH8PjjyVdp', 'Nexistry Digital Solutions', 'Content making - Oct 03-25, 2025. and revise clients portal graphics', '2025-10-01 22:31:06', '2025-10-02 02:19:26', 13700, 0, 0, NULL, '2025-10-01 22:31:06', '2025-10-02 02:19:26'),
('-OaYJPsReBQsrEfFh0UK', 'IqfD9WycDNYq0K0nL7zoJwQvA323', '-OaF0Sp0pgZKkfQXuyK8', '-OaXrOkWMqGQE9d-3fMl', 'Lead Generation', '-OaF_i7zD_3pxQlBlXcK', 'Damien Tugwell', 'CAlling prospect from Elevate Hub', '2025-10-01 21:07:43', '2025-10-01 21:23:52', 968, 0, 1, NULL, '2025-10-01 21:07:43', '2025-10-23 01:14:19'),
('-OaylfIZPcOkuKlfS7Jf', 'gSb0eR1DWTTW4uzY2V6A1as0Riw2', '-OaF0Sp0pgZKkfQXuyK8', '-OaIiHPVdQ8Gb8pjw7ni', 'GHL Set-Up', '-OaIXstXRfHXgtWo4ZQ0', 'Gabriela Merlos ', 'a2p', '2025-10-07 05:05:17', '2025-10-07 05:10:09', 292, 0, 1, NULL, '2025-10-07 05:05:17', '2025-10-23 19:16:22'),
('-OaYN8ehL4lk_eN2S9s1', 'IqfD9WycDNYq0K0nL7zoJwQvA323', '-OaF0Sp0pgZKkfQXuyK8', '-OaT0cTic_9BfOLzp2mv', 'General Task', '-OaHdsmqBOMH8PjjyVdp', 'Nexistry Digital Solutions', 'Fixed Discord Server', '2025-10-01 21:24:01', '2025-10-02 01:20:02', 14160, 0, 1, NULL, '2025-10-01 21:24:01', '2025-10-23 01:14:21'),
('-Ob05o1thIbbazK3e3pj', 'UzY6A27FBYSJbDkjy9suM4aEdZ02', '-OaF0Sp0pgZKkfQXuyK8', '-OaT0cTic_9BfOLzp2mv', 'General Task', '-OaHdsmqBOMH8PjjyVdp', 'Nexistry Digital Solutions', 'Configuration of FB and IG Chatbot, Checking migration', '2025-10-07 15:56:50', '2025-10-07 20:05:28', 14918, 0, 0, NULL, '2025-10-07 15:56:50', '2025-10-07 20:05:28'),
('-Ob06dEzX9_I0TBFRVaO', 'IqfD9WycDNYq0K0nL7zoJwQvA323', '-OaF0Sp0pgZKkfQXuyK8', '-OaHm1z2zmHsOTAxS78u', 'Policies', '-OaF__7hf_r5hVgOlOfP', 'Cynthia Scott', 'Sending text messages, verify their payments first', '2025-10-07 16:00:31', '2025-10-07 16:52:40', 3129, 0, 1, NULL, '2025-10-07 16:00:31', '2025-10-07 16:52:40'),
('-Ob06KpyBcBNhHrF9aiw', 'ZFaIkP4hL3VaGNFYXzlNxrXHZOj1', '-OaF0Sp0pgZKkfQXuyK8', '-OaSAH5HYkbn4_wC8Vt8', 'Deligation of Task', '-OaHdsmqBOMH8PjjyVdp', 'Nexistry Digital Solutions', 'Delegation of Task', '2025-10-07 15:59:06', '2025-10-07 16:02:53', 227, 0, 0, NULL, '2025-10-07 15:59:06', '2025-10-07 16:02:53'),
('-Ob06qXi-erqwKax4rFL', 'gSb0eR1DWTTW4uzY2V6A1as0Riw2', '-OaF0Sp0pgZKkfQXuyK8', '-OaSAH5HYkbn4_wC8Vt8', 'Deligation of Task', '-OaHdsmqBOMH8PjjyVdp', 'Nexistry Digital Solutions', 'task', '2025-10-07 16:01:25', '2025-10-07 19:11:14', 11389, 0, 0, NULL, '2025-10-07 16:01:25', '2025-10-07 19:11:14'),
('-Ob06tGInDpVhoK2_1Sv', '7CFx1LWWNLZUsyoOeGizUsWaUkz1', '-OaF0Sp0pgZKkfQXuyK8', '-OaYdHOb8K0Lnh1L68Op', 'email marketing automation', '-OaF_B5nlnRS_ZWFuesL', 'Billy William', 'Create voice and conversation Ai, update calendar link from connected ghl calendar to their old calendar', '2025-10-07 16:01:36', '2025-10-07 20:04:07', 14550, 0, 0, NULL, '2025-10-07 16:01:36', '2025-10-07 20:04:07'),
('-Ob07C3QcHDkO5EG1z_d', 'NftSf9kvaEMwvrlEyWKo1QCDshU2', '-OaF0Sp0pgZKkfQXuyK8', '-OaT0cTic_9BfOLzp2mv', 'General Task', '-OaHdsmqBOMH8PjjyVdp', 'Nexistry Digital Solutions', 'System', '2025-10-07 16:02:57', '2025-10-08 07:55:09', 57132, 0, 0, NULL, '2025-10-07 16:02:57', '2025-10-08 07:55:09'),
('-Ob07Cdo_iCnxXWUe6HO', 'ZFaIkP4hL3VaGNFYXzlNxrXHZOj1', '-OaF0Sp0pgZKkfQXuyK8', '-Oax9h97qVLyv9YjRjJg', 'Documentation', '-OaF_i7zD_3pxQlBlXcK', 'Damien Tugwell', 'Graphics for Eazy As', '2025-10-07 16:02:54', '2025-10-07 19:19:57', 11822, 0, 0, NULL, '2025-10-07 16:02:54', '2025-10-07 19:19:57'),
('-Ob0CHbi6xREk3jZneqL', 'dYMNyLpVH6XmDVMJk8QQMvj8NWX2', '-OaF0Sp0pgZKkfQXuyK8', '-OaH_9rCpTd8isZo2fQd', 'Meeting Gab', '-OaF_rhnBqSPRApXlxhz', 'Meaghan Bird', 'Landing Page - nakalinked na yung mga nasa footer and may thank you page nadin https://app.gohighlevel.com/v2/preview/U9QEBlIUirARLRRkbPtd?notrack=true  2 Pager Content - PDF Guide Outline - The Researcher’s Guide to Peptides (2025 Edition) https://www.canva.com/design/DAG0-NxtdWc/e2M28vSSBwvK3gPnPNnJdQ/edit?utm_content=DAG0-NxtdWc&utm_campaign=designshare&utm_medium=link2&utm_source=sharebutton  Cheat Sheet - 2 Pager Content - PDF Guide Outline - The Researcher’s Guide to Peptides (2025 Edition) https://www.canva.com/design/DAG1KcrhaGk/wzXnefhQg-kLO948w3I4dg/edit?utm_content=DAG1KcrhaGk&utm_campaign=designshare&utm_medium=link2&utm_source=sharebutton  *dalawang PDF downloadable po ang prenepare ko yung isa is based dun sa pinakaunang wordings na binigay, then yung pangalawang downloadable is yung about cheat sheet na way.', '2025-10-07 16:25:11', '2025-10-07 19:29:46', 11075, 0, 1, NULL, '2025-10-07 16:25:11', '2025-10-23 01:21:43'),
('-Ob0H3cu8ss7XXmYD1T2', '9gcUwwHP9vRYPW2tUKso2eAscdw1', '-OaF0Sp0pgZKkfQXuyK8', '-OaT0cTic_9BfOLzp2mv', 'General Task', '-OaHdsmqBOMH8PjjyVdp', 'Nexistry Digital Solutions', 'I will fix latur', '2025-10-07 16:46:04', '2025-10-08 01:04:06', 29882, 0, 1, NULL, '2025-10-07 16:46:04', '2025-10-22 15:23:20'),
('-Ob0I_V0YEY7MKqALu2_', 'IqfD9WycDNYq0K0nL7zoJwQvA323', '-OaF0Sp0pgZKkfQXuyK8', '-OaT0cTic_9BfOLzp2mv', 'General Task', '-OaHdsmqBOMH8PjjyVdp', 'Nexistry Digital Solutions', 'Video for Nexistry core', '2025-10-07 16:52:41', '2025-10-07 21:48:47', 17765, 0, 1, NULL, '2025-10-07 16:52:41', '2025-10-23 01:14:16'),
('-Ob0nIFpnTLp0oZrSgMx', 'gSb0eR1DWTTW4uzY2V6A1as0Riw2', '-OaF0Sp0pgZKkfQXuyK8', '-OaIiHPVdQ8Gb8pjw7ni', 'GHL Set-Up', '-OaIXstXRfHXgtWo4ZQ0', 'Gabriela Merlos ', 'a2p', '2025-10-07 19:11:15', '2025-10-07 19:21:05', 589, 0, 1, NULL, '2025-10-07 19:11:15', '2025-10-23 19:16:18'),
('-Ob0pJpswBWUe3zWnZUD', 'ZFaIkP4hL3VaGNFYXzlNxrXHZOj1', '-OaF0Sp0pgZKkfQXuyK8', '-OaIvZdcisZxyig1R8On', 'Newsletter', '-OaF_PI3x-J9swtbjdzY', 'Rebecca Davis', 'Checking Content planner and making graphics', '2025-10-07 19:20:00', '2025-10-08 00:10:55', 17454, 0, 0, NULL, '2025-10-07 19:20:00', '2025-10-08 00:10:55'),
('-Ob0pYTP4JCkVb9RGtsg', 'gSb0eR1DWTTW4uzY2V6A1as0Riw2', '-OaF0Sp0pgZKkfQXuyK8', '-OaFfnG5N7C2eLz_KYO2', 'Default Project', '-OaFaDjHg8LBQ9IcU8au', 'Roel Carandang', 'documentation', '2025-10-07 19:21:05', '2025-10-07 19:55:32', 2066, 0, 1, NULL, '2025-10-07 19:21:05', '2025-10-23 19:16:08'),
('-Ob0rXqXa1KL3YYSb6QR', 'dYMNyLpVH6XmDVMJk8QQMvj8NWX2', '-OaF0Sp0pgZKkfQXuyK8', '-OaHm1z2zmHsOTAxS78u', 'Policies', '-OaF__7hf_r5hVgOlOfP', 'Cynthia Scott', 'revised logo versions for Agent Hub CRM', '2025-10-07 19:29:48', '2025-10-07 21:14:00', 6252, 0, 0, NULL, '2025-10-07 19:29:48', '2025-10-07 21:14:00'),
('-Ob0xRFBVpCa4leqGjM3', 'gSb0eR1DWTTW4uzY2V6A1as0Riw2', '-OaF0Sp0pgZKkfQXuyK8', '-OaT0cTic_9BfOLzp2mv', 'General Task', '-OaHdsmqBOMH8PjjyVdp', 'Nexistry Digital Solutions', 'gen', '2025-10-07 19:55:33', '2025-10-07 21:38:20', 6166, 0, 0, NULL, '2025-10-07 19:55:33', '2025-10-07 21:38:20');
INSERT INTO `time_entries` (`id`, `user_id`, `company_id`, `project_id`, `project_name`, `client_id`, `client_name`, `description`, `start_time`, `end_time`, `duration`, `is_running`, `is_billable`, `tags`, `created_at`, `updated_at`) VALUES
('-Ob1e0HoO1-TB71AdbDL', 'IqfD9WycDNYq0K0nL7zoJwQvA323', '-OaF0Sp0pgZKkfQXuyK8', '-OaT0cTic_9BfOLzp2mv', 'General Task', '-OaHdsmqBOMH8PjjyVdp', 'Nexistry Digital Solutions', 'Nexistry core Video', '2025-10-07 23:10:19', '2025-10-08 01:16:12', 7553, 0, 1, NULL, '2025-10-07 23:10:19', '2025-10-23 01:14:15'),
('-Ob1EOTOChUwk__-nJq8', 'dYMNyLpVH6XmDVMJk8QQMvj8NWX2', '-OaF0Sp0pgZKkfQXuyK8', '-OaT0cTic_9BfOLzp2mv', 'General Task', '-OaHdsmqBOMH8PjjyVdp', 'Nexistry Digital Solutions', 'make contents for posting (not all done)', '2025-10-07 21:14:01', '2025-10-08 01:15:59', 14518, 0, 0, NULL, '2025-10-07 21:14:01', '2025-10-08 01:15:59'),
('-Ob1SK8RPL7wsmXTFKik', 'gSb0eR1DWTTW4uzY2V6A1as0Riw2', '-OaF0Sp0pgZKkfQXuyK8', '-OaT0cTic_9BfOLzp2mv', 'General Task', '-OaHdsmqBOMH8PjjyVdp', 'Nexistry Digital Solutions', 'gen', '2025-10-07 22:14:53', '2025-10-08 01:21:40', 11207, 0, 0, NULL, '2025-10-07 22:14:53', '2025-10-08 01:21:40'),
('-Ob5G6G3V3tDMIWi6Uxw', 'UzY6A27FBYSJbDkjy9suM4aEdZ02', '-OaF0Sp0pgZKkfQXuyK8', '-OaT0cTic_9BfOLzp2mv', 'General Task', '-OaHdsmqBOMH8PjjyVdp', 'Nexistry Digital Solutions', 'Configuration of 7 Days AI Marketing, Troubleshooting Bounced Emails', '2025-10-08 15:59:56', '2025-10-08 20:07:12', 14836, 0, 0, NULL, '2025-10-08 15:59:56', '2025-10-08 20:07:12'),
('-Ob5G6JOVGpTmMVHXliz', 'dYMNyLpVH6XmDVMJk8QQMvj8NWX2', '-OaF0Sp0pgZKkfQXuyK8', '-OaT0cTic_9BfOLzp2mv', 'General Task', '-OaHdsmqBOMH8PjjyVdp', 'Nexistry Digital Solutions', '- compile all freebie guide and modules links - put watermark in digital products (not all done) - create landing page for ulitimate nurture leads (undone) - make new poster for Ultimate Nurture Lead Guide - revised Task Flow Pro logo to NexiFlow', '2025-10-08 15:59:59', '2025-10-09 00:29:44', 30585, 0, 0, NULL, '2025-10-08 15:59:59', '2025-10-09 00:29:44'),
('-Ob5Gc1mjgQjQ47EVdLH', 'gSb0eR1DWTTW4uzY2V6A1as0Riw2', '-OaF0Sp0pgZKkfQXuyK8', '-OaSAH5HYkbn4_wC8Vt8', 'Deligation of Task', '-OaHdsmqBOMH8PjjyVdp', 'Nexistry Digital Solutions', 'del', '2025-10-08 16:02:12', '2025-10-08 16:30:44', 1712, 0, 0, NULL, '2025-10-08 16:02:12', '2025-10-08 16:30:44'),
('-Ob5GLumnhmwRXf74bBX', 'ZFaIkP4hL3VaGNFYXzlNxrXHZOj1', '-OaF0Sp0pgZKkfQXuyK8', '-OaSAH5HYkbn4_wC8Vt8', 'Deligation of Task', '-OaHdsmqBOMH8PjjyVdp', 'Nexistry Digital Solutions', 'delegation of task', '2025-10-08 16:00:58', '2025-10-08 16:22:37', 1299, 0, 0, NULL, '2025-10-08 16:00:58', '2025-10-08 16:22:37'),
('-Ob5GNiKuo-tsjRlQsUg', '7CFx1LWWNLZUsyoOeGizUsWaUkz1', '-OaF0Sp0pgZKkfQXuyK8', '-OaYdBkObIkWZmkVYGSg', 'webite migration Coopers', '-OaF_B5nlnRS_ZWFuesL', 'Billy William', 'Live chat, conversation AI and automation testing with maam Anj', '2025-10-08 16:01:10', '2025-10-08 20:04:55', 14625, 0, 0, NULL, '2025-10-08 16:01:10', '2025-10-08 20:04:55'),
('-Ob5Hq5KaOHAIMJ1_Y7z', 'NftSf9kvaEMwvrlEyWKo1QCDshU2', '-OaF0Sp0pgZKkfQXuyK8', '-OaT0cTic_9BfOLzp2mv', 'General Task', '-OaHdsmqBOMH8PjjyVdp', 'Nexistry Digital Solutions', 'system and nexistry core', '2025-10-08 16:07:32', '2025-10-09 01:07:40', 32407, 0, 0, NULL, '2025-10-08 16:07:32', '2025-10-09 01:07:40'),
('-Ob5LJSmpFsuLmrSPAkP', 'ZFaIkP4hL3VaGNFYXzlNxrXHZOj1', '-OaF0Sp0pgZKkfQXuyK8', '-OaIvcxkKmxNcutRyzCt', 'Reels', '-OaF_PI3x-J9swtbjdzY', 'Rebecca Davis', 'Create reel and news Letter November event', '2025-10-08 16:22:38', '2025-10-09 00:19:12', 28594, 0, 0, NULL, '2025-10-08 16:22:38', '2025-10-09 00:19:12'),
('-Ob5LSDKKbp_2irxuhn_', 'f0LDwi3dMXcTjDYCC2arQScMbfF2', '-OaF0Sp0pgZKkfQXuyK8', '-Of9xmgUvKDAZZA83J16', NULL, '-OaF_B5nlnRS_ZWFuesL', NULL, '...', '2025-10-08 16:23:15', '2025-12-05 17:58:01', 5016885, 0, 0, NULL, '2025-10-08 16:23:15', '2025-12-05 17:58:01'),
('-Ob5LTX5A0khLipwKACQ', 'IqfD9WycDNYq0K0nL7zoJwQvA323', '-OaF0Sp0pgZKkfQXuyK8', '-OaHm1z2zmHsOTAxS78u', 'Policies', '-OaF__7hf_r5hVgOlOfP', 'Cynthia Scott', 'Requoting, meeting for home requote training', '2025-10-08 16:23:25', '2025-10-08 20:01:13', 13068, 0, 1, NULL, '2025-10-08 16:23:25', '2025-10-08 20:01:13'),
('-Ob5N9AGw-H7IjXinqhw', 'gSb0eR1DWTTW4uzY2V6A1as0Riw2', '-OaF0Sp0pgZKkfQXuyK8', '-OaIdLqEYylkMSkkkLV8', 'Set up Gabby', '-OaIXstXRfHXgtWo4ZQ0', 'Gabriela Merlos ', 'a2p', '2025-10-08 16:30:45', '2025-10-08 16:55:51', 1506, 0, 1, NULL, '2025-10-08 16:30:45', '2025-10-14 01:43:27'),
('-Ob5Su8574U14aMDAmy8', 'gSb0eR1DWTTW4uzY2V6A1as0Riw2', '-OaF0Sp0pgZKkfQXuyK8', '-OaT0cTic_9BfOLzp2mv', 'General Task', '-OaHdsmqBOMH8PjjyVdp', 'Nexistry Digital Solutions', 'gen', '2025-10-08 16:55:52', '2025-10-08 21:37:56', 16924, 0, 0, NULL, '2025-10-08 16:55:52', '2025-10-08 21:37:56'),
('-Ob6buuCjmoEu-N6DlQE', 'gSb0eR1DWTTW4uzY2V6A1as0Riw2', '-OaF0Sp0pgZKkfQXuyK8', '-OaT0cTic_9BfOLzp2mv', 'General Task', '-OaHdsmqBOMH8PjjyVdp', 'Nexistry Digital Solutions', 'gen', '2025-10-08 22:19:14', '2025-10-09 01:34:25', 11711, 0, 0, NULL, '2025-10-08 22:19:14', '2025-10-09 01:34:25'),
('-Ob6Lq0Qb8ulNXffSiQ7', 'IqfD9WycDNYq0K0nL7zoJwQvA323', '-OaF0Sp0pgZKkfQXuyK8', '-OaHm1z2zmHsOTAxS78u', 'Policies', '-OaF__7hf_r5hVgOlOfP', 'Cynthia Scott', 'Requoting and home insurance', '2025-10-08 21:04:39', '2025-10-09 01:22:03', 15443, 0, 1, NULL, '2025-10-08 21:04:39', '2025-10-09 01:22:03'),
('-Ob8MYkVwWP6-pwNbswZ', 'NftSf9kvaEMwvrlEyWKo1QCDshU2', '-OaF0Sp0pgZKkfQXuyK8', '-OaT0cTic_9BfOLzp2mv', 'General Task', '-OaHdsmqBOMH8PjjyVdp', 'Nexistry Digital Solutions', 'System', '2025-10-09 06:26:59', '2025-10-09 08:59:40', 9160, 0, 0, NULL, '2025-10-09 06:26:59', '2025-10-09 08:59:40'),
('-Ob8URWMUbBghZgams4l', 'rPYKipBcdXUhEd3qpdjEzjNw70m2', '-OaF0Sp0pgZKkfQXuyK8', '-OaT0cTic_9BfOLzp2mv', 'General Task', '-Oab9e6-B6FqEVVh5K49', 'Harri Ducker', 'daily task', '2025-10-09 05:45:00', '2025-10-09 07:44:15', 7155, 0, 1, NULL, '2025-10-09 07:01:27', '2025-10-09 07:44:15'),
('-ObaC4og0d5NqjFID9It', 'IqfD9WycDNYq0K0nL7zoJwQvA323', '-OaF0Sp0pgZKkfQXuyK8', '-OaHm1z2zmHsOTAxS78u', 'Policies', '-OaF__7hf_r5hVgOlOfP', 'Cynthia Scott', 'Continuation for Requoting', '2025-10-14 20:50:16', '2025-10-14 21:58:13', 4077, 0, 1, NULL, '2025-10-14 20:50:16', '2025-10-14 21:58:13'),
('-ObaEyur9uufFHzM8sgX', 'ZFaIkP4hL3VaGNFYXzlNxrXHZOj1', '-OaF0Sp0pgZKkfQXuyK8', '-OaIvkJXHJFIemvsBT2o', 'Landing Page', '-OaF_PI3x-J9swtbjdzY', 'Rebecca Davis', 'Blog Posting', '2025-10-14 21:02:47', '2025-10-15 01:08:17', 14730, 0, 0, NULL, '2025-10-14 21:02:47', '2025-10-15 01:08:17'),
('-ObakiEYV3SHEhXHXTyP', 'gSb0eR1DWTTW4uzY2V6A1as0Riw2', '-OaF0Sp0pgZKkfQXuyK8', '-OaJPTg5SWbnjB5KajzB', 'Voice AI', '-OaFaDjHg8LBQ9IcU8au', 'Roel Carandang', 'web vocie ai sample set up', '2025-10-14 23:25:56', '2025-10-14 23:58:33', 1956, 0, 1, NULL, '2025-10-14 23:25:56', '2025-10-23 19:15:56'),
('-ObAOxdbgqVqudSj9c_R', 'UzY6A27FBYSJbDkjy9suM4aEdZ02', '-OaF0Sp0pgZKkfQXuyK8', '-OaT0cTic_9BfOLzp2mv', 'General Task', '-OaHdsmqBOMH8PjjyVdp', 'Nexistry Digital Solutions', 'Troubleshooting of email, continuation of migration of funnels', '2025-10-09 15:56:41', '2025-10-09 20:06:01', 14959, 0, 0, NULL, '2025-10-09 15:56:41', '2025-10-09 20:06:01'),
('-ObAPlOAyU8RadjXFzYk', 'ZFaIkP4hL3VaGNFYXzlNxrXHZOj1', '-OaF0Sp0pgZKkfQXuyK8', '-OaSAH5HYkbn4_wC8Vt8', 'Deligation of Task', '-OaHdsmqBOMH8PjjyVdp', 'Nexistry Digital Solutions', 'delegation of task', '2025-10-09 16:00:11', '2025-10-09 16:08:33', 501, 0, 0, NULL, '2025-10-09 16:00:11', '2025-10-09 16:08:33'),
('-ObAPtLl2RiGmovINhcl', 'dYMNyLpVH6XmDVMJk8QQMvj8NWX2', '-OaF0Sp0pgZKkfQXuyK8', '-OaT0cTic_9BfOLzp2mv', 'General Task', '-OaHdsmqBOMH8PjjyVdp', 'Nexistry Digital Solutions', '* ultimate lead nurture guides (undone) * create landing page for ulitimate nurture leads done', '2025-10-09 16:00:50', '2025-10-10 00:35:23', 30873, 0, 0, NULL, '2025-10-09 16:00:50', '2025-10-10 00:35:23'),
('-ObAQKPSeGF8508zF3JM', '7CFx1LWWNLZUsyoOeGizUsWaUkz1', '-OaF0Sp0pgZKkfQXuyK8', '-OaYdBkObIkWZmkVYGSg', 'webite migration Coopers', '-OaF_B5nlnRS_ZWFuesL', 'Billy William', 'live chat faq\'s and automation', '2025-10-09 16:02:44', '2025-10-09 20:44:21', 16896, 0, 0, NULL, '2025-10-09 16:02:44', '2025-10-09 20:44:21'),
('-ObaRdmegDwfh2qruZ7-', 'IqfD9WycDNYq0K0nL7zoJwQvA323', '-OaF0Sp0pgZKkfQXuyK8', '-OaT0cTic_9BfOLzp2mv', 'General Task', '-OaHdsmqBOMH8PjjyVdp', 'Nexistry Digital Solutions', 'Video ads creation', '2025-10-14 21:58:15', '2025-10-15 16:57:20', 68344, 0, 1, NULL, '2025-10-14 21:58:15', '2025-10-23 01:14:11'),
('-ObARE2pcKlkNyUQZbbl', 'gSb0eR1DWTTW4uzY2V6A1as0Riw2', '-OaF0Sp0pgZKkfQXuyK8', '-OaT0cTic_9BfOLzp2mv', 'General Task', '-OaHdsmqBOMH8PjjyVdp', 'Nexistry Digital Solutions', 'gen', '2025-10-09 16:06:40', '2025-10-10 00:58:40', 31919, 0, 0, NULL, '2025-10-09 16:06:40', '2025-10-10 00:58:40'),
('-ObARgHp9-ZVgaQ4Ppv3', 'ZFaIkP4hL3VaGNFYXzlNxrXHZOj1', '-OaF0Sp0pgZKkfQXuyK8', '-OaIvcxkKmxNcutRyzCt', 'Reels', '-OaF_PI3x-J9swtbjdzY', 'Rebecca Davis', 'Revised reels of Medicare 1,2,and of Batch 2 and create reels of November event', '2025-10-09 16:08:34', '2025-10-10 00:12:13', 29018, 0, 0, NULL, '2025-10-09 16:08:34', '2025-10-10 00:12:13'),
('-ObasB9aILzxaxJ7xtSw', 'gSb0eR1DWTTW4uzY2V6A1as0Riw2', '-OaF0Sp0pgZKkfQXuyK8', '-OaT0cTic_9BfOLzp2mv', 'General Task', '-OaHdsmqBOMH8PjjyVdp', 'Nexistry Digital Solutions', 'gen', '2025-10-14 23:58:33', '2025-10-15 01:08:58', 4224, 0, 0, NULL, '2025-10-14 23:58:33', '2025-10-15 01:08:58'),
('-ObATSG5oAynvOxPVaOm', 'IqfD9WycDNYq0K0nL7zoJwQvA323', '-OaF0Sp0pgZKkfQXuyK8', '-OaHm1z2zmHsOTAxS78u', 'Policies', '-OaF__7hf_r5hVgOlOfP', 'Cynthia Scott', 'Saved Docs from email and Docusign to AM', '2025-10-09 16:16:22', '2025-10-09 20:09:18', 13976, 0, 1, NULL, '2025-10-09 16:16:22', '2025-10-09 20:09:18'),
('-Obaw2xhbNdknk_1sOjt', 'dYMNyLpVH6XmDVMJk8QQMvj8NWX2', '-OaF0Sp0pgZKkfQXuyK8', '-OaOD6ZsGBB1RKHX5Mo2', 'Conversational AI', '-OaF__7hf_r5hVgOlOfP', 'Cynthia Scott', 'Cynthia Logo Revise - Change book to new AI content (undone)', '2025-10-15 00:15:33', '2025-10-15 00:59:10', 2617, 0, 0, NULL, '2025-10-15 00:15:33', '2025-10-15 00:59:10'),
('-ObBKuy34eoST9OINi4n', 'IqfD9WycDNYq0K0nL7zoJwQvA323', '-OaF0Sp0pgZKkfQXuyK8', '-OaT0cTic_9BfOLzp2mv', 'General Task', '-OaHdsmqBOMH8PjjyVdp', 'Nexistry Digital Solutions', 'Working on Facebook engagement', '2025-10-09 20:18:42', '2025-10-09 23:30:07', 11484, 0, 1, NULL, '2025-10-09 20:18:42', '2025-10-23 01:14:08'),
('-ObbrN6S8wH8N71HhsbA', 'rPYKipBcdXUhEd3qpdjEzjNw70m2', '-OaF0Sp0pgZKkfQXuyK8', '-Ob8Ye2czaiPdf0BGXPT', 'instagram daily task', '-Oab9e6-B6FqEVVh5K49', 'Harri Ducker', 'daily task', '2025-10-15 04:34:37', '2025-10-15 06:43:53', 7756, 0, 1, NULL, '2025-10-15 04:34:37', '2025-10-15 06:43:53'),
('-ObbUmNfLeCrQ7okwPYu', 'dYMNyLpVH6XmDVMJk8QQMvj8NWX2', '-OaF0Sp0pgZKkfQXuyK8', '-OaOD6ZsGBB1RKHX5Mo2', 'Conversational AI', '-OaF__7hf_r5hVgOlOfP', 'Cynthia Scott', 'Cynthia Logo Revise - Change book to new AI concept', '2025-10-15 02:51:35', '2025-10-15 05:21:15', 8980, 0, 0, NULL, '2025-10-15 02:51:35', '2025-10-15 05:21:15'),
('-ObCFeuoAu49zqGjGI06', 'dYMNyLpVH6XmDVMJk8QQMvj8NWX2', '-OaF0Sp0pgZKkfQXuyK8', '-OaHm1z2zmHsOTAxS78u', 'Policies', '-OaF__7hf_r5hVgOlOfP', 'Cynthia Scott', 'revised logo for AI Insurance Skool to AISK', '2025-10-10 00:35:24', '2025-10-10 03:02:39', 8834, 0, 0, NULL, '2025-10-10 00:35:24', '2025-10-10 03:02:39'),
('-ObCogtcbYFsQvM8PcDX', 'NftSf9kvaEMwvrlEyWKo1QCDshU2', '-OaF0Sp0pgZKkfQXuyK8', '-OaT0cTic_9BfOLzp2mv', 'General Task', '-OaHdsmqBOMH8PjjyVdp', 'Nexistry Digital Solutions', 'system', '2025-10-10 03:12:47', '2025-10-10 12:03:06', 31819, 0, 0, NULL, '2025-10-10 03:12:47', '2025-10-10 12:03:06'),
('-ObDTNtj-4wWlmsHAQyE', 'rPYKipBcdXUhEd3qpdjEzjNw70m2', '-OaF0Sp0pgZKkfQXuyK8', '-Ob8Ye2czaiPdf0BGXPT', 'instagram daily task', '-Oab9e6-B6FqEVVh5K49', 'Harri Ducker', 'daily task', '2025-10-10 04:45:00', '2025-10-10 06:47:00', 7320, 0, 1, NULL, '2025-10-10 06:14:54', '2025-10-13 07:34:01'),
('-ObeJ8MXLD9czuVH1q31', '7CFx1LWWNLZUsyoOeGizUsWaUkz1', '-OaF0Sp0pgZKkfQXuyK8', '-OaYdBkObIkWZmkVYGSg', 'webite migration Coopers', '-OaF_B5nlnRS_ZWFuesL', 'Billy William', 'V2 website mobile view - home page, restaurant insurance | Desktop view - home page, restau. insurance and commercial earthquake', '2025-10-15 15:59:33', '2025-10-15 20:09:23', 14990, 0, 0, NULL, '2025-10-15 15:59:33', '2025-10-21 19:51:33'),
('-ObeJIL15USLQvKR20Lq', 'UzY6A27FBYSJbDkjy9suM4aEdZ02', '-OaF0Sp0pgZKkfQXuyK8', '-OaSAH5HYkbn4_wC8Vt8', 'Deligation of Task', '-OaHdsmqBOMH8PjjyVdp', 'Nexistry Digital Solutions', 'Continuation of 7 Days AI Marketing', '2025-10-15 16:00:15', '2025-10-15 20:08:17', 14881, 0, 0, NULL, '2025-10-15 16:00:15', '2025-10-15 20:08:17'),
('-ObeL6Oo3WNoBCYvVPqB', 'ZFaIkP4hL3VaGNFYXzlNxrXHZOj1', '-OaF0Sp0pgZKkfQXuyK8', '-OaSAH5HYkbn4_wC8Vt8', 'Deligation of Task', '-OaHdsmqBOMH8PjjyVdp', 'Nexistry Digital Solutions', 'Delegation of Task', '2025-10-15 16:08:03', '2025-10-15 16:10:14', 130, 0, 0, NULL, '2025-10-15 16:08:03', '2025-10-15 16:10:14'),
('-ObeLblYDJzztEB0-1Do', 'ZFaIkP4hL3VaGNFYXzlNxrXHZOj1', '-OaF0Sp0pgZKkfQXuyK8', '-OaIvkJXHJFIemvsBT2o', 'Landing Page', '-OaF_PI3x-J9swtbjdzY', 'Rebecca Davis', 'Blog Posting', '2025-10-15 16:10:16', '2025-10-15 18:38:01', 8865, 0, 0, NULL, '2025-10-15 16:10:16', '2025-10-15 18:38:01'),
('-ObeO0ooXFSf0JV_gQfL', 'gSb0eR1DWTTW4uzY2V6A1as0Riw2', '-OaF0Sp0pgZKkfQXuyK8', '-OaT0cTic_9BfOLzp2mv', 'General Task', '-OaHdsmqBOMH8PjjyVdp', 'Nexistry Digital Solutions', 'gen', '2025-10-15 16:20:53', '2025-10-16 01:11:06', 31812, 0, 0, NULL, '2025-10-15 16:20:53', '2025-10-16 01:11:06'),
('-ObePpiJCVJO-_4sMlsW', 'dYMNyLpVH6XmDVMJk8QQMvj8NWX2', '-OaF0Sp0pgZKkfQXuyK8', '-OaT0cTic_9BfOLzp2mv', 'General Task', '-OaHdsmqBOMH8PjjyVdp', 'Nexistry Digital Solutions', '- Make new 4 thumbnails for: PART 1: Time Leaks That Hurt Your Growth PART 2: 10 Plug And Play Automations You Can Start With PART 3: Tools That Work With Any Business BONUS: Visual Preview - Sample AI Workflow Map  https://www.canva.com/design/DAG16US9ZKk/Aa8oM2pbJIEldbNG0Dvq7A/edit?utm_content=DAG16US9ZKk&utm_campaign=designshare&utm_medium=link2&utm_source=sharebutton  - Make new reel for Oct 16, 2025 content https://www.canva.com/design/DAG16VnGaHs/Wea7rTtJ7-0pcpg_Wwmllg/edit', '2025-10-15 16:28:49', '2025-10-15 21:47:31', 19121, 0, 0, NULL, '2025-10-15 16:28:49', '2025-10-15 21:47:31'),
('-ObesRPibnIyF7Kqm_AU', 'ZFaIkP4hL3VaGNFYXzlNxrXHZOj1', '-OaF0Sp0pgZKkfQXuyK8', '-OaOD6ZsGBB1RKHX5Mo2', 'Conversational AI', '-OaF__7hf_r5hVgOlOfP', 'Cynthia Scott', 'Automation of SMS from GoToMyPC', '2025-10-15 18:38:02', '2025-10-16 00:29:35', 21092, 0, 0, NULL, '2025-10-15 18:38:02', '2025-10-16 00:29:35'),
('-ObeUImmk_TSQthOv8om', 'NftSf9kvaEMwvrlEyWKo1QCDshU2', '-OaF0Sp0pgZKkfQXuyK8', '-OaT0cTic_9BfOLzp2mv', 'General Task', '-OaHdsmqBOMH8PjjyVdp', 'Nexistry Digital Solutions', 'zak', '2025-10-15 16:48:20', '2025-10-16 08:18:24', 55803, 0, 0, NULL, '2025-10-15 16:48:20', '2025-10-16 08:18:24'),
('-ObeWNE6hCzIwqKUNzFf', 'IqfD9WycDNYq0K0nL7zoJwQvA323', '-OaF0Sp0pgZKkfQXuyK8', '-OaHm1z2zmHsOTAxS78u', 'Policies', '-OaF__7hf_r5hVgOlOfP', 'Cynthia Scott', 'Checked scheduled tasks, verify payment before sending text messages, Auto Requoting', '2025-10-15 16:57:21', '2025-10-15 19:42:45', 9924, 0, 1, NULL, '2025-10-15 16:57:21', '2025-10-15 19:42:45'),
('-ObfS5n8Nsoo0Rdhe-iV', 'IqfD9WycDNYq0K0nL7zoJwQvA323', '-OaF0Sp0pgZKkfQXuyK8', '-OaT0cTic_9BfOLzp2mv', 'General Task', '-OaHdsmqBOMH8PjjyVdp', 'Nexistry Digital Solutions', 'Video for Nexistry (Closing)', '2025-10-15 21:18:19', '2025-10-16 02:43:58', 19539, 0, 1, NULL, '2025-10-15 21:18:19', '2025-10-23 01:14:02'),
('-ObhFZgeQMsvbJaTw5ZH', 'rPYKipBcdXUhEd3qpdjEzjNw70m2', '-OaF0Sp0pgZKkfQXuyK8', '-Ob8Ye2czaiPdf0BGXPT', 'instagram daily task', '-Oab9e6-B6FqEVVh5K49', 'Harri Ducker', 'daily task', '2025-10-16 05:19:00', '2025-10-16 07:20:00', 7260, 0, 1, NULL, '2025-10-16 05:42:47', '2025-10-16 07:16:17'),
('-ObHYGze-Z4nfiKHoHy_', 'NftSf9kvaEMwvrlEyWKo1QCDshU2', '-OaF0Sp0pgZKkfQXuyK8', '-OaT0cTic_9BfOLzp2mv', 'General Task', '-OaHdsmqBOMH8PjjyVdp', 'Nexistry Digital Solutions', 'system', '2025-10-10 17:14:00', '2025-10-10 18:15:00', 32503, 0, 0, NULL, '2025-10-11 01:14:47', '2025-10-11 18:58:46'),
('-ObjgxJ6R1pps2_UmZh3', 'dYMNyLpVH6XmDVMJk8QQMvj8NWX2', '-OaF0Sp0pgZKkfQXuyK8', '-Oax9h97qVLyv9YjRjJg', 'Documentation', '-OaF_i7zD_3pxQlBlXcK', 'Damien Tugwell', 'EDS - Farm Plumeria Road add video section to website', '2025-10-16 17:06:05', '2025-10-16 18:12:00', 3954, 0, 0, NULL, '2025-10-16 17:06:05', '2025-10-16 18:12:00'),
('-ObjikNFJGS2IfT82Itu', 'IqfD9WycDNYq0K0nL7zoJwQvA323', '-OaF0Sp0pgZKkfQXuyK8', '-OaT0cTic_9BfOLzp2mv', 'General Task', '-OaHdsmqBOMH8PjjyVdp', 'Nexistry Digital Solutions', 'Checked EDS Voice AI, Fill up a form for Nexistry to test it', '2025-10-16 17:13:55', '2025-10-16 18:05:08', 3072, 0, 1, NULL, '2025-10-16 17:13:55', '2025-10-23 01:14:03'),
('-ObjSgv3WbAUB5kQ5v5B', '7CFx1LWWNLZUsyoOeGizUsWaUkz1', '-OaF0Sp0pgZKkfQXuyK8', '-OaYdBkObIkWZmkVYGSg', 'webite migration Coopers', '-OaF_B5nlnRS_ZWFuesL', 'Billy William', 'V2 website mobile and desktop view - commercial earthquake, worker\'s insurance, epli, canva background', '2025-10-16 15:59:24', '2025-10-16 20:06:41', 14836, 0, 1, NULL, '2025-10-16 15:59:24', '2025-10-21 19:50:36'),
('-ObjSsMHTuLRw3xdSXHo', 'dYMNyLpVH6XmDVMJk8QQMvj8NWX2', '-OaF0Sp0pgZKkfQXuyK8', '-OaT0cTic_9BfOLzp2mv', 'General Task', '-OaHdsmqBOMH8PjjyVdp', 'Nexistry Digital Solutions', 'Create wordings for social media contents', '2025-10-16 16:00:13', '2025-10-16 17:06:04', 3951, 0, 0, NULL, '2025-10-16 16:00:13', '2025-10-16 17:06:04'),
('-ObjSutXBzmyTfxEK4YQ', 'ZFaIkP4hL3VaGNFYXzlNxrXHZOj1', '-OaF0Sp0pgZKkfQXuyK8', '-OaSAH5HYkbn4_wC8Vt8', 'Deligation of Task', '-OaHdsmqBOMH8PjjyVdp', 'Nexistry Digital Solutions', 'Delegation of task', '2025-10-16 16:00:14', '2025-10-16 16:05:27', 312, 0, 0, NULL, '2025-10-16 16:00:14', '2025-10-16 16:05:27'),
('-ObjSxaHeqd_eRIHH8Lu', 'UzY6A27FBYSJbDkjy9suM4aEdZ02', '-OaF0Sp0pgZKkfQXuyK8', '-OaT0cTic_9BfOLzp2mv', 'General Task', '-OaHdsmqBOMH8PjjyVdp', 'Nexistry Digital Solutions', 'Continuation of 7 Days AI Marketing', '2025-10-16 16:00:33', '2025-10-16 20:25:55', 15922, 0, 0, NULL, '2025-10-16 16:00:33', '2025-10-16 20:25:55'),
('-ObjU6PfpeophvDnn5h1', 'ZFaIkP4hL3VaGNFYXzlNxrXHZOj1', '-OaF0Sp0pgZKkfQXuyK8', '-OaIvkJXHJFIemvsBT2o', 'Landing Page', '-OaF_PI3x-J9swtbjdzY', 'Rebecca Davis', 'Blog posting', '2025-10-16 16:05:28', '2025-10-16 22:17:00', 22292, 0, 0, NULL, '2025-10-16 16:05:28', '2025-10-16 22:17:00'),
('-ObjuTjqFSrnZBPurLYy', 'IqfD9WycDNYq0K0nL7zoJwQvA323', '-OaF0Sp0pgZKkfQXuyK8', '-OaHm1z2zmHsOTAxS78u', 'Policies', '-OaF__7hf_r5hVgOlOfP', 'Cynthia Scott', 'Continuation of saving docs from AM', '2025-10-16 18:05:09', '2025-10-16 18:40:15', 2106, 0, 1, NULL, '2025-10-16 18:05:09', '2025-10-16 18:40:15'),
('-Objw1zTLL3-VENp2eTx', 'dYMNyLpVH6XmDVMJk8QQMvj8NWX2', '-OaF0Sp0pgZKkfQXuyK8', '-OaT0cTic_9BfOLzp2mv', 'General Task', '-OaHdsmqBOMH8PjjyVdp', 'Nexistry Digital Solutions', 'Thankyou page - Form', '2025-10-16 18:12:00', '2025-10-16 19:44:17', 5536, 0, 0, NULL, '2025-10-16 18:12:00', '2025-10-16 19:44:17'),
('-ObjX7zzwRDepM5hnjwZ', 'IqfD9WycDNYq0K0nL7zoJwQvA323', '-OaF0Sp0pgZKkfQXuyK8', '-OaHm1z2zmHsOTAxS78u', 'Policies', '-OaF__7hf_r5hVgOlOfP', 'Cynthia Scott', 'Checked Scheduled task and Verify payments before sending text messages', '2025-10-16 16:18:48', '2025-10-16 17:13:54', 3305, 0, 1, NULL, '2025-10-16 16:18:48', '2025-10-16 17:13:54'),
('-Obk1gmN0tqaHonzcdyc', 'NftSf9kvaEMwvrlEyWKo1QCDshU2', '-OaF0Sp0pgZKkfQXuyK8', '-OaT0cTic_9BfOLzp2mv', 'General Task', '-OaHdsmqBOMH8PjjyVdp', 'Nexistry Digital Solutions', 'more', '2025-10-16 18:41:00', '2025-10-16 17:34:00', 24788, 0, 0, NULL, '2025-10-16 18:41:03', '2025-10-17 19:17:29'),
('-Obk1XjfmVC1Bwu3FayI', 'IqfD9WycDNYq0K0nL7zoJwQvA323', '-OaF0Sp0pgZKkfQXuyK8', '-OaT0cTic_9BfOLzp2mv', 'General Task', '-OaHdsmqBOMH8PjjyVdp', 'Nexistry Digital Solutions', 'Test on the form, NDS, EDS', '2025-10-16 18:40:22', '2025-10-16 19:22:38', 2535, 0, 1, NULL, '2025-10-16 18:40:22', '2025-10-23 01:14:05'),
('-ObklKhp1_7wy1Mc8wdE', 'dYMNyLpVH6XmDVMJk8QQMvj8NWX2', '-OaF0Sp0pgZKkfQXuyK8', '-OaT0cTic_9BfOLzp2mv', 'General Task', '-OaHdsmqBOMH8PjjyVdp', 'Nexistry Digital Solutions', 'Create contents for 7-DAY PRE-LAUNCH CONTENT STRATEGY - monday static done (2 options) - wednesday carousel done  - friday static done (2 options)', '2025-10-16 22:04:51', '2025-10-17 02:31:58', 16026, 0, 0, NULL, '2025-10-16 22:04:51', '2025-10-17 02:31:58'),
('-Obko9EOJKQqFrlrhAWh', 'ZFaIkP4hL3VaGNFYXzlNxrXHZOj1', '-OaF0Sp0pgZKkfQXuyK8', '-OaOD6ZsGBB1RKHX5Mo2', 'Conversational AI', '-OaF__7hf_r5hVgOlOfP', 'Cynthia Scott', 'Create Workflow of SMS from google sheets', '2025-10-16 22:17:01', '2025-10-17 00:22:26', 7525, 0, 0, NULL, '2025-10-16 22:17:01', '2025-10-17 00:22:26'),
('-ObkTmjBbg7oWHddscs6', 'IqfD9WycDNYq0K0nL7zoJwQvA323', '-OaF0Sp0pgZKkfQXuyK8', '-OaT0cTic_9BfOLzp2mv', 'General Task', '-OaHdsmqBOMH8PjjyVdp', 'Nexistry Digital Solutions', 'Test on forms, Cynthia, and SEO of nexistry website along with generating video on HeyGen', '2025-10-16 20:43:48', '2025-10-17 01:15:33', 16304, 0, 1, NULL, '2025-10-16 20:43:48', '2025-10-23 01:14:04'),
('-ObLSQr6axqFpntHJuzx', 'NftSf9kvaEMwvrlEyWKo1QCDshU2', '-OaF0Sp0pgZKkfQXuyK8', '-OaT0cTic_9BfOLzp2mv', 'General Task', '-OaHdsmqBOMH8PjjyVdp', 'Nexistry Digital Solutions', 'System and Core', '2025-10-11 19:27:44', '2025-10-12 05:11:50', 35045, 0, 0, NULL, '2025-10-11 19:27:44', '2025-10-12 05:11:50'),
('-ObpIkIDH92AItiCje5v', 'NftSf9kvaEMwvrlEyWKo1QCDshU2', '-OaF0Sp0pgZKkfQXuyK8', '-OaT0cTic_9BfOLzp2mv', 'General Task', '-OaHdsmqBOMH8PjjyVdp', 'Nexistry Digital Solutions', 'Fixed links in ultimate roadmap (should be directed to payment form paypal)', '2025-10-17 19:13:40', '2025-10-17 19:32:50', 1150, 0, 0, NULL, '2025-10-17 19:13:40', '2025-10-17 19:32:50'),
('-ObpN8O3-HGKAEQ-17es', 'NftSf9kvaEMwvrlEyWKo1QCDshU2', '-OaF0Sp0pgZKkfQXuyK8', '-OaT0cTic_9BfOLzp2mv', 'General Task', '-OaHdsmqBOMH8PjjyVdp', 'Nexistry Digital Solutions', 'added utm parameters + referred by in forms', '2025-10-17 19:32:51', '2025-10-17 21:38:19', 7527, 0, 0, NULL, '2025-10-17 19:32:51', '2025-10-17 21:38:19'),
('-ObporgViv5xDiFXB7eK', 'NftSf9kvaEMwvrlEyWKo1QCDshU2', '-OaF0Sp0pgZKkfQXuyK8', '-OaT0cTic_9BfOLzp2mv', 'General Task', '-OaHdsmqBOMH8PjjyVdp', 'Nexistry Digital Solutions', 'Connecting 2 sheets from another, cofiguring commission dashboard functionality, removing links, adding thank you page', '2025-10-18 05:38:00', '2025-10-18 04:03:00', 23130, 0, 0, NULL, '2025-10-17 21:38:21', '2025-10-19 03:33:58'),
('-ObPrOM_n88C_XYzRUQF', 'NftSf9kvaEMwvrlEyWKo1QCDshU2', '-OaF0Sp0pgZKkfQXuyK8', '-OaT0cTic_9BfOLzp2mv', 'General Task', '-OaHdsmqBOMH8PjjyVdp', 'Nexistry Digital Solutions', 'system', '2025-10-12 15:59:37', '2025-10-13 01:30:56', 34278, 0, 0, NULL, '2025-10-12 15:59:37', '2025-10-13 01:30:56'),
('-ObPrXOT5CQOxzkOqs1_', 'gSb0eR1DWTTW4uzY2V6A1as0Riw2', '-OaF0Sp0pgZKkfQXuyK8', '-OaT0cTic_9BfOLzp2mv', 'General Task', '-OaHdsmqBOMH8PjjyVdp', 'Nexistry Digital Solutions', 'gen', '2025-10-12 16:00:15', '2025-10-12 21:38:56', 20320, 0, 0, NULL, '2025-10-12 16:00:15', '2025-10-12 21:38:56'),
('-ObPsOGgNKYCU2b1RfB_', 'ZFaIkP4hL3VaGNFYXzlNxrXHZOj1', '-OaF0Sp0pgZKkfQXuyK8', '-OaSAH5HYkbn4_wC8Vt8', 'Deligation of Task', '-OaHdsmqBOMH8PjjyVdp', 'Nexistry Digital Solutions', 'Delegation of Task', '2025-10-12 16:03:54', '2025-10-12 16:09:17', 322, 0, 0, NULL, '2025-10-12 16:03:54', '2025-10-12 16:09:17'),
('-ObPtcJe4R6JBj5Rkdfm', 'ZFaIkP4hL3VaGNFYXzlNxrXHZOj1', '-OaF0Sp0pgZKkfQXuyK8', '-OaIvkJXHJFIemvsBT2o', 'Landing Page', '-OaF_PI3x-J9swtbjdzY', 'Rebecca Davis', 'Creation of Vlog about vomiting and Kidney', '2025-10-12 16:09:18', '2025-10-13 00:14:38', 29119, 0, 0, NULL, '2025-10-12 16:09:18', '2025-10-13 00:14:38'),
('-ObPtn50q8TXIykW_hwp', 'IqfD9WycDNYq0K0nL7zoJwQvA323', '-OaF0Sp0pgZKkfQXuyK8', '-OaHm1z2zmHsOTAxS78u', 'Policies', '-OaF__7hf_r5hVgOlOfP', 'Cynthia Scott', 'Progressive, Monday Drill', '2025-10-12 16:10:08', '2025-10-12 20:21:07', 15058, 0, 1, NULL, '2025-10-12 16:10:08', '2025-10-12 20:21:07'),
('-ObPuKP8DuQqIZAIDtNG', 'UzY6A27FBYSJbDkjy9suM4aEdZ02', '-OaF0Sp0pgZKkfQXuyK8', '-OaT0cTic_9BfOLzp2mv', 'General Task', '-OaHdsmqBOMH8PjjyVdp', 'Nexistry Digital Solutions', 'Done Physcological Page desktop and mobile mode , Done Home Page desktop and mobile mode', '2025-10-12 16:12:30', '2025-10-12 20:14:55', 14545, 0, 0, NULL, '2025-10-12 16:12:30', '2025-10-12 20:14:55'),
('-ObQ6UdAF4kJYx2AaSNc', '7CFx1LWWNLZUsyoOeGizUsWaUkz1', '-OaF0Sp0pgZKkfQXuyK8', '-OaYdBkObIkWZmkVYGSg', 'webite migration Coopers', '-OaF_B5nlnRS_ZWFuesL', 'Billy William', 'chatbot automation - nalate ko po naopen ang nexisflow kasi d nagwork ang link and ang password ko need pa ireset nun n prince', '2025-10-12 17:09:59', '2025-10-12 20:28:37', 11918, 0, 0, NULL, '2025-10-12 17:09:59', '2025-10-12 20:28:43'),
('-ObQnEnh9NpOTH5O0-2o', 'IqfD9WycDNYq0K0nL7zoJwQvA323', '-OaF0Sp0pgZKkfQXuyK8', '-OaT0cTic_9BfOLzp2mv', 'General Task', '-OaHdsmqBOMH8PjjyVdp', 'Nexistry Digital Solutions', 'fixed DC channel individual permissions and added Team LGS', '2025-10-12 20:21:08', '2025-10-12 21:09:10', 2882, 0, 1, NULL, '2025-10-12 20:21:08', '2025-10-23 01:14:08'),
('-ObRNhkzskWCOG3pvXMz', 'gSb0eR1DWTTW4uzY2V6A1as0Riw2', '-OaF0Sp0pgZKkfQXuyK8', '-OaT0cTic_9BfOLzp2mv', 'General Task', '-OaHdsmqBOMH8PjjyVdp', 'Nexistry Digital Solutions', 'gen', '2025-10-12 23:04:50', '2025-10-13 01:27:36', 8566, 0, 0, NULL, '2025-10-12 23:04:50', '2025-10-13 01:27:36'),
('-ObRUa4Hv5unw5ZC0N4g', 'IqfD9WycDNYq0K0nL7zoJwQvA323', '-OaF0Sp0pgZKkfQXuyK8', '-OaT0cTic_9BfOLzp2mv', 'General Task', '-OaHdsmqBOMH8PjjyVdp', 'Nexistry Digital Solutions', 'SEO, Worked on Social engagement, Fixed DC\'s individual setting', '2025-10-12 23:34:53', '2025-10-13 04:35:46', 18053, 0, 1, NULL, '2025-10-12 23:34:53', '2025-10-23 01:14:09'),
('-ObTCLvy-3cpkIGUbboR', 'rPYKipBcdXUhEd3qpdjEzjNw70m2', '-OaF0Sp0pgZKkfQXuyK8', '-Ob8Ye2czaiPdf0BGXPT', 'instagram daily task', '-Oab9e6-B6FqEVVh5K49', 'Harri Ducker', 'daily task', '2025-10-07 04:55:00', '2025-10-07 06:55:00', 7200, 0, 1, NULL, '2025-10-13 07:34:27', '2025-10-13 07:36:33'),
('-ObTCypi4XSbBlfDakTM', 'rPYKipBcdXUhEd3qpdjEzjNw70m2', '-OaF0Sp0pgZKkfQXuyK8', '-Ob8YVg5UytDqcl_-En0', 'TikTok daily task', '-Oab9e6-B6FqEVVh5K49', 'Harri Ducker', 'daily task', '2025-10-06 04:37:00', '2025-10-06 06:38:00', 7260, 0, 1, NULL, '2025-10-13 07:37:11', '2025-10-13 07:38:54'),
('-ObTDZiuvSOs0cFNNOxB', 'rPYKipBcdXUhEd3qpdjEzjNw70m2', '-OaF0Sp0pgZKkfQXuyK8', '-Ob8Ye2czaiPdf0BGXPT', 'instagram daily task', '-Oab9e6-B6FqEVVh5K49', 'Harri Ducker', 'daily task', '2025-10-12 20:55:00', '2025-10-12 22:58:00', 7380, 0, 1, NULL, '2025-10-13 07:39:46', '2025-11-04 07:11:55'),
('-ObTJUr92qD_0-Qo531U', 'rPYKipBcdXUhEd3qpdjEzjNw70m2', '-OaF0Sp0pgZKkfQXuyK8', '-Ob8YVg5UytDqcl_-En0', 'TikTok daily task', '-Oab9e6-B6FqEVVh5K49', 'Harri Ducker', 'daily task', '2025-10-13 07:40:00', '2025-10-13 07:58:00', 1080, 0, 1, NULL, '2025-10-13 08:05:39', '2025-10-13 08:10:58'),
('-ObUqxMKiRF8Y5QfNnYI', 'gSb0eR1DWTTW4uzY2V6A1as0Riw2', '-OaF0Sp0pgZKkfQXuyK8', '-OaYdBkObIkWZmkVYGSg', 'webite migration Coopers', '-OaF_B5nlnRS_ZWFuesL', 'Billy William', 'meeting with andres', '2025-10-13 15:15:49', '2025-10-13 15:22:35', 406, 0, 1, NULL, '2025-10-13 15:15:49', '2025-10-14 01:43:13'),
('-ObUxoAsrgEfncndGf6a', 'gSb0eR1DWTTW4uzY2V6A1as0Riw2', '-OaF0Sp0pgZKkfQXuyK8', '-OaT0cTic_9BfOLzp2mv', 'General Task', '-OaHdsmqBOMH8PjjyVdp', 'Nexistry Digital Solutions', 'gen', '2025-10-13 15:45:47', '2025-10-14 01:43:04', 35837, 0, 0, NULL, '2025-10-13 15:45:47', '2025-10-14 01:43:04'),
('-ObV0dG037erqIMbCo2e', 'UzY6A27FBYSJbDkjy9suM4aEdZ02', '-OaF0Sp0pgZKkfQXuyK8', '-OaT0cTic_9BfOLzp2mv', 'General Task', '-OaHdsmqBOMH8PjjyVdp', 'Nexistry Digital Solutions', '- Migrated 	- Digital Product - Nexistry Freebie Guide 2 	- Contract Upload Form 	- Free AI Starter Guide 	- Onboarding checklist 	- Quotation Approval Form (Yes, No, I don\'t Know) - Will Send to the client with the quotation 	- System review  	- Upload File (Decision Quotation) 	- Upload File (Decision Quotation) Conect in (Yes, No, I don\'t know) 	- Why Every Service-Based Business Needs a PM + Automation System - All Funnels are migrated - Done Checking of 21 Day Nurture', '2025-10-13 16:02:33', '2025-10-13 20:03:38', 14464, 0, 0, NULL, '2025-10-13 16:02:33', '2025-10-13 20:03:38'),
('-ObV0EIMgbBENeULpUoC', 'ZFaIkP4hL3VaGNFYXzlNxrXHZOj1', '-OaF0Sp0pgZKkfQXuyK8', '-OaSAH5HYkbn4_wC8Vt8', 'Deligation of Task', '-OaHdsmqBOMH8PjjyVdp', 'Nexistry Digital Solutions', 'Delegation of task', '2025-10-13 16:00:38', '2025-10-13 16:07:30', 412, 0, 0, NULL, '2025-10-13 16:00:38', '2025-10-13 16:07:30'),
('-ObV0eunZQqOnVFql3-J', '7CFx1LWWNLZUsyoOeGizUsWaUkz1', '-OaF0Sp0pgZKkfQXuyK8', '-OaYdBkObIkWZmkVYGSg', 'webite migration Coopers', '-OaF_B5nlnRS_ZWFuesL', 'Billy William', 'Version 2 - Cooper\'s website | https://app.gohighlevel.com/v2/preview/0hUZKdsHAeSZuh2CHHP7?notrack=true', '2025-10-13 16:02:38', '2025-10-13 21:05:19', 18161, 0, 0, NULL, '2025-10-13 16:02:38', '2025-10-13 21:05:19'),
('-ObV0INyNsw4AhplS9DO', 'dYMNyLpVH6XmDVMJk8QQMvj8NWX2', '-OaF0Sp0pgZKkfQXuyK8', '-OaT0cTic_9BfOLzp2mv', 'General Task', '-OaHdsmqBOMH8PjjyVdp', 'Nexistry Digital Solutions', 'Nexistry - Ultimate Roadmap Courses (9.5/12) Free Automation Tools Tutorial - Nexistry Digital Solutions (Done) https://www.canva.com/design/DAG1qs1mrjc/kT3Pe0RuKCi4d-0i2Y5dbw/edit  Objection-Crushing Scripts - Nexistry Digital Solutions (Done) https://www.canva.com/design/DAG1un0ZHhk/ZDp4ap4mQalJmNqfb-DPJg/edit  The Value Ladder Method - Nexistry Digital Solutions (Done) https://www.canva.com/design/DAG1veoTfp0/HZAzcJSqaSbKaj-OlO19kg/edit  The Re-Engagement Campaign - Nexistry Digital Solutions (undone) https://www.canva.com/design/DAG1vvN0Irc/SzQDy7l7e-hptZPPZflbiQ/edit  - Make new backgrounds of Nexistry Digital Solutions Logo  Billy - Re-do Logo (Cooper Insurance Agency)', '2025-10-13 16:01:02', '2025-10-14 00:11:44', 29442, 0, 0, NULL, '2025-10-13 16:01:02', '2025-10-14 00:11:44'),
('-ObV1o5RrasxysPefOLk', 'ZFaIkP4hL3VaGNFYXzlNxrXHZOj1', '-OaF0Sp0pgZKkfQXuyK8', '-OaIvkJXHJFIemvsBT2o', 'Landing Page', '-OaF_PI3x-J9swtbjdzY', 'Rebecca Davis', 'Blog Post', '2025-10-13 16:07:31', '2025-10-14 00:13:23', 29151, 0, 0, NULL, '2025-10-13 16:07:31', '2025-10-14 00:13:23'),
('-ObVd2q2KkdcCFdabMPM', 'IqfD9WycDNYq0K0nL7zoJwQvA323', '-OaF0Sp0pgZKkfQXuyK8', '-OaHm1z2zmHsOTAxS78u', 'Policies', '-OaF__7hf_r5hVgOlOfP', 'Cynthia Scott', 'Training for home requoting, Checked auto and home policies', '2025-10-13 18:54:43', '2025-10-14 00:24:11', 19768, 0, 1, NULL, '2025-10-13 18:54:43', '2025-10-14 00:24:11'),
('-Obw4Fuv6tW2ep7G-KUQ', 'NftSf9kvaEMwvrlEyWKo1QCDshU2', '-OaF0Sp0pgZKkfQXuyK8', '-OaT0cTic_9BfOLzp2mv', 'General Task', '-OaHdsmqBOMH8PjjyVdp', 'Nexistry Digital Solutions', 'removed the unnecessary icons in the input and dropdown fields, fixed the dark mode in modals inside the clients tab, added different filters in time entries for better investigation of users. this fixes came to whole day because i need to be safe when fixing bugs to avoid more glitches.', '2025-10-18 18:47:00', '2025-10-18 18:48:00', 28893, 0, 0, NULL, '2025-10-19 02:47:43', '2025-10-19 03:30:03'),
('-Obw6GZJnzom147aVqKu', 'QbclXdG1I1craJqYsGcVQSY7i9L2', '-OaF0Sp0pgZKkfQXuyK8', '-OaT0cTic_9BfOLzp2mv', 'General Task', '-OaHdsmqBOMH8PjjyVdp', 'Nexistry Digital Solutions', 'hjg', '2025-10-19 02:56:30', '2025-10-19 02:56:38', 8, 0, 0, NULL, '2025-10-19 02:56:30', '2025-10-19 02:56:38'),
('-ObWONn4PCmzqodgIqKk', 'NftSf9kvaEMwvrlEyWKo1QCDshU2', '-OaF0Sp0pgZKkfQXuyK8', '-OaT0cTic_9BfOLzp2mv', 'General Task', '-OaHdsmqBOMH8PjjyVdp', 'Nexistry Digital Solutions', 'hgjk', '2025-10-13 14:25:00', '2025-10-13 21:31:00', 54404, 0, 0, NULL, '2025-10-13 22:25:51', '2025-10-16 08:19:56'),
('-ObWoYACLvCEW-Jdt_DM', 'IqfD9WycDNYq0K0nL7zoJwQvA323', '-OaF0Sp0pgZKkfQXuyK8', '-OaT0cTic_9BfOLzp2mv', 'General Task', '-OaHdsmqBOMH8PjjyVdp', 'Nexistry Digital Solutions', 'Video for faacebook ads', '2025-10-14 00:24:00', '2025-10-14 03:17:00', 10380, 0, 1, NULL, '2025-10-14 00:24:32', '2025-10-23 01:14:10'),
('-ObWqNNbJMTwOYA-5qEx', 'QbclXdG1I1craJqYsGcVQSY7i9L2', '-OaF0Sp0pgZKkfQXuyK8', '-OaT0cTic_9BfOLzp2mv', 'General Task', '-OaHdsmqBOMH8PjjyVdp', 'Nexistry Digital Solutions', 'grfdsgfd', '2025-10-14 00:32:32', '2025-10-14 00:32:55', 23, 0, 0, NULL, '2025-10-14 00:32:32', '2025-10-14 00:32:55'),
('-ObY-QwMOYCXZdar4fRN', 'rPYKipBcdXUhEd3qpdjEzjNw70m2', '-OaF0Sp0pgZKkfQXuyK8', '-Ob8Ye2czaiPdf0BGXPT', 'instagram daily task', '-Oab9e6-B6FqEVVh5K49', 'Harri Ducker', 'daily task', '2025-10-14 05:25:00', '2025-10-14 07:10:00', 6300, 0, 1, NULL, '2025-10-14 05:56:06', '2025-10-14 07:30:11'),
('-ObYKCVVVRTGR3pTs-tb', 'rPYKipBcdXUhEd3qpdjEzjNw70m2', '-OaF0Sp0pgZKkfQXuyK8', '-Ob8YVg5UytDqcl_-En0', 'TikTok daily task', '-Oab9e6-B6FqEVVh5K49', 'Harri Ducker', 'daily task', '2025-10-14 07:10:00', '2025-10-14 07:27:00', 1020, 0, 1, NULL, '2025-10-14 07:26:52', '2025-10-14 07:28:51'),
('-ObyubTTcRqf_8oyE06y', 'ZFaIkP4hL3VaGNFYXzlNxrXHZOj1', '-OaF0Sp0pgZKkfQXuyK8', '-OaSAH5HYkbn4_wC8Vt8', 'Deligation of Task', '-OaHdsmqBOMH8PjjyVdp', 'Nexistry Digital Solutions', 'Delegation of Task', '2025-10-19 15:59:55', '2025-10-19 16:03:51', 236, 0, 0, NULL, '2025-10-19 15:59:55', '2025-10-19 16:03:51'),
('-ObyutdO78p2-iB6TaTZ', 'NftSf9kvaEMwvrlEyWKo1QCDshU2', '-OaF0Sp0pgZKkfQXuyK8', '-OaT0cTic_9BfOLzp2mv', 'General Task', '-OaHdsmqBOMH8PjjyVdp', 'Nexistry Digital Solutions', 'added security features for user time filtering. removed messages and notifications for completely rebuilding', '2025-10-19 16:01:17', '2025-10-19 20:13:56', 15159, 0, 0, NULL, '2025-10-19 16:01:17', '2025-10-19 20:13:56'),
('-ObyuXVi4u7p8-D5K7PA', '7CFx1LWWNLZUsyoOeGizUsWaUkz1', '-OaF0Sp0pgZKkfQXuyK8', '-OaYdBkObIkWZmkVYGSg', 'webite migration Coopers', '-OaF_B5nlnRS_ZWFuesL', 'Dr. Billy William', '* EPLI mobile view * Contact Us mobile and desktop view. * Generate AI picture of Fabira and Scott thru Chatgpt.', '2025-10-19 15:59:42', '2025-10-19 20:20:07', 15624, 0, 1, NULL, '2025-10-19 15:59:42', '2025-10-21 20:07:08'),
('-ObyvHiJhDAL9MhBtfIH', 'dYMNyLpVH6XmDVMJk8QQMvj8NWX2', '-OaF0Sp0pgZKkfQXuyK8', '-OaIjBREBZXCHIRDF2xE', 'Social Media Posting', '-OaHdsmqBOMH8PjjyVdp', 'Nexistry Digital Solutions', '7-DAY PRE-LAUNCH CONTENT STRATEGY (Continuation)', '2025-10-19 16:03:02', '2025-10-19 17:05:41', 3758, 0, 0, NULL, '2025-10-19 16:03:02', '2025-10-19 17:05:41'),
('-ObyvOngIA_HdHHhHxUm', 'UzY6A27FBYSJbDkjy9suM4aEdZ02', '-OaF0Sp0pgZKkfQXuyK8', '-OaT0cTic_9BfOLzp2mv', 'General Task', '-OaHdsmqBOMH8PjjyVdp', 'Nexistry Digital Solutions', 'Continuation of 7 Days AI Marketing', '2025-10-19 16:03:29', '2025-10-19 21:09:50', 18380, 0, 0, NULL, '2025-10-19 16:03:29', '2025-10-19 21:09:50'),
('-ObyvSFtORc7hUSvhVJW', 'IqfD9WycDNYq0K0nL7zoJwQvA323', '-OaF0Sp0pgZKkfQXuyK8', '-OaSAH5HYkbn4_wC8Vt8', 'Deligation of Task', '-OaHdsmqBOMH8PjjyVdp', 'Nexistry Digital Solutions', 'Quick go over with clients pending tasks and assigned it to the specialist', '2025-10-19 16:03:43', '2025-10-19 16:30:36', 1612, 0, 1, NULL, '2025-10-19 16:03:43', '2025-10-23 01:10:53'),
('-ObyvWZypMPSb-G9qALx', 'ZFaIkP4hL3VaGNFYXzlNxrXHZOj1', '-OaF0Sp0pgZKkfQXuyK8', '-OaIvkJXHJFIemvsBT2o', 'Landing Page', '-OaF_PI3x-J9swtbjdzY', 'Rebecca Davis', 'Create Vitamin Blog, Transferring prescription Blog and Panic attack Vs Heart attack', '2025-10-19 16:03:53', '2025-10-20 00:05:55', 28922, 0, 0, NULL, '2025-10-19 16:03:53', '2025-10-20 00:05:55'),
('-ObyvXHBRBP7xzbmAJ4e', 'gSb0eR1DWTTW4uzY2V6A1as0Riw2', '-OaF0Sp0pgZKkfQXuyK8', '-OaT0cTic_9BfOLzp2mv', 'General Task', '-OaHdsmqBOMH8PjjyVdp', 'Nexistry Digital Solutions', 'gen', '2025-10-19 16:04:04', '2025-10-19 21:17:46', 18822, 0, 0, NULL, '2025-10-19 16:04:04', '2025-10-19 21:17:46'),
('-Obz0bHGUtW6AD4guwYo', 'IqfD9WycDNYq0K0nL7zoJwQvA323', '-OaF0Sp0pgZKkfQXuyK8', '-OaHm1z2zmHsOTAxS78u', 'Policies', '-OaF__7hf_r5hVgOlOfP', 'Cynthia Scott', 'Worked on with Progressive renewals, Tdocs and PCs. Requoted Renewals that has a high IC. Checked Renewals, PCs and Tdocs for Auto carriers', '2025-10-19 16:30:37', '2025-10-19 20:30:42', 14404, 0, 1, NULL, '2025-10-19 16:30:37', '2025-10-19 20:30:42'),
('-Obz8cW00DbBJaIAMBne', 'dYMNyLpVH6XmDVMJk8QQMvj8NWX2', '-OaF0Sp0pgZKkfQXuyK8', '-OaXrOkWMqGQE9d-3fMl', 'Lead Generation', '-OaF_i7zD_3pxQlBlXcK', 'Damien Tugwell', '1. Adjusted the size of one photo in the gallery for better visibility and replaced a blurry image.', '2025-10-19 17:05:42', '2025-10-19 17:43:24', 2262, 0, 0, NULL, '2025-10-19 17:05:42', '2025-10-19 17:43:24'),
('-ObzBfAXovxoicuN29zA', '9gcUwwHP9vRYPW2tUKso2eAscdw1', '-OaF0Sp0pgZKkfQXuyK8', '-OaXrOkWMqGQE9d-3fMl', 'Lead Generation', '-OaF_i7zD_3pxQlBlXcK', 'Damien Tugwell', 'Google Business Profile Optimization', '2025-10-19 17:18:56', '2025-10-19 19:48:46', 8989, 0, 1, NULL, '2025-10-19 17:18:56', '2025-10-19 19:48:46'),
('-ObzHFxWV05hWOxMJZ53', 'dYMNyLpVH6XmDVMJk8QQMvj8NWX2', '-OaF0Sp0pgZKkfQXuyK8', '-OaT0cTic_9BfOLzp2mv', 'General Task', '-OaHdsmqBOMH8PjjyVdp', 'Nexistry Digital Solutions', '7-DAY PRE-LAUNCH CONTENT STRATEGY (Content Reels Undone)', '2025-10-19 17:43:24', '2025-10-19 21:07:15', 12231, 0, 0, NULL, '2025-10-19 17:43:24', '2025-10-19 21:07:15'),
('-Obziy7XaHq-G2eRtoGz', '9gcUwwHP9vRYPW2tUKso2eAscdw1', '-OaF0Sp0pgZKkfQXuyK8', '-OaSAH5HYkbn4_wC8Vt8', 'Deligation of Task', '-OaHdsmqBOMH8PjjyVdp', 'Nexistry Digital Solutions', 'Knowledge Base Creation', '2025-10-19 19:48:47', '2025-10-19 22:41:27', 10360, 0, 1, NULL, '2025-10-19 19:48:47', '2025-10-20 15:25:56'),
('-Obzoit0fAcUxndqTWJi', 'NftSf9kvaEMwvrlEyWKo1QCDshU2', '-OaF0Sp0pgZKkfQXuyK8', '-OaT0cTic_9BfOLzp2mv', 'General Task', '-OaHdsmqBOMH8PjjyVdp', 'Nexistry Digital Solutions', 'rebuilding user mentioning in task management tab (not yet finished)', '2025-10-19 20:13:58', '2025-10-19 22:33:20', 8362, 0, 0, NULL, '2025-10-19 20:13:58', '2025-10-19 22:33:20'),
('-Ob_8L3-9tofB88eHBdF', 'NftSf9kvaEMwvrlEyWKo1QCDshU2', '-OaF0Sp0pgZKkfQXuyK8', '-OaT0cTic_9BfOLzp2mv', 'General Task', '-OaHdsmqBOMH8PjjyVdp', 'Nexistry Digital Solutions', 'system', '2025-10-14 15:54:16', '2025-10-15 08:07:05', 58368, 0, 0, NULL, '2025-10-14 15:54:16', '2025-10-15 08:07:05'),
('-Ob_9gWXQC1WLLkCdYB0', '7CFx1LWWNLZUsyoOeGizUsWaUkz1', '-OaF0Sp0pgZKkfQXuyK8', '-OaYdBkObIkWZmkVYGSg', 'webite migration Coopers', '-OaF_B5nlnRS_ZWFuesL', 'Billy William', 'Cooper\'s website version 2 - home page mobile and desktop view', '2025-10-14 16:00:10', '2025-10-14 20:06:01', 14751, 0, 0, NULL, '2025-10-14 16:00:10', '2025-10-14 20:06:01'),
('-Ob_9p964u1w_kOqkZvK', 'UzY6A27FBYSJbDkjy9suM4aEdZ02', '-OaF0Sp0pgZKkfQXuyK8', '-OaT0cTic_9BfOLzp2mv', 'General Task', '-OaHdsmqBOMH8PjjyVdp', 'Nexistry Digital Solutions', 'Continuation of 7 Days AI Marketing', '2025-10-14 16:00:45', '2025-10-14 20:07:52', 14826, 0, 0, NULL, '2025-10-14 16:00:45', '2025-10-14 20:07:52'),
('-Ob_9qvyhXoeuL59kANn', 'ZFaIkP4hL3VaGNFYXzlNxrXHZOj1', '-OaF0Sp0pgZKkfQXuyK8', '-OaSAH5HYkbn4_wC8Vt8', 'Deligation of Task', '-OaHdsmqBOMH8PjjyVdp', 'Nexistry Digital Solutions', 'Delegation of Task', '2025-10-14 16:00:46', '2025-10-14 16:10:42', 595, 0, 0, NULL, '2025-10-14 16:00:46', '2025-10-14 16:10:42'),
('-Ob_A6lyp2ToaQ8LUhYc', 'gSb0eR1DWTTW4uzY2V6A1as0Riw2', '-OaF0Sp0pgZKkfQXuyK8', '-OaSAH5HYkbn4_wC8Vt8', 'Deligation of Task', '-OaHdsmqBOMH8PjjyVdp', 'Nexistry Digital Solutions', 'gen', '2025-10-14 16:02:10', '2025-10-14 23:25:55', 26625, 0, 0, NULL, '2025-10-14 16:02:10', '2025-10-14 23:25:55'),
('-Ob_B8TPqK0DhiJmZdBc', 'dYMNyLpVH6XmDVMJk8QQMvj8NWX2', '-OaF0Sp0pgZKkfQXuyK8', '-OaT0cTic_9BfOLzp2mv', 'General Task', '-OaHdsmqBOMH8PjjyVdp', 'Nexistry Digital Solutions', 'Ultimate Roadmap Courses (12/12)', '2025-10-14 16:06:32', '2025-10-15 00:15:32', 29339, 0, 0, NULL, '2025-10-14 16:06:32', '2025-10-15 00:15:32'),
('-Ob_C7_SKmQ_dvuhU29W', 'ZFaIkP4hL3VaGNFYXzlNxrXHZOj1', '-OaF0Sp0pgZKkfQXuyK8', '-OaIvkJXHJFIemvsBT2o', 'Landing Page', '-OaF_PI3x-J9swtbjdzY', 'Rebecca Davis', 'Blog posting', '2025-10-14 16:10:43', '2025-10-14 20:02:23', 13900, 0, 0, NULL, '2025-10-14 16:10:43', '2025-10-14 20:02:23'),
('-Ob_POPa_VuUZ21sqrTE', 'IqfD9WycDNYq0K0nL7zoJwQvA323', '-OaF0Sp0pgZKkfQXuyK8', '-OaHm1z2zmHsOTAxS78u', 'Policies', '-OaF__7hf_r5hVgOlOfP', 'Cynthia Scott', 'Scheduled tasks on AM, Requoting Franklin bonner to be continued', '2025-10-14 17:08:46', '2025-10-14 19:51:37', 9770, 0, 1, NULL, '2025-10-14 17:08:46', '2025-10-14 19:51:37'),
('-Oc-2KwxtHCNSvEJcvH1', 'gSb0eR1DWTTW4uzY2V6A1as0Riw2', '-OaF0Sp0pgZKkfQXuyK8', '-Oc-If1gbw8SqMvWv86_', 'Email Marketing', '-OaFaDjHg8LBQ9IcU8au', 'Roel Carandang', 'draft email marketing template', '2025-10-19 21:17:47', '2025-10-19 22:41:34', 5027, 0, 1, NULL, '2025-10-19 21:17:47', '2025-10-23 19:15:42'),
('-Oc-ibCGXOzmsPQMxf-U', 'gSb0eR1DWTTW4uzY2V6A1as0Riw2', '-OaF0Sp0pgZKkfQXuyK8', '-Oc-qTTEidX8gRX0nTCZ', 'A2P Registration', '-OaF__7hf_r5hVgOlOfP', 'Cynthia Scott', 'A2P Registration', '2025-10-20 00:26:50', '2025-10-20 01:01:29', 2079, 0, 0, NULL, '2025-10-20 00:26:50', '2025-10-20 01:01:29'),
('-Oc-JdNi_WndqBKAmCZo', 'NftSf9kvaEMwvrlEyWKo1QCDshU2', '-OaF0Sp0pgZKkfQXuyK8', '-OaT0cTic_9BfOLzp2mv', 'General Task', '-OaHdsmqBOMH8PjjyVdp', 'Nexistry Digital Solutions', 'configured google sheets, still fixing user mentions in task management', '2025-10-19 22:33:23', '2025-10-20 01:18:36', 9912, 0, 0, NULL, '2025-10-19 22:33:23', '2025-10-20 01:18:36'),
('-Oc-LIDywGqtRtIPmh7S', 'IqfD9WycDNYq0K0nL7zoJwQvA323', '-OaF0Sp0pgZKkfQXuyK8', '-OaT0cTic_9BfOLzp2mv', 'General Task', '-OaHdsmqBOMH8PjjyVdp', 'Nexistry Digital Solutions', 'Video, Checking of Simple Roofing, Checking on Rebecca,', '2025-10-19 22:40:38', '2025-10-20 02:56:38', 15360, 0, 1, NULL, '2025-10-19 22:40:38', '2025-10-23 01:10:52'),
('-Oc-LUaUPTvq1mlP-VER', '9gcUwwHP9vRYPW2tUKso2eAscdw1', '-OaF0Sp0pgZKkfQXuyK8', '-Oc-If1gbw8SqMvWv86_', 'Email Marketing', '-OaFaDjHg8LBQ9IcU8au', 'Roel Carandang', 'Make Email and SMS Marketing Template', '2025-10-19 22:41:28', '2025-10-20 01:21:49', 9621, 0, 1, NULL, '2025-10-19 22:41:28', '2025-10-20 01:21:49'),
('-Oc-LWO_YxyF59itXtye', 'gSb0eR1DWTTW4uzY2V6A1as0Riw2', '-OaF0Sp0pgZKkfQXuyK8', '-OaT0cTic_9BfOLzp2mv', 'General Task', '-OaHdsmqBOMH8PjjyVdp', 'Nexistry Digital Solutions', 'gen', '2025-10-19 22:41:34', '2025-10-19 23:21:31', 2396, 0, 0, NULL, '2025-10-19 22:41:34', '2025-10-19 23:21:31'),
('-Oc-qXwMseSQmGOEy-do', 'gSb0eR1DWTTW4uzY2V6A1as0Riw2', '-OaF0Sp0pgZKkfQXuyK8', '-OaT0cTic_9BfOLzp2mv', 'General Task', '-OaHdsmqBOMH8PjjyVdp', 'Nexistry Digital Solutions', 'gen', '2025-10-20 01:01:29', '2025-10-20 01:37:35', 2165, 0, 0, NULL, '2025-10-20 01:01:29', '2025-10-20 01:37:35'),
('-Oc-uT5pN4hkoS6gpiZa', 'NftSf9kvaEMwvrlEyWKo1QCDshU2', '-OaF0Sp0pgZKkfQXuyK8', '-Oc0-NZcR-JmSiJWPY00', 'Client Meeting', '-OaHdsmqBOMH8PjjyVdp', 'Nexistry Digital Solutions', 'meeting with zak, reconfiguration for user mentioning in task management as well as notif sound playback optimization; still not done (pms can mention users but users cannot, need to determine what is the exact root of the bug))', '2025-10-20 01:18:39', '2025-10-20 05:16:32', 14273, 0, 0, NULL, '2025-10-20 01:18:39', '2025-10-20 05:16:32'),
('-Oc-vC-IgulgWzqtDhIi', '9gcUwwHP9vRYPW2tUKso2eAscdw1', '-OaF0Sp0pgZKkfQXuyK8', '-OaT0cTic_9BfOLzp2mv', 'General Task', '-OaHdsmqBOMH8PjjyVdp', 'Nexistry Digital Solutions', 'Knowledge Base Creation', '2025-10-20 01:21:51', '2025-10-20 01:26:28', 277, 0, 1, NULL, '2025-10-20 01:21:51', '2025-10-20 15:25:55'),
('-Oc-XSUlBQtcw4YPl5ly', 'dYMNyLpVH6XmDVMJk8QQMvj8NWX2', '-OaF0Sp0pgZKkfQXuyK8', '-OaT0cTic_9BfOLzp2mv', 'General Task', '-OaHdsmqBOMH8PjjyVdp', 'Nexistry Digital Solutions', '7-DAY PRE-LAUNCH CONTENT STRATEGY (Reekss Coninuatiin,', '2025-10-19 23:33:47', '2025-10-20 02:56:29', 12162, 0, 0, NULL, '2025-10-19 23:33:47', '2025-10-20 02:56:29'),
('-Oc-ynm1ZydMFufBFiPV', 'gSb0eR1DWTTW4uzY2V6A1as0Riw2', '-OaF0Sp0pgZKkfQXuyK8', '-Oc0-NZcR-JmSiJWPY00', 'Client Meeting', '-OaHdsmqBOMH8PjjyVdp', 'Nexistry Digital Solutions', 'waiting for client', '2025-10-20 01:37:35', '2025-10-20 01:47:18', 582, 0, 0, NULL, '2025-10-20 01:37:35', '2025-10-20 01:47:18'),
('-Oc0FtYGMZ_GPvlT0fMH', 'IqfD9WycDNYq0K0nL7zoJwQvA323', '-OaF0Sp0pgZKkfQXuyK8', '-Oc0-NZcR-JmSiJWPY00', 'Client Meeting', '-OaHdsmqBOMH8PjjyVdp', 'Nexistry Digital Solutions', 'Meeting with Zak', '2025-10-20 02:56:40', '2025-10-20 03:51:58', 3318, 0, 1, NULL, '2025-10-20 02:56:40', '2025-10-23 01:10:51'),
('-Oc0NbyXbIaG4exkK5nR', 'gSb0eR1DWTTW4uzY2V6A1as0Riw2', '-OaF0Sp0pgZKkfQXuyK8', '-Oc0-NZcR-JmSiJWPY00', 'Client Meeting', '-OaHdsmqBOMH8PjjyVdp', 'Nexistry Digital Solutions', 'indian client', '2025-10-20 03:30:23', '2025-10-20 04:05:32', 2108, 0, 0, NULL, '2025-10-20 03:30:23', '2025-10-20 04:05:32'),
('-Oc0XLEwJqV-TW-rjTrv', 'IqfD9WycDNYq0K0nL7zoJwQvA323', '-OaF0Sp0pgZKkfQXuyK8', '-Oc0beQsNtb5TJRekApG', 'Weekly Meeting', '-OaF__7hf_r5hVgOlOfP', 'Cynthia Scott', 'Weekly Meeting Every Monday', '2025-10-20 04:12:52', '2025-10-20 04:36:26', 1414, 0, 1, NULL, '2025-10-20 04:12:52', '2025-10-20 04:36:26'),
('-Oc2qN8rFjBeFsKY7cOD', 'gSb0eR1DWTTW4uzY2V6A1as0Riw2', '-OaF0Sp0pgZKkfQXuyK8', '-Oc2qVsaJikeJV-ZqTe4', 'Weekly Meeting', '-OaF_B5nlnRS_ZWFuesL', 'Dr. Billy William', 'Meeting with Andress', '2025-10-20 14:59:37', '2025-10-20 15:30:38', 1860, 0, 1, NULL, '2025-10-20 14:59:37', '2025-10-20 15:30:38'),
('-Oc2xTi9lsDmwZ6LvsOW', 'gSb0eR1DWTTW4uzY2V6A1as0Riw2', '-OaF0Sp0pgZKkfQXuyK8', '-OaT0cTic_9BfOLzp2mv', 'General Task', '-OaHdsmqBOMH8PjjyVdp', 'Nexistry Digital Solutions', 'gen', '2025-10-20 15:30:39', '2025-10-20 17:49:43', 8344, 0, 0, NULL, '2025-10-20 15:30:39', '2025-10-20 17:49:43'),
('-Oc32aBLD-90IlOR2U9C', 'NftSf9kvaEMwvrlEyWKo1QCDshU2', '-OaF0Sp0pgZKkfQXuyK8', '-OaXrOkWMqGQE9d-3fMl', 'Lead Generation', '-OaF_i7zD_3pxQlBlXcK', 'Damien Tugwell', 'working on documents and contract + david beckham', '2025-10-20 15:57:22', '2025-10-20 21:38:15', 20453, 0, 0, NULL, '2025-10-20 15:57:22', '2025-10-20 21:38:15'),
('-Oc339J6JY9IX3YUYWqb', '7CFx1LWWNLZUsyoOeGizUsWaUkz1', '-OaF0Sp0pgZKkfQXuyK8', '-OaYdBkObIkWZmkVYGSg', 'webite migration Coopers', '-OaF_B5nlnRS_ZWFuesL', 'Dr. Billy William', '* update phone number and address in upper header (both desktop and mobile view. * change home section adding the utube video and the book image (both mob. view and desktop) * finish the mobile view of contact us page and fixed some of the lining of the elements* update automation adding email 5 & 6. * remove site map page.', '2025-10-20 15:59:51', '2025-10-20 20:07:42', 14871, 0, 1, NULL, '2025-10-20 15:59:51', '2025-10-21 20:07:08'),
('-Oc33PYB7OICr2VbNIKo', 'ZFaIkP4hL3VaGNFYXzlNxrXHZOj1', '-OaF0Sp0pgZKkfQXuyK8', '-OaSAH5HYkbn4_wC8Vt8', 'Deligation of Task', '-OaHdsmqBOMH8PjjyVdp', 'Nexistry Digital Solutions', 'Delegation of task', '2025-10-20 16:00:49', '2025-10-20 16:19:02', 1092, 0, 0, NULL, '2025-10-20 16:00:49', '2025-10-20 16:19:02'),
('-Oc34Z1rLear5z78RFji', 'UzY6A27FBYSJbDkjy9suM4aEdZ02', '-OaF0Sp0pgZKkfQXuyK8', '-OaT0cTic_9BfOLzp2mv', 'General Task', '-OaHdsmqBOMH8PjjyVdp', 'Nexistry Digital Solutions', '- create UTM link for lead nurture - create pipeline for email monitoring of 7 days AI Marketing - create pipeline for email status of 7 days AI Marketing - create the additional 3 email templates (day 8-day 10)', '2025-10-20 16:05:58', '2025-10-20 20:10:44', 14686, 0, 0, NULL, '2025-10-20 16:05:58', '2025-10-20 20:10:44'),
('-Oc36G9YYAxemk_V2HXm', 'IqfD9WycDNYq0K0nL7zoJwQvA323', '-OaF0Sp0pgZKkfQXuyK8', '-OaSAH5HYkbn4_wC8Vt8', 'Deligation of Task', '-OaHdsmqBOMH8PjjyVdp', 'Nexistry Digital Solutions', 'Reviewed tasks from Zak, Rebecca and give it to the specialist', '2025-10-20 16:13:26', '2025-10-20 16:48:56', 2130, 0, 1, NULL, '2025-10-20 16:13:26', '2025-10-23 01:10:46'),
('-Oc36qaCb-G-BtsT-2on', 'dYMNyLpVH6XmDVMJk8QQMvj8NWX2', '-OaF0Sp0pgZKkfQXuyK8', '-OaIjBREBZXCHIRDF2xE', 'Social Media Posting', '-OaHdsmqBOMH8PjjyVdp', 'Nexistry Digital Solutions', '7-DAY PRE-LAUNCH CONTENT STRATEGY 7/7 Done', '2025-10-20 16:15:58', '2025-10-20 17:35:57', 4799, 0, 0, NULL, '2025-10-20 16:15:58', '2025-10-20 17:35:57'),
('-Oc37_bb7wim3gTGRa3Z', 'ZFaIkP4hL3VaGNFYXzlNxrXHZOj1', '-OaF0Sp0pgZKkfQXuyK8', '-OaIvZdcisZxyig1R8On', 'Newsletter', '-OaF_PI3x-J9swtbjdzY', 'Rebecca Davis', 'Create 4 pages News letter for November, Done create Prescription Blog, and in Heart Vs Panic attack, everything is ready, only the photos still need to be added', '2025-10-20 16:19:03', '2025-10-21 00:14:08', 28504, 0, 0, NULL, '2025-10-20 16:19:03', '2025-10-21 00:14:08'),
('-Oc39WhyWBzfSwIb05mi', '9gcUwwHP9vRYPW2tUKso2eAscdw1', '-OaF0Sp0pgZKkfQXuyK8', '-Oc-If1gbw8SqMvWv86_', 'Email Marketing', '-OaFaDjHg8LBQ9IcU8au', 'Roel Carandang', 'Email Marketing Automation & Review Page Star Rating Section Customization', '2025-10-20 16:27:39', '2025-10-20 19:27:32', 10793, 0, 1, NULL, '2025-10-20 16:27:39', '2025-10-20 19:27:32'),
('-Oc3EOO3LQ_oSY1bsAQM', 'IqfD9WycDNYq0K0nL7zoJwQvA323', '-OaF0Sp0pgZKkfQXuyK8', '-OaHm1z2zmHsOTAxS78u', 'Policies', '-OaF__7hf_r5hVgOlOfP', 'Cynthia Scott', 'Checked home carriers, Requoted Renewals for auto', '2025-10-20 16:48:56', '2025-10-20 20:25:29', 12992, 0, 1, NULL, '2025-10-20 16:48:56', '2025-10-20 20:25:29'),
('-Oc3p32qWUKulIARjxi_', '9gcUwwHP9vRYPW2tUKso2eAscdw1', '-OaF0Sp0pgZKkfQXuyK8', '-OaT0cTic_9BfOLzp2mv', 'General Task', '-OaHdsmqBOMH8PjjyVdp', 'Nexistry Digital Solutions', 'Knowledge Base Creation', '2025-10-20 19:33:29', '2025-10-21 00:38:18', 18288, 0, 1, NULL, '2025-10-20 19:33:29', '2025-10-21 00:38:18'),
('-Oc3P9Mwpb0IHWw0C4rx', 'dYMNyLpVH6XmDVMJk8QQMvj8NWX2', '-OaF0Sp0pgZKkfQXuyK8', '-Oax9h97qVLyv9YjRjJg', 'Documentation', '-OaF_i7zD_3pxQlBlXcK', 'Damien Tugwell', 'Recreate Heal with Joan website to EDS (Test 1.1)', '2025-10-20 17:35:58', '2025-10-20 20:44:16', 11298, 0, 0, NULL, '2025-10-20 17:35:58', '2025-10-20 20:44:16');
INSERT INTO `time_entries` (`id`, `user_id`, `company_id`, `project_id`, `project_name`, `client_id`, `client_name`, `description`, `start_time`, `end_time`, `duration`, `is_running`, `is_billable`, `tags`, `created_at`, `updated_at`) VALUES
('-Oc3SIyrQXfiDzGntQf4', 'gSb0eR1DWTTW4uzY2V6A1as0Riw2', '-OaF0Sp0pgZKkfQXuyK8', '-OaI5mt-8JB0flwRULCf', 'meeting with Roel', '-OaFaDjHg8LBQ9IcU8au', 'Roel Carandang', 'meeting with Roel', '2025-10-20 17:49:44', '2025-10-20 18:14:58', 1514, 0, 1, NULL, '2025-10-20 17:49:44', '2025-10-20 18:14:58'),
('-Oc3Y5hVaoeyImRV6wgH', 'gSb0eR1DWTTW4uzY2V6A1as0Riw2', '-OaF0Sp0pgZKkfQXuyK8', '-OaT0cTic_9BfOLzp2mv', 'General Task', '-OaHdsmqBOMH8PjjyVdp', 'Nexistry Digital Solutions', 'GEN', '2025-10-20 18:15:02', '2025-10-20 21:45:58', 12655, 0, 0, NULL, '2025-10-20 18:15:02', '2025-10-20 21:45:58'),
('-Oc4DTqazOajkQWuF3WS', 'IqfD9WycDNYq0K0nL7zoJwQvA323', '-OaF0Sp0pgZKkfQXuyK8', '-OaT0cTic_9BfOLzp2mv', 'General Task', '-OaHdsmqBOMH8PjjyVdp', 'Nexistry Digital Solutions', 'Video Editing', '2025-10-20 21:24:34', '2025-10-20 21:52:02', 1647, 0, 1, NULL, '2025-10-20 21:24:34', '2025-10-23 01:10:45'),
('-Oc4GboDHVTYTkCAkdnS', 'NftSf9kvaEMwvrlEyWKo1QCDshU2', '-OaF0Sp0pgZKkfQXuyK8', '-OaXrOkWMqGQE9d-3fMl', 'Lead Generation', '-OaF_i7zD_3pxQlBlXcK', 'Damien Tugwell', 'documents and video continuation', '2025-10-20 21:38:16', '2025-10-20 23:43:28', 7512, 0, 0, NULL, '2025-10-20 21:38:16', '2025-10-21 20:01:48'),
('-Oc4iH6VngCTOiH0X2e-', 'NftSf9kvaEMwvrlEyWKo1QCDshU2', '-OaF0Sp0pgZKkfQXuyK8', '-OaT0cTic_9BfOLzp2mv', 'General Task', '-OaHdsmqBOMH8PjjyVdp', 'Nexistry Digital Solutions', 'make send email automation via appscript for salepersons', '2025-10-20 23:43:29', '2025-10-21 01:15:44', 5535, 0, 1, NULL, '2025-10-20 23:43:29', '2025-10-21 20:00:53'),
('-Oc4JlJLMBwKuoMXbQvt', 'IqfD9WycDNYq0K0nL7zoJwQvA323', '-OaF0Sp0pgZKkfQXuyK8', '-OaXrOkWMqGQE9d-3fMl', 'Lead Generation', '-OaF_i7zD_3pxQlBlXcK', 'Damien Tugwell', 'Text to speech', '2025-10-20 21:52:03', '2025-10-20 22:20:14', 1691, 0, 1, NULL, '2025-10-20 21:52:03', '2025-10-23 01:10:44'),
('-Oc4QDOAjibR0yXpOHhj', 'IqfD9WycDNYq0K0nL7zoJwQvA323', '-OaF0Sp0pgZKkfQXuyK8', '-OaT0cTic_9BfOLzp2mv', 'General Task', '-OaHdsmqBOMH8PjjyVdp', 'Nexistry Digital Solutions', 'Video making', '2025-10-20 22:20:15', '2025-10-21 01:55:43', 12928, 0, 1, NULL, '2025-10-20 22:20:15', '2025-10-23 01:10:44'),
('-Oc4RXjEeFy4fToEtT48', 'dYMNyLpVH6XmDVMJk8QQMvj8NWX2', '-OaF0Sp0pgZKkfQXuyK8', '-Oax9h97qVLyv9YjRjJg', 'Documentation', '-OaF_i7zD_3pxQlBlXcK', 'Damien Tugwell', 'Project: EDS Website Rebuild (Test 1.1) - From Heal with Joan - Completed Pages (Mobile & Desktop): Home, About, Contact, Book Online, Plan & Pricing - Unblur Logo - Navigation buttons and other buttons aside from book now are linked . - Action Required: Add product/shopping cart functionality based on the original website reference.', '2025-10-20 22:25:59', '2025-10-21 00:40:25', 8065, 0, 0, NULL, '2025-10-20 22:25:59', '2025-10-21 00:40:25'),
('-Oc4vJ-WZiDk5WO4CLOH', 'dYMNyLpVH6XmDVMJk8QQMvj8NWX2', '-OaF0Sp0pgZKkfQXuyK8', '-OaT0cTic_9BfOLzp2mv', 'General Task', '-OaHdsmqBOMH8PjjyVdp', 'Nexistry Digital Solutions', 'Create thumbnail for Ultimate Nurture Roadmap and Start Creating new introduction video for Nexistry Digital Solutions', '2025-10-21 00:40:25', '2025-10-21 02:05:03', 5077, 0, 0, NULL, '2025-10-21 00:40:25', '2025-10-21 02:05:03'),
('-Oc51TnrIaEbu6fYvBlH', 'gSb0eR1DWTTW4uzY2V6A1as0Riw2', '-OaF0Sp0pgZKkfQXuyK8', '-OaT0cTic_9BfOLzp2mv', 'General Task', '-OaHdsmqBOMH8PjjyVdp', 'Nexistry Digital Solutions', 'gen', '2025-10-21 01:11:44', '2025-10-21 01:12:18', 34, 0, 0, NULL, '2025-10-21 01:11:44', '2025-10-21 01:12:18'),
('-Oc52X2insxmVhgl0LAU', 'gSb0eR1DWTTW4uzY2V6A1as0Riw2', '-OaF0Sp0pgZKkfQXuyK8', '-OaT0cTic_9BfOLzp2mv', 'General Task', '-OaHdsmqBOMH8PjjyVdp', 'Nexistry Digital Solutions', 'gen', '2025-10-21 01:16:20', '2025-10-21 02:22:29', 3968, 0, 0, NULL, '2025-10-21 01:16:20', '2025-10-21 02:22:29'),
('-Oc53OmuEcKMocmjS4L3', 'NftSf9kvaEMwvrlEyWKo1QCDshU2', '-OaF0Sp0pgZKkfQXuyK8', '-OaSAH5HYkbn4_wC8Vt8', 'Deligation of Task', '-OaHdsmqBOMH8PjjyVdp', 'Nexistry Digital Solutions', 'working with make functions follow ups', '2025-10-21 01:20:08', '2025-10-21 05:16:38', 14190, 0, 0, NULL, '2025-10-21 01:20:08', '2025-10-21 05:16:38'),
('-Oc5p8xzgmkfUtrBgBdG', 'rPYKipBcdXUhEd3qpdjEzjNw70m2', '-OaF0Sp0pgZKkfQXuyK8', '-Ob8Ye2czaiPdf0BGXPT', 'instagram daily task', '-Oab9e6-B6FqEVVh5K49', 'Harri Ducker', 'daily task', '2025-10-17 04:53:00', '2025-10-17 06:54:00', 7260, 0, 1, NULL, '2025-10-21 04:53:08', '2025-10-21 04:56:22'),
('-Oc5q4I3f23GYHM0gM_z', 'rPYKipBcdXUhEd3qpdjEzjNw70m2', '-OaF0Sp0pgZKkfQXuyK8', '-Ob8Ye2czaiPdf0BGXPT', 'instagram daily task', '-Oab9e6-B6FqEVVh5K49', 'Harri Ducker', 'daily task', '2025-10-20 04:57:00', '2025-10-20 07:02:00', 7500, 0, 1, NULL, '2025-10-21 04:57:11', '2025-10-21 04:59:52'),
('-Oc5uXZgq3hyDtkzFgsx', 'NftSf9kvaEMwvrlEyWKo1QCDshU2', '-OaF0Sp0pgZKkfQXuyK8', '-OaT0cTic_9BfOLzp2mv', 'General Task', '-OaHdsmqBOMH8PjjyVdp', 'Nexistry Digital Solutions', 'make continuation. zak', '2025-10-21 05:16:39', '2025-10-21 06:39:24', 4964, 0, 0, NULL, '2025-10-21 05:16:39', '2025-10-21 06:39:24'),
('-Oc6A7qmVsHNBEK1GcR9', 'rPYKipBcdXUhEd3qpdjEzjNw70m2', '-OaF0Sp0pgZKkfQXuyK8', '-Ob8Ye2czaiPdf0BGXPT', 'instagram daily task', '-Oab9e6-B6FqEVVh5K49', 'Harri Ducker', 'daily task', '2025-10-21 05:29:00', '2025-10-21 07:33:00', 7440, 0, 1, NULL, '2025-10-21 06:29:11', '2025-10-21 07:17:57'),
('-Oc8Cpb-g0QV45pU0Q3j', '7CFx1LWWNLZUsyoOeGizUsWaUkz1', '-OaF0Sp0pgZKkfQXuyK8', '-Oc2qVsaJikeJV-ZqTe4', 'Weekly Meeting', '-OaF_B5nlnRS_ZWFuesL', 'Dr. Billy William', '* Socials and thumbnail in canva - FB - https://www.canva.com/design/DAG2eAwlb0Y/IPsPra0asBB7ezjBvMpUZg/edit?utm_content=DAG2eAwlb0Y&utm_campaign=designshare&utm_medium=link2&utm_source=sharebutton  utube - https://www.canva.com/design/DAG2eZWoeP0/JIXCOwrqP75kdws6JQSJQA/edit?utm_content=DAG2eZWoeP0&utm_campaign=designshare&utm_medium=link2&utm_source=sharebutton  linkedin - https://www.canva.com/design/DAG2eh_9UOU/AjIFir4dytQectoqwfyOrg/edit?utm_content=DAG2eh_9UOU&utm_campaign=designshare&utm_medium=link2&utm_source=sharebutton * https://www.canva.com/design/DAG2ek0ElD4/mNCqC-nZ6d6TWdKXvythwA/edit?utm_content=DAG2ek0ElD4&utm_campaign=designshare&utm_medium=link2&utm_source=sharebutton', '2025-10-21 16:00:13', '2025-10-21 20:06:55', 14801, 0, 1, NULL, '2025-10-21 16:00:13', '2025-10-21 20:06:55'),
('-Oc8CwHywaPl95VOm2Wa', 'ZFaIkP4hL3VaGNFYXzlNxrXHZOj1', '-OaF0Sp0pgZKkfQXuyK8', '-OaSAH5HYkbn4_wC8Vt8', 'Deligation of Task', '-OaHdsmqBOMH8PjjyVdp', 'Nexistry Digital Solutions', 'Delegation of task', '2025-10-21 16:00:32', '2025-10-21 16:03:07', 154, 0, 0, NULL, '2025-10-21 16:00:32', '2025-10-21 16:03:07'),
('-Oc8D0M5kNiGxdCLOMVA', 'dYMNyLpVH6XmDVMJk8QQMvj8NWX2', '-OaF0Sp0pgZKkfQXuyK8', '-Oax9h97qVLyv9YjRjJg', 'Documentation', '-OaF_i7zD_3pxQlBlXcK', 'Damien Tugwell', '- A booking calendar was implemented. - Continued website revisions, including: - Button functionality updates. - Minor edits (e.g., text justification, paddings, mobile responsiveness, and other small adjustments).', '2025-10-21 16:01:02', '2025-10-21 21:02:33', 18091, 0, 0, NULL, '2025-10-21 16:01:02', '2025-10-21 21:02:33'),
('-Oc8DLUTMr2PFbGXi6YK', 'UzY6A27FBYSJbDkjy9suM4aEdZ02', '-OaF0Sp0pgZKkfQXuyK8', '-OaYdHOb8K0Lnh1L68Op', 'email marketing automation', '-OaF_B5nlnRS_ZWFuesL', 'Dr. Billy William', 'This setup includes the creation of 5 email templates and 7 SMS templates tailored for the “How to Eliminate the Top 10 Life Insurance Sales Objections” campaign. It also features a complete email and SMS marketing workflow designed to automate engagement, follow-ups, and conversions. Additionally, a dedicated sales pipeline is created to efficiently track leads, monitor progress, and streamline the objection-handling process from initial contact to policy conversion.', '2025-10-21 16:02:27', '2025-10-21 20:04:45', 14538, 0, 1, NULL, '2025-10-21 16:02:27', '2025-10-21 20:04:45'),
('-Oc8DRUacg9spbEIrrj5', 'gSb0eR1DWTTW4uzY2V6A1as0Riw2', '-OaF0Sp0pgZKkfQXuyK8', '-OaT0cTic_9BfOLzp2mv', 'General Task', '-OaHdsmqBOMH8PjjyVdp', 'Nexistry Digital Solutions', 'gen', '2025-10-21 16:02:52', '2025-10-21 22:05:13', 21741, 0, 0, NULL, '2025-10-21 16:02:52', '2025-10-21 22:05:13'),
('-Oc8DXLpq0BNGg9DGaoX', 'ZFaIkP4hL3VaGNFYXzlNxrXHZOj1', '-OaF0Sp0pgZKkfQXuyK8', '-OaIvkJXHJFIemvsBT2o', 'Landing Page', '-OaF_PI3x-J9swtbjdzY', 'Rebecca Davis', 'Created Panic Attack vs. Heart Attack: How to Tell the Difference and Why It Matters Blog and Cholesterol Blog', '2025-10-21 16:03:08', '2025-10-22 00:08:26', 29117, 0, 0, NULL, '2025-10-21 16:03:08', '2025-10-22 00:08:26'),
('-Oc8E6IpmTV9dT-RBZwD', 'NftSf9kvaEMwvrlEyWKo1QCDshU2', '-OaF0Sp0pgZKkfQXuyK8', '-OaT0cTic_9BfOLzp2mv', 'General Task', '-OaHdsmqBOMH8PjjyVdp', 'Nexistry Digital Solutions', 'nexiflow messages and david beckham screenshots', '2025-10-21 16:05:48', '2025-10-21 20:56:11', 17422, 0, 0, NULL, '2025-10-21 16:05:48', '2025-10-21 20:56:11'),
('-Oc8Jzur1PwfCeHDsNIg', 'IqfD9WycDNYq0K0nL7zoJwQvA323', '-OaF0Sp0pgZKkfQXuyK8', '-OaHm1z2zmHsOTAxS78u', 'Policies', '-OaF__7hf_r5hVgOlOfP', 'Cynthia Scott', 'Home Requote, Checking and sending out Messages on AM, Scheduled Tasks on AM', '2025-10-21 16:31:30', '2025-10-21 20:43:05', 15094, 0, 1, NULL, '2025-10-21 16:31:30', '2025-10-21 20:43:05'),
('-Oc9bVCGnMA5VILQjlUO', 'gSb0eR1DWTTW4uzY2V6A1as0Riw2', '-OaF0Sp0pgZKkfQXuyK8', '-OaT0cTic_9BfOLzp2mv', 'General Task', '-OaHdsmqBOMH8PjjyVdp', 'Nexistry Digital Solutions', 'gen', '2025-10-21 22:31:58', '2025-10-22 02:11:33', 13175, 0, 0, NULL, '2025-10-21 22:31:58', '2025-10-22 02:11:33'),
('-Oc9G_5KOPta1A8nKnFR', 'NftSf9kvaEMwvrlEyWKo1QCDshU2', '-OaF0Sp0pgZKkfQXuyK8', '-OaXrOkWMqGQE9d-3fMl', 'Lead Generation', '-OaF_i7zD_3pxQlBlXcK', 'Damien Tugwell', 'making an automation for calendar bookings', '2025-10-21 20:56:12', '2025-10-21 21:23:27', 1635, 0, 0, NULL, '2025-10-21 20:56:12', '2025-10-21 21:23:27'),
('-Oc9I-qs39s1i9PuhLGa', 'dYMNyLpVH6XmDVMJk8QQMvj8NWX2', '-OaF0Sp0pgZKkfQXuyK8', '-OaT0cTic_9BfOLzp2mv', 'General Task', '-OaHdsmqBOMH8PjjyVdp', 'Nexistry Digital Solutions', 'Revised other reels and contents (removed) indian or not related to nexistry branding', '2025-10-21 21:02:34', '2025-10-21 22:10:06', 4052, 0, 0, NULL, '2025-10-21 21:02:34', '2025-10-21 22:10:06'),
('-Oc9qMf9981rNpGBzmFd', 'dYMNyLpVH6XmDVMJk8QQMvj8NWX2', '-OaF0Sp0pgZKkfQXuyK8', '-OaT0cTic_9BfOLzp2mv', 'General Task', '-OaHdsmqBOMH8PjjyVdp', 'Nexistry Digital Solutions', 'Add new page for orignal price - Nexistry digital product (Ultimate Lead Nurture Roadmap)', '2025-10-21 23:37:02', '2025-10-22 00:32:31', 3329, 0, 0, NULL, '2025-10-21 23:37:02', '2025-10-22 00:32:31'),
('-Oc9rfV4s5onTBujZVSP', 'NftSf9kvaEMwvrlEyWKo1QCDshU2', '-OaF0Sp0pgZKkfQXuyK8', '-OaT0cTic_9BfOLzp2mv', 'General Task', '-OaHdsmqBOMH8PjjyVdp', 'Nexistry Digital Solutions', 'messaging', '2025-10-21 23:42:40', '2025-10-22 01:36:50', 6850, 0, 0, NULL, '2025-10-21 23:42:40', '2025-10-22 01:36:50'),
('-Oc9TT1CCLONyEErofCc', 'IqfD9WycDNYq0K0nL7zoJwQvA323', '-OaF0Sp0pgZKkfQXuyK8', '-OaT0cTic_9BfOLzp2mv', 'General Task', '-OaHdsmqBOMH8PjjyVdp', 'Nexistry Digital Solutions', 'Leads, Checking of done tasks, Fixing Discord, Fixing sheets', '2025-10-21 21:52:31', '2025-10-22 02:09:03', 15392, 0, 1, NULL, '2025-10-21 21:52:31', '2025-10-23 01:10:43'),
('-Oc9XTHW2MLWOUP-O5_Z', 'dYMNyLpVH6XmDVMJk8QQMvj8NWX2', '-OaF0Sp0pgZKkfQXuyK8', '-Oc9pDvqkkSp9a9aimf-', 'Landing page for Webinar', '-OaF_B5nlnRS_ZWFuesL', 'Dr. Billy William', 'Landing Page for Free Webinar - How to Eliminate the Top 10 Life Insurance Sales Objections', '2025-10-21 22:10:06', '2025-10-21 23:37:02', 5215, 0, 1, NULL, '2025-10-21 22:10:06', '2025-10-23 01:17:56'),
('-Oc9_F3ivGfWKDIDV5Hi', 'NftSf9kvaEMwvrlEyWKo1QCDshU2', '-OaF0Sp0pgZKkfQXuyK8', '-OaT0cTic_9BfOLzp2mv', 'General Task', '-OaHdsmqBOMH8PjjyVdp', 'Nexistry Digital Solutions', 'nexistry sales agents', '2025-10-21 22:22:09', '2025-10-21 23:42:39', 4830, 0, 0, NULL, '2025-10-21 22:22:09', '2025-10-21 23:42:39'),
('-OcAepP7OBM6Yn7ard3t', 'NftSf9kvaEMwvrlEyWKo1QCDshU2', '-OaF0Sp0pgZKkfQXuyK8', '-OaT0cTic_9BfOLzp2mv', 'General Task', '-OaHdsmqBOMH8PjjyVdp', 'Nexistry Digital Solutions', 'working on mention notification in task management, fixed the custom date filter bug for all tabs, made new tab for client details including the time entries', '2025-10-22 03:26:09', '2025-10-22 07:12:32', 13582, 0, 0, NULL, '2025-10-22 03:26:09', '2025-10-22 07:12:32'),
('-OcAGoM66wUus0MDOv3t', 'NftSf9kvaEMwvrlEyWKo1QCDshU2', '-OaF0Sp0pgZKkfQXuyK8', '-OaT0cTic_9BfOLzp2mv', 'General Task', '-OaHdsmqBOMH8PjjyVdp', 'Nexistry Digital Solutions', 'fixed links and automations', '2025-10-22 01:36:51', '2025-10-22 03:26:08', 6556, 0, 0, NULL, '2025-10-22 01:36:51', '2025-10-22 03:26:08'),
('-OcAJ2PBmpciepOMpV5x', 'QbclXdG1I1craJqYsGcVQSY7i9L2', '-OaF0Sp0pgZKkfQXuyK8', '-OaSAH5HYkbn4_wC8Vt8', 'Deligation of Task', '-OaHdsmqBOMH8PjjyVdp', 'Nexistry Digital Solutions', 'hgf', '2025-10-22 01:46:37', '2025-10-22 01:46:44', 6, 0, 0, NULL, '2025-10-22 01:46:37', '2025-10-22 01:46:44'),
('-Occ5jYDr9T8LZ8O9o9_', 'UzY6A27FBYSJbDkjy9suM4aEdZ02', '-OaF0Sp0pgZKkfQXuyK8', '-OaYdHOb8K0Lnh1L68Op', 'email marketing automation', '-OaF_B5nlnRS_ZWFuesL', 'Dr. Billy William', 'Continuation of Lead Intake Questionnaire Form, create Lead Intake Questionnaire Workflow, internal copy of form submission to billy@williamsinvgroup.com', '2025-10-27 15:57:29', '2025-10-27 20:01:31', 14642, 0, 1, NULL, '2025-10-27 15:57:29', '2025-10-27 20:01:31'),
('-Occ6jwHQevAH9DW3pGR', 'gSb0eR1DWTTW4uzY2V6A1as0Riw2', '-OaF0Sp0pgZKkfQXuyK8', '-OaT0cTic_9BfOLzp2mv', 'General Task', '-OaHdsmqBOMH8PjjyVdp', 'Nexistry Digital Solutions', 'nexistry', '2025-10-27 16:01:50', '2025-10-28 00:12:39', 29449, 0, 0, NULL, '2025-10-27 16:01:50', '2025-10-28 00:12:39'),
('-Occ6Ks-Vfb3LZJU3L6R', 'dYMNyLpVH6XmDVMJk8QQMvj8NWX2', '-OaF0Sp0pgZKkfQXuyK8', '-OaT0cTic_9BfOLzp2mv', 'General Task', '-OaHdsmqBOMH8PjjyVdp', 'Nexistry Digital Solutions', '-New video Introduction for Nexistry Digital Solutions (continued) - Make an AI Nicole narration and video animation on heygen, but only half of the script are done making due to limited generatig feature on heygen. - Put the scrpt audio on canva to putsome AI clips and other animated element to make the visuals of the content.  - Contiue editing on capcup for other feature needed like words captioning, music and sound effects, transitions, and other graphics need.', '2025-10-27 16:00:04', '2025-10-28 00:31:59', 30714, 0, 0, NULL, '2025-10-27 16:00:04', '2025-10-28 00:31:59'),
('-Occ6LMpCzwnBMp_W39n', '7CFx1LWWNLZUsyoOeGizUsWaUkz1', '-OaF0Sp0pgZKkfQXuyK8', '-Oc9pDvqkkSp9a9aimf-', 'Landing page for Webinar', '-OaF_B5nlnRS_ZWFuesL', 'Dr. Billy William', 'Create bg to canva Update CTA to form Create landing page Create intake form page create thank you page (both desktop and mobile view)   https://app.gohighlevel.com/v2/preview/eSS3eRdNWvkqozFRQA0v?notrack=true', '2025-10-27 16:00:06', '2025-10-27 20:01:18', 14471, 0, 1, NULL, '2025-10-27 16:00:06', '2025-10-27 20:01:18'),
('-Occ6RcSmbhfix7SwgK6', 'ZFaIkP4hL3VaGNFYXzlNxrXHZOj1', '-OaF0Sp0pgZKkfQXuyK8', '-OaSAH5HYkbn4_wC8Vt8', 'Deligation of Task', '-OaHdsmqBOMH8PjjyVdp', 'Nexistry Digital Solutions', 'Delegation of task', '2025-10-27 16:00:22', '2025-10-27 16:01:59', 96, 0, 0, NULL, '2025-10-27 16:00:22', '2025-10-27 16:01:59'),
('-Occ6vlbCyCikLYxwBgZ', 'IqfD9WycDNYq0K0nL7zoJwQvA323', '-OaF0Sp0pgZKkfQXuyK8', '-OaSAH5HYkbn4_wC8Vt8', 'Deligation of Task', '-OaHdsmqBOMH8PjjyVdp', 'Nexistry Digital Solutions', 'checking tasks from clients', '2025-10-27 16:02:40', '2025-10-27 16:29:24', 1603, 0, 0, NULL, '2025-10-27 16:02:40', '2025-10-27 16:29:24'),
('-Occ6WMc3kQm9qqdb8Ei', '9gcUwwHP9vRYPW2tUKso2eAscdw1', '-OaF0Sp0pgZKkfQXuyK8', '-OaT0cTic_9BfOLzp2mv', 'General Task', '-OaHdsmqBOMH8PjjyVdp', 'Nexistry Digital Solutions', 'Knowledge Base Creation: Page Content Customization', '2025-10-27 16:00:50', '2025-10-27 20:00:53', 14403, 0, 1, NULL, '2025-10-27 16:00:50', '2025-10-28 19:31:40'),
('-Occ8ftxHrKJE5cJeiYo', 'ZFaIkP4hL3VaGNFYXzlNxrXHZOj1', '-OaF0Sp0pgZKkfQXuyK8', '-OaIvkJXHJFIemvsBT2o', 'Landing Page', '-OaF_PI3x-J9swtbjdzY', 'Rebecca Davis', 'Create Phone view of Vomiting Blog, Kidney Blog, Magnesium Blog, Beat Blog, Anti Biotic Blog, Vitamin Blog, Blood presssure too low Blog, Cholesterol Blog, Panic Vs Heart Attack Blog', '2025-10-27 16:10:09', '2025-10-28 00:19:21', 29351, 0, 0, NULL, '2025-10-27 16:10:09', '2025-10-28 00:19:21'),
('-OccD2dWU1-_Zl9kmBuq', 'IqfD9WycDNYq0K0nL7zoJwQvA323', '-OaF0Sp0pgZKkfQXuyK8', '-OaHm1z2zmHsOTAxS78u', 'Policies', '-OaF__7hf_r5hVgOlOfP', 'Cynthia Scott', 'Checked auto and home policies, added policy on the AM, Schedule tasks on AM', '2025-10-27 16:29:25', '2025-10-27 20:12:41', 13396, 0, 1, NULL, '2025-10-27 16:29:25', '2025-10-27 20:12:41'),
('-OcdB2B9UbLGsHsy_h28', '9gcUwwHP9vRYPW2tUKso2eAscdw1', '-OaF0Sp0pgZKkfQXuyK8', '-OaT0cTic_9BfOLzp2mv', 'General Task', '-OaHdsmqBOMH8PjjyVdp', 'Nexistry Digital Solutions', 'Knowledge Base Creation:', '2025-10-27 21:00:15', '2025-10-28 01:00:15', 14400, 0, 1, NULL, '2025-10-27 21:00:15', '2025-10-28 19:31:41'),
('-OcdJXxT87cbLaCRLHzi', 'IqfD9WycDNYq0K0nL7zoJwQvA323', '-OaF0Sp0pgZKkfQXuyK8', '-OaT0cTic_9BfOLzp2mv', 'General Task', '-OaHdsmqBOMH8PjjyVdp', 'Nexistry Digital Solutions', 'Uploaded contacts in nexistry form LGS, SEO of nexistry, Cynthia\'s AI workflow', '2025-10-27 21:37:24', '2025-10-28 02:45:19', 18475, 0, 0, NULL, '2025-10-27 21:37:24', '2025-10-28 02:45:19'),
('-OcDMGiVPZQYt5s_il3C', '7CFx1LWWNLZUsyoOeGizUsWaUkz1', '-OaF0Sp0pgZKkfQXuyK8', '-OaYdBkObIkWZmkVYGSg', 'webite migration Coopers', '-OaF_B5nlnRS_ZWFuesL', 'Dr. Billy William', 'Educational Videos Page - https://app.gohighlevel.com/v2/preview/sSOl8uQxKATWMtPFj2ES Privacy Policy Page - https://app.gohighlevel.com/v2/preview/Wi4QIntgVBKkfNA2TMsh Update Footer Canva Bg for the pages - https://www.canva.com/design/DAG1ufedtqY/pPASVRLlU-ne07clF8D5tw/edit Home page button - work  Note: need to continue the buttons in every pages.', '2025-10-22 15:59:34', '2025-10-22 20:24:43', 15909, 0, 1, NULL, '2025-10-22 15:59:34', '2025-10-22 20:24:43'),
('-OcDMY25dp-RXEhLq1PU', 'ZFaIkP4hL3VaGNFYXzlNxrXHZOj1', '-OaF0Sp0pgZKkfQXuyK8', '-OaSAH5HYkbn4_wC8Vt8', 'Deligation of Task', '-OaHdsmqBOMH8PjjyVdp', 'Nexistry Digital Solutions', 'Delegation of Task', '2025-10-22 16:00:36', '2025-10-22 16:06:09', 333, 0, 0, NULL, '2025-10-22 16:00:36', '2025-10-22 16:06:09'),
('-OcDN14WD2mLu5T0PxM9', 'UzY6A27FBYSJbDkjy9suM4aEdZ02', '-OaF0Sp0pgZKkfQXuyK8', '-OaYdHOb8K0Lnh1L68Op', 'email marketing automation', '-OaF_B5nlnRS_ZWFuesL', 'Dr. Billy William', 'Updated the webinar marketing workflow by adjusting SMS dates and email send timings, added an action to remove contacts from the email sequence upon link click, edited email templates, and performed testing with Ate Ange.', '2025-10-22 16:02:51', '2025-10-22 20:10:46', 14875, 0, 1, NULL, '2025-10-22 16:02:51', '2025-10-22 20:10:46'),
('-OcDN8X1hCXCSofsF00E', 'gSb0eR1DWTTW4uzY2V6A1as0Riw2', '-OaF0Sp0pgZKkfQXuyK8', '-OaT0cTic_9BfOLzp2mv', 'General Task', '-OaHdsmqBOMH8PjjyVdp', 'Nexistry Digital Solutions', 'nexistry', '2025-10-22 16:03:22', '2025-10-23 02:10:06', 36403, 0, 0, NULL, '2025-10-22 16:03:22', '2025-10-23 02:10:06'),
('-OcDNn_eUzEMCgSfhHIC', 'IqfD9WycDNYq0K0nL7zoJwQvA323', '-OaF0Sp0pgZKkfQXuyK8', '-OaHm1z2zmHsOTAxS78u', 'Policies', '-OaF__7hf_r5hVgOlOfP', 'Cynthia Scott', 'Home Requoting, verifying if they made a payment before sending text message, added new customer on AM', '2025-10-22 16:06:15', '2025-10-22 20:05:22', 14346, 0, 1, NULL, '2025-10-22 16:06:15', '2025-10-23 01:10:42'),
('-OcDNoi36flM-Po9uHpW', 'ZFaIkP4hL3VaGNFYXzlNxrXHZOj1', '-OaF0Sp0pgZKkfQXuyK8', '-OaIvkJXHJFIemvsBT2o', 'Landing Page', '-OaF_PI3x-J9swtbjdzY', 'Rebecca Davis', 'Blog Posting', '2025-10-22 16:06:11', '2025-10-22 20:38:26', 16335, 0, 0, NULL, '2025-10-22 16:06:11', '2025-10-22 20:38:26'),
('-OcDNxR7JkrC6caHd8Q4', 'dYMNyLpVH6XmDVMJk8QQMvj8NWX2', '-OaF0Sp0pgZKkfQXuyK8', '-OaIjBREBZXCHIRDF2xE', 'Social Media Posting', '-OaHdsmqBOMH8PjjyVdp', 'Nexistry Digital Solutions', 'New Contents for Social Media Posts', '2025-10-22 16:06:56', '2025-10-22 18:06:18', 7161, 0, 0, NULL, '2025-10-22 16:06:56', '2025-10-22 18:06:18'),
('-OcDOgG_ODPti1w89db6', '9gcUwwHP9vRYPW2tUKso2eAscdw1', '-OaF0Sp0pgZKkfQXuyK8', '-OaT0cTic_9BfOLzp2mv', 'General Task', '-OaHdsmqBOMH8PjjyVdp', 'Nexistry Digital Solutions', 'Knowledge Base Creation', '2025-10-22 16:10:07', '2025-10-22 18:52:10', 9722, 0, 1, NULL, '2025-10-22 16:10:07', '2025-10-22 18:52:10'),
('-OcDoH66L9TbPAXLCmRJ', 'dYMNyLpVH6XmDVMJk8QQMvj8NWX2', '-OaF0Sp0pgZKkfQXuyK8', '-Oax9h97qVLyv9YjRjJg', 'Documentation', '-OaF_i7zD_3pxQlBlXcK', 'Damien Tugwell', 'Project Correction: Social Media. Task: Farm Plumeria content for FB and IG (4 contents done)', '2025-10-22 18:06:18', '2025-10-22 19:33:35', 5236, 0, 0, NULL, '2025-10-22 18:06:18', '2025-10-22 19:33:35'),
('-OcDym9NhybWleTSXoFy', '9gcUwwHP9vRYPW2tUKso2eAscdw1', '-OaF0Sp0pgZKkfQXuyK8', '-OaFfnG5N7C2eLz_KYO2', 'Default Project', '-OaFaDjHg8LBQ9IcU8au', 'Roel Carandang', 'Website edit: Page Review, Chat Widget, and Main Website', '2025-10-22 18:52:10', '2025-10-22 20:12:41', 4830, 0, 1, NULL, '2025-10-22 18:52:10', '2025-10-22 20:12:41'),
('-OcE7FlCVg-zm129f2pP', 'dYMNyLpVH6XmDVMJk8QQMvj8NWX2', '-OaF0Sp0pgZKkfQXuyK8', '-OaT0cTic_9BfOLzp2mv', 'General Task', '-OaHdsmqBOMH8PjjyVdp', 'Nexistry Digital Solutions', 'Started - new video intro for Nexistry Digital Solutions', '2025-10-22 19:33:36', '2025-10-22 20:20:15', 2799, 0, 0, NULL, '2025-10-22 19:33:36', '2025-10-22 20:20:15'),
('-OcEdpCG8pg6k89ZMwpJ', 'IqfD9WycDNYq0K0nL7zoJwQvA323', '-OaF0Sp0pgZKkfQXuyK8', '-OaT0cTic_9BfOLzp2mv', 'General Task', '-OaHdsmqBOMH8PjjyVdp', 'Nexistry Digital Solutions', 'Leads, LGS trainees', '2025-10-22 22:00:15', '2025-10-23 02:40:16', 16800, 0, 0, NULL, '2025-10-22 22:00:15', '2025-10-23 02:40:16'),
('-OcEGCcLzEix2C_LFpqW', '9gcUwwHP9vRYPW2tUKso2eAscdw1', '-OaF0Sp0pgZKkfQXuyK8', '-OaT0cTic_9BfOLzp2mv', 'General Task', '-OaHdsmqBOMH8PjjyVdp', 'Nexistry Digital Solutions', 'Knowledge Base Creation', '2025-10-22 20:12:41', '2025-10-22 20:20:42', 480, 0, 1, NULL, '2025-10-22 20:12:41', '2025-10-22 20:20:42'),
('-OcERmiLklO8m7txmB-p', 'ZFaIkP4hL3VaGNFYXzlNxrXHZOj1', '-OaF0Sp0pgZKkfQXuyK8', '-OaIvkJXHJFIemvsBT2o', 'Landing Page', '-OaF_PI3x-J9swtbjdzY', 'Rebecca Davis', 'Create Blog pressure too low and in Folic Aacid Blog only image and some polishing of content needed https://app.bossystems.ai/v2/preview/lB9OcpCKAZnxWauQRE6K?notrack=true \"Folic Acid\" https://app.bossystems.ai/v2/preview/kknTFviqCpMaNkgpfefP \"Blood pressure too low\"', '2025-10-22 21:03:08', '2025-10-23 00:42:05', 13136, 0, 0, NULL, '2025-10-22 21:03:08', '2025-10-23 00:42:05'),
('-OcESxe6WM76-m1xEVBA', '9gcUwwHP9vRYPW2tUKso2eAscdw1', '-OaF0Sp0pgZKkfQXuyK8', '-OaT0cTic_9BfOLzp2mv', 'General Task', '-OaHdsmqBOMH8PjjyVdp', 'Nexistry Digital Solutions', 'Knowledge Base Website Creation', '2025-10-22 21:08:24', '2025-10-23 00:58:59', 13835, 0, 1, NULL, '2025-10-22 21:08:24', '2025-10-23 00:58:59'),
('-OcF3zNqj7yUa54H7ak2', 'dYMNyLpVH6XmDVMJk8QQMvj8NWX2', '-OaF0Sp0pgZKkfQXuyK8', '-OaT0cTic_9BfOLzp2mv', 'General Task', '-OaHdsmqBOMH8PjjyVdp', 'Nexistry Digital Solutions', 'The Ultimate Roadmap Video Ad', '2025-10-22 23:58:55', '2025-10-23 03:52:40', 14024, 0, 0, NULL, '2025-10-22 23:58:55', '2025-10-23 03:52:40'),
('-OcG77nUKjkK37df616B', 'rPYKipBcdXUhEd3qpdjEzjNw70m2', '-OaF0Sp0pgZKkfQXuyK8', '-Ob8Ye2czaiPdf0BGXPT', 'instagram daily task', '-Oab9e6-B6FqEVVh5K49', 'Harri Ducker', 'daily tasks', '2025-10-22 04:52:00', '2025-10-22 06:57:00', 7500, 0, 1, NULL, '2025-10-23 04:52:16', '2025-10-23 04:57:22'),
('-OcG8L14-h9K6P_UXzU1', 'rPYKipBcdXUhEd3qpdjEzjNw70m2', '-OaF0Sp0pgZKkfQXuyK8', '-Ob8Ye2czaiPdf0BGXPT', 'instagram daily task', '-Oab9e6-B6FqEVVh5K49', 'Harri Ducker', 'daily task', '2025-10-23 04:57:32', '2025-10-23 07:04:06', 7593, 0, 1, NULL, '2025-10-23 04:57:32', '2025-10-23 07:04:06'),
('-OchDrugVVJ1Cr9GxCxW', 'NftSf9kvaEMwvrlEyWKo1QCDshU2', '-OaF0Sp0pgZKkfQXuyK8', '-OaT0cTic_9BfOLzp2mv', 'General Task', '-OaHdsmqBOMH8PjjyVdp', 'Nexistry Digital Solutions', 'continuation with zak', '2025-10-28 15:51:05', '2025-10-28 20:16:37', 15932, 0, 0, NULL, '2025-10-28 15:51:05', '2025-10-28 20:16:37'),
('-OchFvAfJD_WRRhCZWQm', '9gcUwwHP9vRYPW2tUKso2eAscdw1', '-OaF0Sp0pgZKkfQXuyK8', '-OaT0cTic_9BfOLzp2mv', 'General Task', '-OaHdsmqBOMH8PjjyVdp', 'Nexistry Digital Solutions', 'Knowledge Base Creation', '2025-10-28 16:00:02', '2025-10-28 16:07:11', 428, 0, 1, NULL, '2025-10-28 16:00:02', '2025-10-28 19:31:42'),
('-OchG236uHXGGU-w12XY', 'ZFaIkP4hL3VaGNFYXzlNxrXHZOj1', '-OaF0Sp0pgZKkfQXuyK8', '-OaSAH5HYkbn4_wC8Vt8', 'Deligation of Task', '-OaHdsmqBOMH8PjjyVdp', 'Nexistry Digital Solutions', 'Delegation of Task', '2025-10-28 16:00:26', '2025-10-28 16:04:58', 271, 0, 0, NULL, '2025-10-28 16:00:26', '2025-10-28 16:04:58'),
('-OchG52FLqezNefqFy7C', 'dYMNyLpVH6XmDVMJk8QQMvj8NWX2', '-OaF0Sp0pgZKkfQXuyK8', '-OaT0cTic_9BfOLzp2mv', 'General Task', '-OaHdsmqBOMH8PjjyVdp', 'Nexistry Digital Solutions', 'New video Introduction for Nexistry Digital Solutions (continued) - started second part of the video', '2025-10-28 16:00:47', '2025-10-28 22:23:10', 22942, 0, 0, NULL, '2025-10-28 16:00:47', '2025-10-28 22:23:10'),
('-OchG6neQtzNXXRVjiL5', 'UzY6A27FBYSJbDkjy9suM4aEdZ02', '-OaF0Sp0pgZKkfQXuyK8', '-OaT0cTic_9BfOLzp2mv', 'General Task', '-OaHdsmqBOMH8PjjyVdp', 'Nexistry Digital Solutions', 'QA functional and UI testing for NexiFlow platform', '2025-10-28 16:00:53', '2025-10-28 20:05:00', 14646, 0, 0, NULL, '2025-10-28 16:00:53', '2025-10-28 20:05:00'),
('-OchG92rAI50aWhBgWp3', 'gSb0eR1DWTTW4uzY2V6A1as0Riw2', '-OaF0Sp0pgZKkfQXuyK8', '-OaT0cTic_9BfOLzp2mv', 'General Task', '-OaHdsmqBOMH8PjjyVdp', 'Nexistry Digital Solutions', 'nexistry', '2025-10-28 16:01:03', '2025-10-29 00:03:04', 28921, 0, 0, NULL, '2025-10-28 16:01:03', '2025-10-29 00:03:04'),
('-OchGQhmR-A8nx3piHhm', '7CFx1LWWNLZUsyoOeGizUsWaUkz1', '-OaF0Sp0pgZKkfQXuyK8', '-Oax9h97qVLyv9YjRjJg', 'Documentation', '-OaF_i7zD_3pxQlBlXcK', 'Damien Tugwell', 'Social posts - https://www.canva.com/design/DAG3INpNdls/W0Py6CVRlrPXiGOVeehUVw/edit?utm_content=DAG3INpNdls&utm_campaign=designshare&utm_medium=link2&utm_source=sharebutton', '2025-10-28 16:02:15', '2025-10-28 20:03:14', 14458, 0, 1, NULL, '2025-10-28 16:02:15', '2025-10-28 20:03:14'),
('-OchH4Zjrs7goHKQxTg6', 'ZFaIkP4hL3VaGNFYXzlNxrXHZOj1', '-OaF0Sp0pgZKkfQXuyK8', '-OaIvcxkKmxNcutRyzCt', 'Reels', '-OaF_PI3x-J9swtbjdzY', 'Rebecca Davis', 'create reels for November not based on events', '2025-10-28 16:04:58', '2025-10-29 00:14:08', 29349, 0, 0, NULL, '2025-10-28 16:04:58', '2025-10-29 00:14:08'),
('-OchHYvbzs5DxXL1dUMF', '9gcUwwHP9vRYPW2tUKso2eAscdw1', '-OaF0Sp0pgZKkfQXuyK8', '-OaFfnG5N7C2eLz_KYO2', 'Default Project', '-OaFaDjHg8LBQ9IcU8au', 'Roel Carandang', 'Change Phone Number', '2025-10-28 16:07:12', '2025-10-28 16:19:06', 714, 0, 1, NULL, '2025-10-28 16:07:12', '2025-10-28 19:31:42'),
('-OchKHbbLv7Nt1RsedZN', '9gcUwwHP9vRYPW2tUKso2eAscdw1', '-OaF0Sp0pgZKkfQXuyK8', '-OaXrOkWMqGQE9d-3fMl', 'Lead Generation', '-OaF_i7zD_3pxQlBlXcK', 'Damien Tugwell', 'Facebook Post Draft', '2025-10-28 16:19:07', '2025-10-28 20:02:53', 13426, 0, 1, NULL, '2025-10-28 16:19:07', '2025-10-28 20:02:53'),
('-OchL_a4cbeRLvITRRxE', 'IqfD9WycDNYq0K0nL7zoJwQvA323', '-OaF0Sp0pgZKkfQXuyK8', '-OaOD6ZsGBB1RKHX5Mo2', 'Conversational AI', '-OaF__7hf_r5hVgOlOfP', 'Cynthia Scott', 'Home Requote, Checking scheduled task before sending text message', '2025-10-28 16:24:46', '2025-10-28 19:37:05', 11538, 0, 1, NULL, '2025-10-28 16:24:46', '2025-10-28 19:37:05'),
('-OciAdroAYbnsgKyhzhE', 'NftSf9kvaEMwvrlEyWKo1QCDshU2', '-OaF0Sp0pgZKkfQXuyK8', '-OaT0cTic_9BfOLzp2mv', 'General Task', '-OaHdsmqBOMH8PjjyVdp', 'Nexistry Digital Solutions', 'fixing new ui bugs', '2025-10-28 20:16:38', '2025-10-28 22:47:08', 9030, 0, 0, NULL, '2025-10-28 20:16:38', '2025-10-28 22:47:08'),
('-OcIgVxEByHIcRPrxCNT', 'NftSf9kvaEMwvrlEyWKo1QCDshU2', '-OaF0Sp0pgZKkfQXuyK8', '-OaT0cTic_9BfOLzp2mv', 'General Task', '-OaHdsmqBOMH8PjjyVdp', 'Nexistry Digital Solutions', 'further research and make.com documentation auto follow up not possible', '2025-10-23 16:50:27', '2025-10-23 20:32:44', 13336, 0, 0, NULL, '2025-10-23 16:50:27', '2025-10-23 20:32:44'),
('-Ocii5jmLl5d1ZHObnZ6', 'NftSf9kvaEMwvrlEyWKo1QCDshU2', '-OaF0Sp0pgZKkfQXuyK8', '-Oc9TPmCg_IvnLBEBqKZ', 'Website', '-OaF_i7zD_3pxQlBlXcK', 'Damien Tugwell', 'email template and website spiritual center', '2025-10-28 22:47:09', '2025-10-29 00:59:28', 7939, 0, 0, NULL, '2025-10-28 22:47:09', '2025-10-29 00:59:28'),
('-OciKLqPoxrmORUOM1jf', '9gcUwwHP9vRYPW2tUKso2eAscdw1', '-OaF0Sp0pgZKkfQXuyK8', '-OaT0cTic_9BfOLzp2mv', 'General Task', '-OaHdsmqBOMH8PjjyVdp', 'Nexistry Digital Solutions', 'Knowledge Base Creation', '2025-10-28 20:59:01', '2025-10-29 00:59:04', 14402, 0, 1, NULL, '2025-10-28 20:59:01', '2025-10-29 20:01:45'),
('-OciMEeEridLnQ8F5yw0', 'QbclXdG1I1craJqYsGcVQSY7i9L2', '-OaF0Sp0pgZKkfQXuyK8', '-OaT0cTic_9BfOLzp2mv', 'General Task', '-OaHdsmqBOMH8PjjyVdp', 'Nexistry Digital Solutions', 'fds', '2025-10-28 21:07:16', '2025-10-28 22:01:28', 3251, 0, 0, NULL, '2025-10-28 21:07:16', '2025-10-28 22:01:28'),
('-OcImr1CSHt4Nq7rbHOM', 'gSb0eR1DWTTW4uzY2V6A1as0Riw2', '-OaF0Sp0pgZKkfQXuyK8', '-OaJPTg5SWbnjB5KajzB', 'Voice AI', '-OaFaDjHg8LBQ9IcU8au', 'Roel Carandang', 'update notifications', '2025-10-23 17:18:10', '2025-10-23 17:37:57', 1187, 0, 1, NULL, '2025-10-23 17:18:10', '2025-10-23 17:37:57'),
('-OcInAdtpV8kFYvjEWFI', 'dYMNyLpVH6XmDVMJk8QQMvj8NWX2', '-OaF0Sp0pgZKkfQXuyK8', '-OaT0cTic_9BfOLzp2mv', 'General Task', '-OaHdsmqBOMH8PjjyVdp', 'Nexistry Digital Solutions', 'The Ultimate Roadmap Video Ad Done', '2025-10-23 17:19:35', '2025-10-23 20:59:25', 13189, 0, 0, NULL, '2025-10-23 17:19:35', '2025-10-23 20:59:25'),
('-OciQ3u4KogyvtKBhWCl', 'IqfD9WycDNYq0K0nL7zoJwQvA323', '-OaF0Sp0pgZKkfQXuyK8', '-OaT0cTic_9BfOLzp2mv', 'General Task', '-OaHdsmqBOMH8PjjyVdp', 'Nexistry Digital Solutions', 'Checked LGS work, Organized Rebecca\'s  Tasks and what to pass next, Creating Video Reels for Nexistry', '2025-10-28 21:24:01', '2025-10-29 02:37:08', 18787, 0, 0, NULL, '2025-10-28 21:24:01', '2025-10-29 02:37:08'),
('-OcIrO0rJFqNkfMRd5GT', 'gSb0eR1DWTTW4uzY2V6A1as0Riw2', '-OaF0Sp0pgZKkfQXuyK8', '-OaT0cTic_9BfOLzp2mv', 'General Task', '-OaHdsmqBOMH8PjjyVdp', 'Nexistry Digital Solutions', 'nexistry', '2025-10-23 17:37:58', '2025-10-23 21:21:02', 13383, 0, 0, NULL, '2025-10-23 17:37:58', '2025-10-23 21:21:02'),
('-OciuVeuo5hH1M3g_lsb', 'dYMNyLpVH6XmDVMJk8QQMvj8NWX2', '-OaF0Sp0pgZKkfQXuyK8', '-Oc9TPmCg_IvnLBEBqKZ', 'Website', '-OaF_i7zD_3pxQlBlXcK', 'Damien Tugwell', 'TEH JING PADELETE NALANG PO NG ENTRY NA ITO PO, TY PO', '2025-10-28 23:41:21', '2025-10-28 23:46:21', 300, 0, 0, NULL, '2025-10-28 23:41:21', '2025-10-28 23:46:21'),
('-OcIVqcIA6Rsp1oRgQzu', '9gcUwwHP9vRYPW2tUKso2eAscdw1', '-OaF0Sp0pgZKkfQXuyK8', '-OaT0cTic_9BfOLzp2mv', 'General Task', '-OaHdsmqBOMH8PjjyVdp', 'Nexistry Digital Solutions', 'Knowledge Base Creation', '2025-10-23 15:59:30', '2025-10-23 19:59:51', 14420, 0, 1, NULL, '2025-10-23 15:59:30', '2025-10-23 19:59:51'),
('-OcIVw8e9tL2IovrDoaA', '7CFx1LWWNLZUsyoOeGizUsWaUkz1', '-OaF0Sp0pgZKkfQXuyK8', '-OaYdHOb8K0Lnh1L68Op', 'email marketing automation', '-OaF_B5nlnRS_ZWFuesL', 'Dr. Billy William', 'Mobile and desktop Buttons - worked Create V2 of automations - livechat, form, conversation ai, knowledge base Update calendar link to email marketing template', '2025-10-23 15:59:53', '2025-10-23 20:09:31', 14977, 0, 1, NULL, '2025-10-23 15:59:53', '2025-10-23 20:09:31'),
('-OcIW7DHBUE24GdXX87j', 'ZFaIkP4hL3VaGNFYXzlNxrXHZOj1', '-OaF0Sp0pgZKkfQXuyK8', '-OaSAH5HYkbn4_wC8Vt8', 'Deligation of Task', '-OaHdsmqBOMH8PjjyVdp', 'Nexistry Digital Solutions', 'Delegation of task', '2025-10-23 16:00:34', '2025-10-23 16:09:25', 531, 0, 0, NULL, '2025-10-23 16:00:34', '2025-10-23 16:09:25'),
('-OcIWr0jrZ0OwKAR9hse', 'UzY6A27FBYSJbDkjy9suM4aEdZ02', '-OaF0Sp0pgZKkfQXuyK8', '-OaT0cTic_9BfOLzp2mv', 'General Task', '-OaHdsmqBOMH8PjjyVdp', 'Nexistry Digital Solutions', 'Checking the bugs of nexiflow', '2025-10-23 16:03:53', '2025-10-23 20:09:38', 14744, 0, 0, NULL, '2025-10-23 16:03:53', '2025-10-23 20:09:38'),
('-OcIXqdowHwa_TXruZ6p', 'gSb0eR1DWTTW4uzY2V6A1as0Riw2', '-OaF0Sp0pgZKkfQXuyK8', '-OaT0cTic_9BfOLzp2mv', 'General Task', '-OaHdsmqBOMH8PjjyVdp', 'Nexistry Digital Solutions', 'nexistry', '2025-10-23 16:08:15', '2025-10-23 17:18:10', 4195, 0, 0, NULL, '2025-10-23 16:08:15', '2025-10-23 17:18:10'),
('-OcIY7xEPVZavNZG1TB4', 'IqfD9WycDNYq0K0nL7zoJwQvA323', '-OaF0Sp0pgZKkfQXuyK8', '-OaHm1z2zmHsOTAxS78u', 'Policies', '-OaF__7hf_r5hVgOlOfP', 'Cynthia Scott', 'Home Requoting, Adding Policy in AM, Called GHL for the A2P registration because it has failed multiple times so I have asked for support', '2025-10-23 16:09:30', '2025-10-23 19:15:23', 11152, 0, 0, NULL, '2025-10-23 16:09:30', '2025-10-23 19:15:23'),
('-OcIY9FYAJkrj8yh436P', 'ZFaIkP4hL3VaGNFYXzlNxrXHZOj1', '-OaF0Sp0pgZKkfQXuyK8', '-OaIvkJXHJFIemvsBT2o', 'Landing Page', '-OaF_PI3x-J9swtbjdzY', 'Rebecca Davis', 'create blog posting', '2025-10-23 16:09:26', '2025-10-23 18:36:45', 8838, 0, 0, NULL, '2025-10-23 16:09:26', '2025-10-23 18:36:45'),
('-OcJ3sIsLH17Yy0H74Ci', 'ZFaIkP4hL3VaGNFYXzlNxrXHZOj1', '-OaF0Sp0pgZKkfQXuyK8', '-OaIvkJXHJFIemvsBT2o', 'Landing Page', '-OaF_PI3x-J9swtbjdzY', 'Rebecca Davis', 'Creation of Blog', '2025-10-23 18:36:46', '2025-10-23 20:42:23', 7537, 0, 0, NULL, '2025-10-23 18:36:46', '2025-10-23 20:42:23'),
('-OcjBO8WKgM_H_erPvFo', 'NftSf9kvaEMwvrlEyWKo1QCDshU2', '-OaF0Sp0pgZKkfQXuyK8', '-OaT0cTic_9BfOLzp2mv', 'General Task', '-OaHdsmqBOMH8PjjyVdp', 'Nexistry Digital Solutions', 'meeting with zak, access to wati, wati configuration, rest of scope', '2025-10-28 16:59:00', '2025-10-28 15:38:00', 23980, 0, 0, NULL, '2025-10-29 00:59:29', '2025-10-30 06:51:01'),
('-OcJDZE2aYSH58wAotGR', 'IqfD9WycDNYq0K0nL7zoJwQvA323', '-OaF0Sp0pgZKkfQXuyK8', '-OaT0cTic_9BfOLzp2mv', 'General Task', '-OaHdsmqBOMH8PjjyVdp', 'Nexistry Digital Solutions', 'Leads Finding, Organizing documents to zak, Guiding for Cynthia\'s form', '2025-10-23 19:19:15', '2025-10-23 20:40:26', 4871, 0, 0, NULL, '2025-10-23 19:19:15', '2025-10-23 20:40:26'),
('-OcJeRid9mNIKE2T10Zl', 'gSb0eR1DWTTW4uzY2V6A1as0Riw2', '-OaF0Sp0pgZKkfQXuyK8', '-OcJm2MRwc8noJv44wNO', 'A2P Registration', '-OaF_B5nlnRS_ZWFuesL', 'Dr. Billy William', 'call support for the a2p registration', '2025-10-23 21:21:03', '2025-10-23 21:54:54', 2031, 0, 1, NULL, '2025-10-23 21:21:03', '2025-10-23 21:54:54'),
('-OcJeunKBANPSKVLs-pU', 'dYMNyLpVH6XmDVMJk8QQMvj8NWX2', '-OaF0Sp0pgZKkfQXuyK8', '-OaT0cTic_9BfOLzp2mv', 'General Task', '-OaHdsmqBOMH8PjjyVdp', 'Nexistry Digital Solutions', 'The Ultimate Roadmap Video Ad - Create Thumbnail', '2025-10-23 21:23:06', '2025-10-23 22:26:14', 3787, 0, 0, NULL, '2025-10-23 21:23:06', '2025-10-23 22:26:14'),
('-OcJmByBBSyvv51bIRxB', 'gSb0eR1DWTTW4uzY2V6A1as0Riw2', '-OaF0Sp0pgZKkfQXuyK8', '-OaT0cTic_9BfOLzp2mv', 'General Task', '-OaHdsmqBOMH8PjjyVdp', 'Nexistry Digital Solutions', 'nexistry', '2025-10-23 21:54:55', '2025-10-24 00:22:19', 8843, 0, 0, NULL, '2025-10-23 21:54:55', '2025-10-24 00:22:19'),
('-OcJn85_JmtxhV_H5QzX', 'IqfD9WycDNYq0K0nL7zoJwQvA323', '-OaF0Sp0pgZKkfQXuyK8', '-OaT0cTic_9BfOLzp2mv', 'General Task', '-OaHdsmqBOMH8PjjyVdp', 'Nexistry Digital Solutions', 'Leads, checking done tasks', '2025-10-23 21:59:03', '2025-10-24 01:11:51', 11568, 0, 0, NULL, '2025-10-23 21:59:03', '2025-10-24 01:11:51'),
('-OcJtMesmcRwtx7POhxx', 'dYMNyLpVH6XmDVMJk8QQMvj8NWX2', '-OaF0Sp0pgZKkfQXuyK8', '-Oax9h97qVLyv9YjRjJg', 'Documentation', '-OaF_i7zD_3pxQlBlXcK', 'Damien Tugwell', 'Transitioning from suggested banner improvements to the actual design or redesign of the banner.', '2025-10-23 22:26:14', '2025-10-24 01:34:57', 11322, 0, 0, NULL, '2025-10-23 22:26:14', '2025-10-24 01:34:57'),
('-OcJUO8YE0zGBSwuyONq', 'NftSf9kvaEMwvrlEyWKo1QCDshU2', '-OaF0Sp0pgZKkfQXuyK8', '-OaT0cTic_9BfOLzp2mv', 'General Task', '-OaHdsmqBOMH8PjjyVdp', 'Nexistry Digital Solutions', 'fixing bugs', '2025-10-23 20:32:45', '2025-10-24 01:19:05', 17180, 0, 0, NULL, '2025-10-23 20:32:45', '2025-10-24 01:19:05'),
('-Ocjuvc_sKBTwT0sddyu', 'dYMNyLpVH6XmDVMJk8QQMvj8NWX2', '-OaF0Sp0pgZKkfQXuyK8', '-Oc9TPmCg_IvnLBEBqKZ', 'Website', '-OaF_i7zD_3pxQlBlXcK', 'Damien Tugwell', 'Migration of website: Townsville Spiritual Centre page 1 (home )continue from prince edit - add new page (our intention)', '2025-10-29 04:22:49', '2025-10-29 06:31:23', 7714, 0, 0, NULL, '2025-10-29 04:22:49', '2025-10-29 06:31:23'),
('-OcJWctXB-PcHRwbmNcQ', 'ZFaIkP4hL3VaGNFYXzlNxrXHZOj1', '-OaF0Sp0pgZKkfQXuyK8', '-OaOD6ZsGBB1RKHX5Mo2', 'Conversational AI', '-OaF__7hf_r5hVgOlOfP', 'Cynthia Scott', 'Working on Automation for SMS', '2025-10-23 20:42:24', '2025-10-23 22:51:03', 7718, 0, 0, NULL, '2025-10-23 20:42:24', '2025-10-23 22:51:03'),
('-OcJz4lS5Mz-a3wFaWRw', 'ZFaIkP4hL3VaGNFYXzlNxrXHZOj1', '-OaF0Sp0pgZKkfQXuyK8', '-OaIvkJXHJFIemvsBT2o', 'Landing Page', '-OaF_PI3x-J9swtbjdzY', 'Rebecca Davis', 'Create Statin Blog', '2025-10-23 22:51:05', '2025-10-24 00:11:41', 4835, 0, 0, NULL, '2025-10-23 22:51:05', '2025-10-24 00:11:41'),
('-OcJ_aqnJmnaGuKnlInI', '9gcUwwHP9vRYPW2tUKso2eAscdw1', '-OaF0Sp0pgZKkfQXuyK8', '-OaT0cTic_9BfOLzp2mv', 'General Task', '-OaHdsmqBOMH8PjjyVdp', 'Nexistry Digital Solutions', 'Knowledge Base Creation', '2025-10-23 20:59:53', '2025-10-24 01:07:18', 14844, 0, 1, NULL, '2025-10-23 20:59:53', '2025-10-24 01:07:18'),
('-OcJ_V4lRCT6sPI3e7Yt', 'dYMNyLpVH6XmDVMJk8QQMvj8NWX2', '-OaF0Sp0pgZKkfQXuyK8', '-Oax9h97qVLyv9YjRjJg', 'Documentation', '-OaF_i7zD_3pxQlBlXcK', 'Damien Tugwell', 'Composed some suggestions for possible actions to improve the appearance of the banner that is being checked.', '2025-10-23 20:59:26', '2025-10-23 21:23:06', 1419, 0, 0, NULL, '2025-10-23 20:59:26', '2025-10-23 21:23:06'),
('-OcKIwFtMtP9-RdaBEmU', 'gSb0eR1DWTTW4uzY2V6A1as0Riw2', '-OaF0Sp0pgZKkfQXuyK8', '-OcKNaRmvnYEjf_oVEij', 'Voice AI', '-OaF_B5nlnRS_ZWFuesL', 'Dr. Billy William', 'sample video', '2025-10-24 00:22:20', '2025-10-24 00:42:57', 1237, 0, 1, NULL, '2025-10-24 00:22:20', '2025-10-24 00:42:57'),
('-OcKVw-2ihrNqF2aPDEZ', 'NftSf9kvaEMwvrlEyWKo1QCDshU2', '-OaF0Sp0pgZKkfQXuyK8', '-OaT0cTic_9BfOLzp2mv', 'General Task', '-OaHdsmqBOMH8PjjyVdp', 'Nexistry Digital Solutions', 'fixing bugs. needs continuation', '2025-10-23 09:19:00', '2025-10-23 07:05:00', 20798, 0, 0, NULL, '2025-10-24 01:19:07', '2025-10-24 07:07:02'),
('-OcmcJyFyq-z5P5kGspr', 'X0CuCWqtz2RQHGZ2Ithp3cwdjon2', '-OcIvOSsBcP5krq0HXvK', NULL, NULL, NULL, NULL, NULL, '2025-10-29 17:00:24', '2025-12-12 03:45:12', 0, 1, 0, NULL, '2025-10-29 17:00:24', '2025-10-29 17:00:24'),
('-OcmPgY2LD3XiFtNT-m5', 'dYMNyLpVH6XmDVMJk8QQMvj8NWX2', '-OaF0Sp0pgZKkfQXuyK8', '-Oc9TPmCg_IvnLBEBqKZ', 'Website', '-OaF_i7zD_3pxQlBlXcK', 'Damien Tugwell', 'Continued working on the visuals for the \"Home\" and \"Our Intention\" page sections, and created 3 new pages: - Services page - Visit our Zen room page - What\'s On? page - https://dash.elevatehub.app/v2/preview/xGr2DLsjgJv28TXPPhaK', '2025-10-29 16:00:51', '2025-10-30 00:07:22', 29191, 0, 0, NULL, '2025-10-29 16:00:51', '2025-10-30 00:07:22'),
('-OcmPhnQBtwNgOlCtVfd', '9gcUwwHP9vRYPW2tUKso2eAscdw1', '-OaF0Sp0pgZKkfQXuyK8', '-OaT0cTic_9BfOLzp2mv', 'General Task', '-OaHdsmqBOMH8PjjyVdp', 'Nexistry Digital Solutions', 'Knowledge Base Creation: Coding for Navigation (undone)', '2025-10-29 16:00:54', '2025-10-29 20:01:48', 14453, 0, 1, NULL, '2025-10-29 16:00:54', '2025-10-29 20:01:48'),
('-OcmPHspY-4t4QMC64vG', 'NftSf9kvaEMwvrlEyWKo1QCDshU2', '-OaF0Sp0pgZKkfQXuyK8', '-OaT0cTic_9BfOLzp2mv', 'General Task', '-OaHdsmqBOMH8PjjyVdp', 'Nexistry Digital Solutions', 'new bugs fixing', '2025-10-29 15:59:03', '2025-10-29 20:00:38', 14494, 0, 0, NULL, '2025-10-29 15:59:03', '2025-10-30 06:51:02'),
('-OcmPUfF6uZEdWRAjlCE', 'UzY6A27FBYSJbDkjy9suM4aEdZ02', '-OaF0Sp0pgZKkfQXuyK8', '-OaT0cTic_9BfOLzp2mv', 'General Task', '-OaHdsmqBOMH8PjjyVdp', 'Nexistry Digital Solutions', 'QA functional and UI testing for NexiFlow platform', '2025-10-29 15:59:58', '2025-10-29 20:01:46', 14508, 0, 0, NULL, '2025-10-29 15:59:58', '2025-10-29 20:01:46'),
('-OcmQFMmWFNBLvL3wdRi', 'IqfD9WycDNYq0K0nL7zoJwQvA323', '-OaF0Sp0pgZKkfQXuyK8', '-OaHm1z2zmHsOTAxS78u', 'Policies', '-OaF__7hf_r5hVgOlOfP', 'Cynthia Scott', 'Prioritize saving documents, home and auto requote', '2025-10-29 16:03:18', '2025-10-29 20:04:28', 14470, 0, 1, NULL, '2025-10-29 16:03:18', '2025-10-29 20:04:28'),
('-Ocm_TBDkAdIOIVKZ3Hb', 'gSb0eR1DWTTW4uzY2V6A1as0Riw2', '-OaF0Sp0pgZKkfQXuyK8', '-OaT0cTic_9BfOLzp2mv', 'General Task', '-OaHdsmqBOMH8PjjyVdp', 'Nexistry Digital Solutions', 'nexistry', '2025-10-29 16:47:54', '2025-10-30 00:50:07', 28932, 0, 0, NULL, '2025-10-29 16:47:54', '2025-10-30 00:50:07'),
('-OcnG_wMlztUy9QRDHfr', 'NftSf9kvaEMwvrlEyWKo1QCDshU2', '-OaF0Sp0pgZKkfQXuyK8', '-OaT0cTic_9BfOLzp2mv', 'General Task', '-OaHdsmqBOMH8PjjyVdp', 'Nexistry Digital Solutions', 'bug fixing continutation and system profile images', '2025-10-29 20:00:39', '2025-10-30 00:49:28', 17328, 0, 0, NULL, '2025-10-29 20:00:39', '2025-10-30 06:51:02'),
('-OcnU6ng0yJODNtgxyNA', '9gcUwwHP9vRYPW2tUKso2eAscdw1', '-OaF0Sp0pgZKkfQXuyK8', '-OaT0cTic_9BfOLzp2mv', 'General Task', '-OaHdsmqBOMH8PjjyVdp', 'Nexistry Digital Solutions', 'Knowledge Bae Creation; Coding for Navigation & Created Page For Text and Email Snippets Overview, Trigger links, Contact Engagement Score.html, Smart List', '2025-10-29 20:59:46', '2025-10-30 00:59:50', 14403, 0, 1, NULL, '2025-10-29 20:59:46', '2025-10-30 20:01:03'),
('-OcoIgnRPw74-2CcUG9s', 'NftSf9kvaEMwvrlEyWKo1QCDshU2', '-OaF0Sp0pgZKkfQXuyK8', '-OaT0cTic_9BfOLzp2mv', 'General Task', '-OaHdsmqBOMH8PjjyVdp', 'Nexistry Digital Solutions', 'forgot password feature + other bug fixes', '2025-10-30 00:49:29', '2025-10-30 06:50:43', 21673, 0, 0, NULL, '2025-10-30 00:49:29', '2025-10-30 06:51:04'),
('-OcpAWzChiwHRS-TAF4X', 'rPYKipBcdXUhEd3qpdjEzjNw70m2', '-OaF0Sp0pgZKkfQXuyK8', '-Ob8Ye2czaiPdf0BGXPT', 'instagram daily task', '-Oab9e6-B6FqEVVh5K49', 'Harri Ducker', 'Daily task', '2025-10-29 04:53:00', '2025-10-29 06:59:00', 7560, 0, 1, NULL, '2025-10-30 04:53:26', '2025-10-30 04:55:09'),
('-OcpB0gqhtsXsOWA5QmA', 'rPYKipBcdXUhEd3qpdjEzjNw70m2', '-OaF0Sp0pgZKkfQXuyK8', '-Ob8Ye2czaiPdf0BGXPT', 'instagram daily task', '-Oab9e6-B6FqEVVh5K49', 'Harri Ducker', 'daily task', '2025-10-24 03:55:00', '2025-10-24 05:56:00', 7260, 0, 1, NULL, '2025-10-30 04:55:36', '2025-10-30 04:57:58'),
('-OcpBiT6x_p8m9kEVBbV', 'rPYKipBcdXUhEd3qpdjEzjNw70m2', '-OaF0Sp0pgZKkfQXuyK8', '-Ob8Ye2czaiPdf0BGXPT', 'instagram daily task', '-Oab9e6-B6FqEVVh5K49', 'Harri Ducker', 'daily task', '2025-10-30 04:04:00', '2025-10-30 06:07:00', 7380, 0, 1, NULL, '2025-10-30 04:58:39', '2025-10-30 05:36:55'),
('-OcQjZP2zOlr2R6IYpxZ', 'dYMNyLpVH6XmDVMJk8QQMvj8NWX2', '-OaF0Sp0pgZKkfQXuyK8', '-OaT0cTic_9BfOLzp2mv', 'General Task', '-OaHdsmqBOMH8PjjyVdp', 'Nexistry Digital Solutions', 'Ultimate Lead Nurture Roadmap revised testimonial part on the video', '2025-10-25 06:20:46', '2025-10-25 07:35:51', 4505, 0, 0, NULL, '2025-10-25 06:20:46', '2025-10-25 07:35:51'),
('-OcraFtu8aWN_ZWoE0Rw', 'IqfD9WycDNYq0K0nL7zoJwQvA323', '-OaF0Sp0pgZKkfQXuyK8', '-OaHm1z2zmHsOTAxS78u', 'Policies', '-OaF__7hf_r5hVgOlOfP', 'Cynthia Scott', 'Home requote, Auto requote, checked the scheduled tasks and sending out text message', '2025-10-30 16:09:29', '2025-10-30 20:05:34', 14165, 0, 1, NULL, '2025-10-30 16:09:29', '2025-10-30 20:05:34'),
('-OcrfxhjH4PzEMaF24_l', '9gcUwwHP9vRYPW2tUKso2eAscdw1', '-OaF0Sp0pgZKkfQXuyK8', '-OaT0cTic_9BfOLzp2mv', 'General Task', '-OaHdsmqBOMH8PjjyVdp', 'Nexistry Digital Solutions', 'Knowledge Base Creation: Craeted a Page Under Calendar - Appointments Section within Calendars Tab - How to View Appointments in Calendar - How to Accept Payments in Appointments - Integrating Google Calendar - Zoom Integration - Hww to Edit/Update The Calendar Availability Slot Settings', '2025-10-30 16:34:21', '2025-10-30 20:35:50', 14488, 0, 1, NULL, '2025-10-30 16:34:21', '2025-10-30 20:35:50'),
('-OcrksdzqBr34_rfn9J2', 'NftSf9kvaEMwvrlEyWKo1QCDshU2', '-OaF0Sp0pgZKkfQXuyK8', '-OaT0cTic_9BfOLzp2mv', 'General Task', '-OaHdsmqBOMH8PjjyVdp', 'Nexistry Digital Solutions', 'working on pdf exporting', '2025-10-30 16:55:51', '2025-10-30 20:55:57', 14405, 0, 0, NULL, '2025-10-30 16:55:51', '2025-10-30 20:55:57'),
('-OcrYyFQYPFDsTjMUbKG', '7CFx1LWWNLZUsyoOeGizUsWaUkz1', '-OaF0Sp0pgZKkfQXuyK8', '-OaIjBREBZXCHIRDF2xE', 'Social Media Posting', '-OaHdsmqBOMH8PjjyVdp', 'Nexistry Digital Solutions', 'Nexistry Core - https://www.canva.com/design/DAG3UOsMkEw/kfhu_x-e3LwDbuRiHXz44Q/edit?utm_content=DAG3UOsMkEw&utm_campaign=designshare&utm_medium=link2&utm_source=sharebutton', '2025-10-30 15:59:28', '2025-10-30 20:09:18', 14990, 0, 1, NULL, '2025-10-30 15:59:28', '2025-10-30 20:09:18'),
('-OcrZBQdeliNVHol98QV', 'UzY6A27FBYSJbDkjy9suM4aEdZ02', '-OaF0Sp0pgZKkfQXuyK8', '-OaT0cTic_9BfOLzp2mv', 'General Task', '-OaHdsmqBOMH8PjjyVdp', 'Nexistry Digital Solutions', 'QA functional and UI testing for NexiFlow platform', '2025-10-30 16:00:27', '2025-10-30 20:04:41', 14654, 0, 0, NULL, '2025-10-30 16:00:27', '2025-10-30 20:04:41'),
('-Ocr_dGUdMXUI6jIueyl', 'gSb0eR1DWTTW4uzY2V6A1as0Riw2', '-OaF0Sp0pgZKkfQXuyK8', '-OaT0cTic_9BfOLzp2mv', 'General Task', '-OaHdsmqBOMH8PjjyVdp', 'Nexistry Digital Solutions', 'nexistry', '2025-10-30 16:06:46', '2025-10-30 22:30:18', 23012, 0, 0, NULL, '2025-10-30 16:06:46', '2025-10-30 22:30:18'),
('-Ocr_flcRSvSJFJVSlxs', 'dYMNyLpVH6XmDVMJk8QQMvj8NWX2', '-OaF0Sp0pgZKkfQXuyK8', '-Oc9TPmCg_IvnLBEBqKZ', 'Website', '-OaF_i7zD_3pxQlBlXcK', 'Damien Tugwell', 'Migration Update Summary - A progress list was created for the ongoing migration of the Townsville Spiritual Centre website. - Continued with the migration work, where several pages were adjusted in terms of font style and sizing. - A new page, the SHOP ONLINE page, was also included. The necessary components for the website\'s e-commerce feature were worked on, including the product list, product details, cart, checkout, and thank you page.', '2025-10-30 16:06:58', '2025-10-30 20:17:19', 15021, 0, 0, NULL, '2025-10-30 16:06:58', '2025-10-30 20:17:19'),
('-Ocsbpi5azpiwGL1MM-A', 'NftSf9kvaEMwvrlEyWKo1QCDshU2', '-OaF0Sp0pgZKkfQXuyK8', '-Oc9TPmCg_IvnLBEBqKZ', 'Website', '-OaF_i7zD_3pxQlBlXcK', 'Damien Tugwell', 'automation and email template', '2025-10-30 20:55:57', '2025-10-31 01:03:46', 14868, 0, 0, NULL, '2025-10-30 20:55:57', '2025-10-31 01:03:46'),
('-OcscP1tN8MqSJASCNRM', '9gcUwwHP9vRYPW2tUKso2eAscdw1', '-OaF0Sp0pgZKkfQXuyK8', '-OaT0cTic_9BfOLzp2mv', 'General Task', '-OaHdsmqBOMH8PjjyVdp', 'Nexistry Digital Solutions', 'Knowledge Base Creation: Created Pages under Conversation - How to Accept Payments in Appointments - Integrating Google Calendar - Zoom Integration - How To Edit/Update The Calendar Availability & Slot Settings - Round Robin Calendars: The Setup Guide - Round Robin Calendars Staff Selection - Managing Team Members Assignments in Round Robin Calendars - Appointment Distribution logic for Round Robin Calendar - Embedding Distribution Logic for Round Robin Calendar - One-time Boooking Links - Organic Booking - Consent Checkbox Compliance - Integrate Calendly with Calendar - Look Busy in Calendar - Microsoft Teams Integration For Calendars.. Contact pages has been started', '2025-10-30 20:58:25', '2025-10-31 01:00:14', 14508, 0, 1, NULL, '2025-10-30 20:58:25', '2025-11-02 16:00:15'),
('-OcssX0zjaP-sUbiFD8x', 'dYMNyLpVH6XmDVMJk8QQMvj8NWX2', '-OaF0Sp0pgZKkfQXuyK8', '-Oc9TPmCg_IvnLBEBqKZ', 'Website', '-OaF_i7zD_3pxQlBlXcK', 'Damien Tugwell', 'Continued with the migration task for Townsville Spiritual Centre website.', '2025-10-30 22:08:55', '2025-10-30 22:25:38', 1002, 0, 0, NULL, '2025-10-30 22:08:55', '2025-10-30 22:25:38'),
('-OcstAD9EdMscqzdErVR', 'IqfD9WycDNYq0K0nL7zoJwQvA323', '-OaF0Sp0pgZKkfQXuyK8', '-OaT0cTic_9BfOLzp2mv', 'General Task', '-OaHdsmqBOMH8PjjyVdp', 'Nexistry Digital Solutions', 'Gen task', '2025-10-30 22:11:44', '2025-10-30 23:58:02', 6378, 0, 0, NULL, '2025-10-30 22:11:44', '2025-10-30 23:58:02'),
('-Oct1UrnxilguBYGibwe', 'gSb0eR1DWTTW4uzY2V6A1as0Riw2', '-OaF0Sp0pgZKkfQXuyK8', '-OaT0cTic_9BfOLzp2mv', 'General Task', '-OaHdsmqBOMH8PjjyVdp', 'Nexistry Digital Solutions', 'nexistry', '2025-10-30 22:52:27', '2025-10-31 00:53:41', 7274, 0, 0, NULL, '2025-10-30 22:52:27', '2025-10-31 00:53:41'),
('-Oct357owJO767Yx2VhZ', 'dYMNyLpVH6XmDVMJk8QQMvj8NWX2', '-OaF0Sp0pgZKkfQXuyK8', '-Oc9TPmCg_IvnLBEBqKZ', 'Website', '-OaF_i7zD_3pxQlBlXcK', 'Damien Tugwell', '80 images were placed on the products for the Townsville Spiritual Centre website, but many more still need to be added.', '2025-10-30 22:59:27', '2025-10-31 02:34:47', 12919, 0, 0, NULL, '2025-10-30 22:59:27', '2025-10-31 02:34:47'),
('-OctSeOHDdmDNevSH6ez', 'rPYKipBcdXUhEd3qpdjEzjNw70m2', '-OaF0Sp0pgZKkfQXuyK8', '-Ob8Ye2czaiPdf0BGXPT', 'instagram daily task', '-Oab9e6-B6FqEVVh5K49', 'Harri Ducker', 'daily task', '2025-10-31 00:51:08', '2025-10-31 03:05:44', 8076, 0, 1, NULL, '2025-10-31 00:51:08', '2025-10-31 03:05:44'),
('-OctVZ0fMDjrvZO6SXWm', 'NftSf9kvaEMwvrlEyWKo1QCDshU2', '-OaF0Sp0pgZKkfQXuyK8', '-OaT0cTic_9BfOLzp2mv', 'General Task', '-OaHdsmqBOMH8PjjyVdp', 'Nexistry Digital Solutions', 'bug fixes continuation', '2025-10-31 01:03:47', '2025-10-31 07:22:59', 22751, 0, 0, NULL, '2025-10-31 01:03:47', '2025-10-31 07:22:59'),
('-OcUVQ7lVwgNACOUUXp8', 'NftSf9kvaEMwvrlEyWKo1QCDshU2', '-OaF0Sp0pgZKkfQXuyK8', '-OaT0cTic_9BfOLzp2mv', 'General Task', '-OaHdsmqBOMH8PjjyVdp', 'Nexistry Digital Solutions', 'continuation of bug fixing', '2025-10-25 15:53:00', '2025-10-25 17:57:00', 36246, 0, 0, NULL, '2025-10-25 23:53:04', '2025-10-29 15:59:58');
INSERT INTO `time_entries` (`id`, `user_id`, `company_id`, `project_id`, `project_name`, `client_id`, `client_name`, `description`, `start_time`, `end_time`, `duration`, `is_running`, `is_billable`, `tags`, `created_at`, `updated_at`) VALUES
('-OcXwLqVIX27mXKHHGQB', 'gSb0eR1DWTTW4uzY2V6A1as0Riw2', '-OaF0Sp0pgZKkfQXuyK8', '-OaT0cTic_9BfOLzp2mv', 'General Task', '-OaHdsmqBOMH8PjjyVdp', 'Nexistry Digital Solutions', 'nexistry', '2025-10-26 15:53:59', '2025-10-26 23:07:11', 25992, 0, 0, NULL, '2025-10-26 15:53:59', '2025-10-26 23:07:11'),
('-OcXxmeTIzfafdf_r5Nd', 'ZFaIkP4hL3VaGNFYXzlNxrXHZOj1', '-OaF0Sp0pgZKkfQXuyK8', '-OaSAH5HYkbn4_wC8Vt8', 'Deligation of Task', '-OaHdsmqBOMH8PjjyVdp', 'Nexistry Digital Solutions', 'Delegation of task', '2025-10-26 16:00:05', '2025-10-26 16:09:54', 588, 0, 0, NULL, '2025-10-26 16:00:05', '2025-10-26 16:09:54'),
('-OcXxTa7DL9l47z9YDuf', 'UzY6A27FBYSJbDkjy9suM4aEdZ02', '-OaF0Sp0pgZKkfQXuyK8', '-OaT0cTic_9BfOLzp2mv', 'General Task', '-OaHdsmqBOMH8PjjyVdp', 'Nexistry Digital Solutions', 'configuration of voice ai widget for nexistry website, create auto responder for comments on ig and fb', '2025-10-26 15:58:53', '2025-10-26 19:47:24', 13710, 0, 0, NULL, '2025-10-26 15:58:53', '2025-10-26 19:47:24'),
('-OcXx_wfERPJzpIvVXXk', '7CFx1LWWNLZUsyoOeGizUsWaUkz1', '-OaF0Sp0pgZKkfQXuyK8', '-OaYdBkObIkWZmkVYGSg', 'webite migration Coopers', '-OaF_B5nlnRS_ZWFuesL', 'Dr. Billy William', '* Add nav bar for terms & condition * Create terms & condition page * create thumbnail canva for terms &condition bg * privacy policy * adjust mobile view nav bar - coded * coded continued with Dan to make it responsive', '2025-10-26 15:59:23', '2025-10-26 20:21:36', 15733, 0, 1, NULL, '2025-10-26 15:59:23', '2025-10-26 20:21:36'),
('-OcXybTixjgpNHHC0PfD', 'NftSf9kvaEMwvrlEyWKo1QCDshU2', '-OaF0Sp0pgZKkfQXuyK8', '-OaT0cTic_9BfOLzp2mv', 'General Task', '-OaHdsmqBOMH8PjjyVdp', 'Nexistry Digital Solutions', 'bug fixing continuation', '2025-10-26 16:03:51', '2025-10-26 20:56:25', 17553, 0, 0, NULL, '2025-10-26 16:03:51', '2025-10-26 20:56:25'),
('-OcY-1Xdb_hyEvStufq_', 'ZFaIkP4hL3VaGNFYXzlNxrXHZOj1', '-OaF0Sp0pgZKkfQXuyK8', '-OaIvkJXHJFIemvsBT2o', 'Landing Page', '-OaF_PI3x-J9swtbjdzY', 'Rebecca Davis', 'Done creating Statin Blog as well as the cellphone view, also create a cellphone view of Folic Acid Blog and Transferring Prescription Blog', '2025-10-26 16:09:55', '2025-10-27 00:16:43', 29208, 0, 0, NULL, '2025-10-26 16:09:55', '2025-10-27 00:16:43'),
('-OcY1-Zjkpo39BCfgmWK', 'IqfD9WycDNYq0K0nL7zoJwQvA323', '-OaF0Sp0pgZKkfQXuyK8', '-OaHm1z2zmHsOTAxS78u', 'Policies', '-OaF__7hf_r5hVgOlOfP', 'Cynthia Scott', 'Checking out Scheduled task and sending out text messages', '2025-10-26 16:18:42', '2025-10-26 16:37:25', 1123, 0, 1, NULL, '2025-10-26 16:18:42', '2025-10-26 16:37:25'),
('-OcY1ISI8wv4sPowSxm4', 'dYMNyLpVH6XmDVMJk8QQMvj8NWX2', '-OaF0Sp0pgZKkfQXuyK8', '-Oc9TPmCg_IvnLBEBqKZ', 'Website', '-OaF_i7zD_3pxQlBlXcK', 'Damien Tugwell', '* Farm Plumeria Road - New Banner Design for Tropical Wedding * Farm Plumeria Road - Popup Info about Helicopter Ride (Homepage)', '2025-10-26 16:19:59', '2025-10-26 21:06:29', 17189, 0, 0, NULL, '2025-10-26 16:19:59', '2025-10-26 21:06:29'),
('-OcY5J9blWOqmFq_6ovp', 'IqfD9WycDNYq0K0nL7zoJwQvA323', '-OaF0Sp0pgZKkfQXuyK8', '-OaOD6ZsGBB1RKHX5Mo2', 'Conversational AI', '-OaF__7hf_r5hVgOlOfP', 'Cynthia Scott', 'Meeting about GHL for Voice AI', '2025-10-26 16:37:30', '2025-10-26 17:36:06', 3515, 0, 1, NULL, '2025-10-26 16:37:30', '2025-10-26 17:36:06'),
('-OcYDib-472GyGoc28vn', '9gcUwwHP9vRYPW2tUKso2eAscdw1', '-OaF0Sp0pgZKkfQXuyK8', '-OaFfnG5N7C2eLz_KYO2', 'Default Project', '-OaFaDjHg8LBQ9IcU8au', 'Roel Carandang', 'Fall to Winter Campaign Documentation', '2025-10-26 17:14:16', '2025-10-26 18:03:04', 2928, 0, 1, NULL, '2025-10-26 17:14:16', '2025-10-26 18:03:04'),
('-OcYIilmhSQ_rv055lEf', 'IqfD9WycDNYq0K0nL7zoJwQvA323', '-OaF0Sp0pgZKkfQXuyK8', '-OaHm1z2zmHsOTAxS78u', 'Policies', '-OaF__7hf_r5hVgOlOfP', 'Cynthia Scott', 'Progressive, Checking of IC/DC, checking of PCs and Tdocs', '2025-10-26 17:36:07', '2025-10-26 20:21:32', 9925, 0, 1, NULL, '2025-10-26 17:36:07', '2025-10-26 20:21:32'),
('-OcYlm9NW45qstCAhyBl', 'UzY6A27FBYSJbDkjy9suM4aEdZ02', '-OaF0Sp0pgZKkfQXuyK8', '-OaYdHOb8K0Lnh1L68Op', 'email marketing automation', '-OaF_B5nlnRS_ZWFuesL', 'Dr. Billy William', 'create custom field create form, section a and b is done also the logic', '2025-10-26 19:47:25', '2025-10-26 20:02:48', 923, 0, 1, NULL, '2025-10-26 19:47:25', '2025-10-26 20:02:48'),
('-OcYlor7CjG0uO6KM6Lx', '9gcUwwHP9vRYPW2tUKso2eAscdw1', '-OaF0Sp0pgZKkfQXuyK8', '-OaYdBkObIkWZmkVYGSg', 'webite migration Coopers', '-OaF_B5nlnRS_ZWFuesL', 'Dr. Billy William', 'Side Navigation Code Customization', '2025-10-26 19:47:36', '2025-10-26 21:15:24', 5267, 0, 1, NULL, '2025-10-26 19:47:36', '2025-10-26 23:51:24'),
('-OcYOtjjrCQiMA7lThcq', '9gcUwwHP9vRYPW2tUKso2eAscdw1', '-OaF0Sp0pgZKkfQXuyK8', '-OaT0cTic_9BfOLzp2mv', 'General Task', '-OaHdsmqBOMH8PjjyVdp', 'Nexistry Digital Solutions', 'Knowledge Base Creation: Page Content Customization', '2025-10-26 18:03:05', '2025-10-26 19:47:35', 6270, 0, 1, NULL, '2025-10-26 18:03:05', '2025-10-26 23:51:28'),
('-OcZ0_AB5baFxqPpABa7', 'NftSf9kvaEMwvrlEyWKo1QCDshU2', '-OaF0Sp0pgZKkfQXuyK8', '-OaT0cTic_9BfOLzp2mv', 'General Task', '-OaHdsmqBOMH8PjjyVdp', 'Nexistry Digital Solutions', 'working on nexiflow settings', '2025-10-26 20:56:25', '2025-10-27 01:23:06', 16000, 0, 0, NULL, '2025-10-26 20:56:25', '2025-10-27 01:23:06'),
('-OcZ4v1o8-fH15oRazSy', '9gcUwwHP9vRYPW2tUKso2eAscdw1', '-OaF0Sp0pgZKkfQXuyK8', '-OaFfnG5N7C2eLz_KYO2', 'Default Project', '-OaFaDjHg8LBQ9IcU8au', 'Roel Carandang', 'Facebook Post', '2025-10-26 21:15:24', '2025-10-26 22:47:06', 5502, 0, 1, NULL, '2025-10-26 21:15:24', '2025-10-26 23:51:23'),
('-OcZA6J0-L7hXTA7YTk_', 'IqfD9WycDNYq0K0nL7zoJwQvA323', '-OaF0Sp0pgZKkfQXuyK8', '-OaT0cTic_9BfOLzp2mv', 'General Task', '-OaHdsmqBOMH8PjjyVdp', 'Nexistry Digital Solutions', 'SEO of nexistry, Gathered the leads found by our LGS team, Lead finding', '2025-10-26 21:38:06', '2025-10-27 00:56:08', 11881, 0, 0, NULL, '2025-10-26 21:38:06', '2025-10-27 00:56:08'),
('-OcZHmNtzMDuwQavKYPr', 'dYMNyLpVH6XmDVMJk8QQMvj8NWX2', '-OaF0Sp0pgZKkfQXuyK8', '-Oc9TPmCg_IvnLBEBqKZ', 'Website', '-OaF_i7zD_3pxQlBlXcK', 'Damien Tugwell', '- Farm Plumeria Road - Popup Info about Helicopter Ride (Homepage) continued revision', '2025-10-26 22:11:37', '2025-10-26 22:48:20', 2202, 0, 0, NULL, '2025-10-26 22:11:37', '2025-10-26 22:48:20'),
('-OcZn1zcpNZqftcDRx_d', 'gSb0eR1DWTTW4uzY2V6A1as0Riw2', '-OaF0Sp0pgZKkfQXuyK8', '-OaT0cTic_9BfOLzp2mv', 'General Task', '-OaHdsmqBOMH8PjjyVdp', 'Nexistry Digital Solutions', 'nexistry', '2025-10-27 00:32:32', '2025-10-27 00:44:16', 704, 0, 0, NULL, '2025-10-27 00:32:32', '2025-10-27 00:44:16'),
('-OcZPuQe62JSVyGnUeio', '9gcUwwHP9vRYPW2tUKso2eAscdw1', '-OaF0Sp0pgZKkfQXuyK8', '-OaT0cTic_9BfOLzp2mv', 'General Task', '-OaHdsmqBOMH8PjjyVdp', 'Nexistry Digital Solutions', 'Knowledge base: Page Content Customization', '2025-10-26 22:47:07', '2025-10-27 01:22:06', 9298, 0, 1, NULL, '2025-10-26 22:47:07', '2025-10-27 01:22:06'),
('-OcZQBQpw2m1VOOfpeNh', 'dYMNyLpVH6XmDVMJk8QQMvj8NWX2', '-OaF0Sp0pgZKkfQXuyK8', '-OaT0cTic_9BfOLzp2mv', 'General Task', '-OaHdsmqBOMH8PjjyVdp', 'Nexistry Digital Solutions', 'New video Introduction for Nexistry Digital Solutions', '2025-10-26 22:48:21', '2025-10-27 01:30:02', 9701, 0, 0, NULL, '2025-10-26 22:48:21', '2025-10-27 01:30:02'),
('-OcZUVoXWDVZ9GzfI4ss', 'gSb0eR1DWTTW4uzY2V6A1as0Riw2', '-OaF0Sp0pgZKkfQXuyK8', '-OcZmwHb3msBJ55YUdHl', 'Domain set up', '-OaF_B5nlnRS_ZWFuesL', 'Dr. Billy William', 'set up dedicated domain for email', '2025-10-26 23:07:11', '2025-10-27 00:32:30', 5118, 0, 1, NULL, '2025-10-26 23:07:11', '2025-10-27 00:32:30'),
('-OcZybs1DT0nHj03SXDm', 'NftSf9kvaEMwvrlEyWKo1QCDshU2', '-OaF0Sp0pgZKkfQXuyK8', '-Oc0-NZcR-JmSiJWPY00', 'Client Meeting', '-OaHdsmqBOMH8PjjyVdp', 'Nexistry Digital Solutions', 'meeting with zak, continuation in make and nexiflow updates', '2025-10-27 01:23:07', '2025-10-27 07:00:02', 20215, 0, 0, NULL, '2025-10-27 01:23:07', '2025-10-27 07:00:02'),
('-Oc_OXwFejdYfBAG59zN', 'IqfD9WycDNYq0K0nL7zoJwQvA323', '-OaF0Sp0pgZKkfQXuyK8', '-Oc0-NZcR-JmSiJWPY00', 'Client Meeting', '-OaHdsmqBOMH8PjjyVdp', 'Nexistry Digital Solutions', 'Meeting with Zak', '2025-10-27 03:20:45', '2025-10-27 04:04:34', 2628, 0, 0, NULL, '2025-10-27 03:20:45', '2025-10-27 04:04:34'),
('-Od3U8Q7e8BcXheUD4qH', 'NftSf9kvaEMwvrlEyWKo1QCDshU2', '-OaF0Sp0pgZKkfQXuyK8', '-OaT0cTic_9BfOLzp2mv', 'General Task', '-OaHdsmqBOMH8PjjyVdp', 'Nexistry Digital Solutions', 'nexiflow bug updates and zak\'s make emergency configuration', '2025-11-01 18:13:00', '2025-11-02 04:14:00', 36060, 0, 0, NULL, '2025-11-02 04:13:25', '2025-11-02 04:16:17'),
('-Od5zji_SrtOPTuc6Iyk', 'NftSf9kvaEMwvrlEyWKo1QCDshU2', '-OaF0Sp0pgZKkfQXuyK8', '-OaT0cTic_9BfOLzp2mv', 'General Task', '-OaHdsmqBOMH8PjjyVdp', 'Nexistry Digital Solutions', 'make zak', '2025-11-02 15:55:05', '2025-11-02 19:24:04', 12539, 0, 0, NULL, '2025-11-02 15:55:05', '2025-11-02 19:24:04'),
('-Od6-WVe1Jgz0anDxaEo', '7CFx1LWWNLZUsyoOeGizUsWaUkz1', '-OaF0Sp0pgZKkfQXuyK8', '-Od6mHOx3QY0dQOlr7xZ', 'Data Super Center CRM', '-OaF_B5nlnRS_ZWFuesL', 'Dr. Billy William', '* Create Logo', '2025-11-02 23:58:00', '2025-11-03 04:01:00', 14580, 0, 1, NULL, '2025-11-02 15:58:30', '2025-11-13 16:51:45'),
('-Od6071cIuYy7Agl1Pag', 'ZFaIkP4hL3VaGNFYXzlNxrXHZOj1', '-OaF0Sp0pgZKkfQXuyK8', '-OaSAH5HYkbn4_wC8Vt8', 'Deligation of Task', '-OaHdsmqBOMH8PjjyVdp', 'Nexistry Digital Solutions', 'Delegation of task', '2025-11-02 16:00:59', '2025-11-02 16:03:44', 164, 0, 0, NULL, '2025-11-02 16:00:59', '2025-11-02 16:03:44'),
('-Od60CUliIKBJGsO8Xfq', '9gcUwwHP9vRYPW2tUKso2eAscdw1', '-OaF0Sp0pgZKkfQXuyK8', '-OaT0cTic_9BfOLzp2mv', 'General Task', '-OaHdsmqBOMH8PjjyVdp', 'Nexistry Digital Solutions', 'Knowledge Base', '2025-11-02 16:01:31', '2025-11-02 16:36:41', 2109, 0, 1, NULL, '2025-11-02 16:01:31', '2025-11-03 01:13:44'),
('-Od60kt7pIM2LniolgZN', 'ZFaIkP4hL3VaGNFYXzlNxrXHZOj1', '-OaF0Sp0pgZKkfQXuyK8', '-OaIvcxkKmxNcutRyzCt', 'Reels', '-OaF_PI3x-J9swtbjdzY', 'Rebecca Davis', 'Create reels for November not noevember event base', '2025-11-02 16:03:47', '2025-11-03 00:28:36', 30288, 0, 0, NULL, '2025-11-02 16:03:47', '2025-11-03 00:28:36'),
('-Od60LH7uPk1lMtYmVjB', 'gSb0eR1DWTTW4uzY2V6A1as0Riw2', '-OaF0Sp0pgZKkfQXuyK8', '-OaT0cTic_9BfOLzp2mv', 'General Task', '-OaHdsmqBOMH8PjjyVdp', 'Nexistry Digital Solutions', 'nexistry', '2025-11-02 16:02:06', '2025-11-02 21:59:32', 21446, 0, 0, NULL, '2025-11-02 16:02:06', '2025-11-02 21:59:32'),
('-Od60pMO5_hMf9rUG3C1', 'UzY6A27FBYSJbDkjy9suM4aEdZ02', '-OaF0Sp0pgZKkfQXuyK8', '-Od6mHOx3QY0dQOlr7xZ', 'Data Super Center CRM', '-OaF_B5nlnRS_ZWFuesL', 'Dr. Billy William', 'create default calendar, create DSCCRM – Sales / Appointment Funnel Pipeline, create Data Super Center Workflows, create tags, create custom values', '2025-11-02 16:04:16', '2025-11-02 20:06:02', 14506, 0, 1, NULL, '2025-11-02 16:04:16', '2025-11-02 20:06:02'),
('-Od60t7cmLdTowhwixg_', 'dYMNyLpVH6XmDVMJk8QQMvj8NWX2', '-OaF0Sp0pgZKkfQXuyK8', '-Oc9TPmCg_IvnLBEBqKZ', 'Website', '-OaF_i7zD_3pxQlBlXcK', 'Damien Tugwell', '- 221 images were placed on the products for the Townsville Spiritual Centre website, but many more still need to be added. - Add contact page', '2025-11-02 16:04:30', '2025-11-03 00:11:42', 29232, 0, 0, NULL, '2025-11-02 16:04:30', '2025-11-03 00:11:42'),
('-Od66gylnw5bT8VddEqW', 'IqfD9WycDNYq0K0nL7zoJwQvA323', '-OaF0Sp0pgZKkfQXuyK8', '-OaHm1z2zmHsOTAxS78u', 'Policies', '-OaF__7hf_r5hVgOlOfP', 'Cynthia Scott', 'Worked on Progressive Renewals, Checking IC/DC, Tdocs and Pcs. Home Requote and Auto requote', '2025-11-02 16:29:54', '2025-11-02 20:36:05', 14770, 0, 1, NULL, '2025-11-02 16:29:54', '2025-11-02 20:36:05'),
('-Od68FiQsUKejL0c46dC', '9gcUwwHP9vRYPW2tUKso2eAscdw1', '-OaF0Sp0pgZKkfQXuyK8', '-OaFfnG5N7C2eLz_KYO2', 'Default Project', '-OaFaDjHg8LBQ9IcU8au', 'Roel Carandang', 'Input Image in Homepage', '2025-11-02 16:36:41', '2025-11-02 17:04:45', 1684, 0, 1, NULL, '2025-11-02 16:36:41', '2025-11-03 01:13:45'),
('-Od6Eg3bi3Fe3k0tBPnJ', '9gcUwwHP9vRYPW2tUKso2eAscdw1', '-OaF0Sp0pgZKkfQXuyK8', '-OaT0cTic_9BfOLzp2mv', 'General Task', '-OaHdsmqBOMH8PjjyVdp', 'Nexistry Digital Solutions', 'Knowledge Base Creation', '2025-11-02 17:04:46', '2025-11-02 20:07:05', 10939, 0, 1, NULL, '2025-11-02 17:04:46', '2025-11-03 01:13:43'),
('-Od6j_FR7diWHh9UKEM0', 'NftSf9kvaEMwvrlEyWKo1QCDshU2', '-OaF0Sp0pgZKkfQXuyK8', '-Oc9TPmCg_IvnLBEBqKZ', 'Website', '-OaF_i7zD_3pxQlBlXcK', 'Damien Tugwell', 'not available days in farm plumeria', '2025-11-02 19:24:05', '2025-11-02 19:51:28', 1643, 0, 0, NULL, '2025-11-02 19:24:05', '2025-11-02 19:51:28'),
('-Od6pqbBSshxCsWpiAd6', 'NftSf9kvaEMwvrlEyWKo1QCDshU2', '-OaF0Sp0pgZKkfQXuyK8', '-OaT0cTic_9BfOLzp2mv', 'General Task', '-OaHdsmqBOMH8PjjyVdp', 'Nexistry Digital Solutions', 'bug fixes continuation', '2025-11-02 19:51:29', '2025-11-03 01:00:31', 18541, 0, 0, NULL, '2025-11-02 19:51:29', '2025-11-03 01:00:31'),
('-Od74uA0RdQTbGmlw_1j', '9gcUwwHP9vRYPW2tUKso2eAscdw1', '-OaF0Sp0pgZKkfQXuyK8', '-OaT0cTic_9BfOLzp2mv', 'General Task', '-OaHdsmqBOMH8PjjyVdp', 'Nexistry Digital Solutions', 'Knowledge Base Creation', '2025-11-02 21:01:39', '2025-11-03 01:13:46', 15126, 0, 1, NULL, '2025-11-02 21:01:39', '2025-11-03 01:13:46'),
('-Od7Nn2Q1jiMHQimP2Ly', 'gSb0eR1DWTTW4uzY2V6A1as0Riw2', '-OaF0Sp0pgZKkfQXuyK8', '-OaT0cTic_9BfOLzp2mv', 'General Task', '-OaHdsmqBOMH8PjjyVdp', 'Nexistry Digital Solutions', 'nexistry', '2025-11-02 22:24:10', '2025-11-03 01:02:48', 9518, 0, 0, NULL, '2025-11-02 22:24:10', '2025-11-03 01:02:48'),
('-Od7w_c8NbnDhn78cBMp', 'NftSf9kvaEMwvrlEyWKo1QCDshU2', '-OaF0Sp0pgZKkfQXuyK8', '-OaT0cTic_9BfOLzp2mv', 'General Task', '-OaHdsmqBOMH8PjjyVdp', 'Nexistry Digital Solutions', 'nexiflow bug fixing continuation', '2025-11-02 17:00:00', '2025-11-02 13:58:00', 17885, 0, 0, NULL, '2025-11-03 01:00:31', '2025-11-06 19:59:36'),
('-Od8uMX0L6fcvGSkgWVJ', 'rPYKipBcdXUhEd3qpdjEzjNw70m2', '-OaF0Sp0pgZKkfQXuyK8', '-Ob8Ye2czaiPdf0BGXPT', 'instagram daily task', '-Oab9e6-B6FqEVVh5K49', 'Harri Ducker', 'daily task', '2025-11-03 04:15:00', '2025-11-03 06:16:00', 7260, 0, 1, NULL, '2025-11-03 05:30:25', '2025-11-03 06:15:13'),
('-OdB7tpaCWRbaZp__e0U', 'NftSf9kvaEMwvrlEyWKo1QCDshU2', '-OaF0Sp0pgZKkfQXuyK8', '-Oc9TPmCg_IvnLBEBqKZ', 'Website', '-OaF_i7zD_3pxQlBlXcK', 'Damien Tugwell', 'elevate', '2025-11-03 15:53:13', '2025-11-03 20:58:59', 18345, 0, 0, NULL, '2025-11-03 15:53:13', '2025-11-03 20:58:59'),
('-OdB8ECfPI7BY6VEFG7J', 'UzY6A27FBYSJbDkjy9suM4aEdZ02', '-OaF0Sp0pgZKkfQXuyK8', '-Od6mHOx3QY0dQOlr7xZ', 'Data Super Center CRM', '-OaF_B5nlnRS_ZWFuesL', 'Dr. Billy William', 'create email templates, create sms templates ,update workflows, create chatbot', '2025-11-03 15:54:41', '2025-11-03 20:03:51', 14949, 0, 1, NULL, '2025-11-03 15:54:41', '2025-11-03 20:03:51'),
('-OdB9bHtr9nyMR6vS3Mz', '7CFx1LWWNLZUsyoOeGizUsWaUkz1', '-OaF0Sp0pgZKkfQXuyK8', '-Oc9pDvqkkSp9a9aimf-', 'Landing page for Webinar', '-OaF_B5nlnRS_ZWFuesL', 'Dr. Billy William', '* Create thank you page and booking page (both desktop and mobile view) * Create Chatbot and added to the funnel * Create conversation AI prompt', '2025-11-03 16:00:42', '2025-11-03 20:03:37', 14575, 0, 1, NULL, '2025-11-03 16:00:42', '2025-11-03 20:03:37'),
('-OdB9gYLAnukF_B9gmIF', 'dYMNyLpVH6XmDVMJk8QQMvj8NWX2', '-OaF0Sp0pgZKkfQXuyK8', '-Oc9TPmCg_IvnLBEBqKZ', 'Website', '-OaF_i7zD_3pxQlBlXcK', 'Damien Tugwell', 'Migration Update Summary - Added several new images to the products. - Continued the migration of website pages, and the following new pages have been implemented: GRAND OPENING page, Mum\'s & Bubs Yoga Class page, Holistic Counselling page, and Advanced Crystal Healing page. - Revised the font style of previously completed pages to match the original reference design, and added videos to the Services page - The mobile view for the pages from Home up to Contact has been fixed and the necessary buttons and other functional elements have been linked. - Remaining issues to be resolved: the invalid token on the Home page, the overlap padding on the Services page, and the final compilation/sorting of the products. - https://dash.elevatehub.app/v2/preview/CIYbP8XrH58K9sQHtUBt?notrack=true', '2025-11-03 16:01:05', '2025-11-04 01:08:06', 32820, 0, 0, NULL, '2025-11-03 16:01:05', '2025-11-04 01:08:06'),
('-OdB9KYYEiKZAJ4BP2rh', 'gSb0eR1DWTTW4uzY2V6A1as0Riw2', '-OaF0Sp0pgZKkfQXuyK8', '-OaT0cTic_9BfOLzp2mv', 'General Task', '-OaHdsmqBOMH8PjjyVdp', 'Nexistry Digital Solutions', 'nexistry', '2025-11-03 15:59:29', '2025-11-04 01:38:33', 34743, 0, 0, NULL, '2025-11-03 15:59:29', '2025-11-04 01:38:33'),
('-OdB9T83tVXnT6R6suRC', 'ZFaIkP4hL3VaGNFYXzlNxrXHZOj1', '-OaF0Sp0pgZKkfQXuyK8', '-OaSAH5HYkbn4_wC8Vt8', 'Deligation of Task', '-OaHdsmqBOMH8PjjyVdp', 'Nexistry Digital Solutions', 'Delegation of Task', '2025-11-03 15:59:55', '2025-11-03 16:14:38', 882, 0, 0, NULL, '2025-11-03 15:59:55', '2025-11-03 16:14:38'),
('-OdBCPA13y6H_2KwBpKc', 'IqfD9WycDNYq0K0nL7zoJwQvA323', '-OaF0Sp0pgZKkfQXuyK8', '-OaOD6ZsGBB1RKHX5Mo2', 'Conversational AI', '-OaF__7hf_r5hVgOlOfP', 'Cynthia Scott', 'Meeting with Cynthia and Conversational', '2025-11-03 16:12:54', '2025-11-03 17:20:12', 4037, 0, 1, NULL, '2025-11-03 16:12:54', '2025-11-03 17:20:12'),
('-OdBCqBY7iT8LiWA1lei', 'ZFaIkP4hL3VaGNFYXzlNxrXHZOj1', '-OaF0Sp0pgZKkfQXuyK8', '-OaIvZdcisZxyig1R8On', 'Newsletter', '-OaF_PI3x-J9swtbjdzY', 'Rebecca Davis', 'Create 4 page Monthly news letter for December and also create News letter based on events in December', '2025-11-03 16:14:40', '2025-11-04 00:17:29', 28968, 0, 0, NULL, '2025-11-03 16:14:40', '2025-11-04 00:17:29'),
('-OdBEU4K6spUhU107Ezu', '9gcUwwHP9vRYPW2tUKso2eAscdw1', '-OaF0Sp0pgZKkfQXuyK8', '-Oc9TPmCg_IvnLBEBqKZ', 'Website', '-OaF_i7zD_3pxQlBlXcK', 'Damien Tugwell', 'Posting Products', '2025-11-03 16:21:59', '2025-11-03 20:05:11', 13392, 0, 1, NULL, '2025-11-03 16:21:59', '2025-11-03 20:05:11'),
('-OdBRo3hD-AwlOWUAZz2', 'IqfD9WycDNYq0K0nL7zoJwQvA323', '-OaF0Sp0pgZKkfQXuyK8', '-OaOD6ZsGBB1RKHX5Mo2', 'Conversational AI', '-OaF__7hf_r5hVgOlOfP', 'Cynthia Scott', 'Prompting for Conversational AI, Fixing Evaluation raised from GHL', '2025-11-03 17:20:12', '2025-11-03 20:06:58', 10005, 0, 1, NULL, '2025-11-03 17:20:12', '2025-11-03 20:06:58'),
('-OdC89977wxZgBatnH0I', '9gcUwwHP9vRYPW2tUKso2eAscdw1', '-OaF0Sp0pgZKkfQXuyK8', '-Oc9TPmCg_IvnLBEBqKZ', 'Website', '-OaF_i7zD_3pxQlBlXcK', 'Damien Tugwell', 'Posting Products in Website', '2025-11-03 20:33:57', '2025-11-04 01:02:03', 16085, 0, 1, NULL, '2025-11-03 20:33:57', '2025-11-04 01:02:03'),
('-OdCDsvmibp46aMkbXXH', 'NftSf9kvaEMwvrlEyWKo1QCDshU2', '-OaF0Sp0pgZKkfQXuyK8', '-Oc9TPmCg_IvnLBEBqKZ', 'Website', '-OaF_i7zD_3pxQlBlXcK', 'Damien Tugwell', 'migrating products', '2025-11-03 20:59:00', '2025-11-04 01:48:37', 17377, 0, 0, NULL, '2025-11-03 20:59:00', '2025-11-04 01:48:37'),
('-OdCJ3rW2kIcrlPwMWj-', 'IqfD9WycDNYq0K0nL7zoJwQvA323', '-OaF0Sp0pgZKkfQXuyK8', '-OaT0cTic_9BfOLzp2mv', 'General Task', '-OaHdsmqBOMH8PjjyVdp', 'Nexistry Digital Solutions', 'All around tasks, checking newsletter done, Weekly SEO fixing of Nexistry website. Documenting Zak\'s tasks, EOD', '2025-11-03 21:21:39', '2025-11-04 01:18:21', 14201, 0, 0, NULL, '2025-11-03 21:21:39', '2025-11-04 01:18:21'),
('-OdDGAg68dUc9FjSvZ7y', 'NftSf9kvaEMwvrlEyWKo1QCDshU2', '-OaF0Sp0pgZKkfQXuyK8', '-OaT0cTic_9BfOLzp2mv', 'General Task', '-OaHdsmqBOMH8PjjyVdp', 'Nexistry Digital Solutions', 'nexiflow fixes and zak\'s make', '2025-11-04 01:48:38', '2025-11-04 06:21:08', 16349, 0, 0, NULL, '2025-11-04 01:48:38', '2025-11-04 06:21:08'),
('-OdE0WN2se2Pl0_pvOOc', 'rPYKipBcdXUhEd3qpdjEzjNw70m2', '-OaF0Sp0pgZKkfQXuyK8', '-Ob8Ye2czaiPdf0BGXPT', 'instagram daily task', '-Oab9e6-B6FqEVVh5K49', 'Harri Ducker', 'daily task', '2025-11-04 04:33:00', '2025-11-04 06:36:00', 7380, 0, 1, NULL, '2025-11-04 05:19:49', '2025-11-04 07:10:46'),
('-Odf2g-2VaZ0JjduwnEk', '7CFx1LWWNLZUsyoOeGizUsWaUkz1', '-OaF0Sp0pgZKkfQXuyK8', '-OaIjBREBZXCHIRDF2xE', 'Social Media Posting', '-OaHdsmqBOMH8PjjyVdp', 'Nexistry Digital Solutions', 'Create brochure for Nexistry  Services', '2025-11-09 23:58:00', '2025-11-10 04:06:00', 14880, 0, 1, NULL, '2025-11-09 15:58:40', '2025-11-13 16:50:57'),
('-Odf347rt8lOcW12pshG', 'gSb0eR1DWTTW4uzY2V6A1as0Riw2', '-OaF0Sp0pgZKkfQXuyK8', '-OaT0cTic_9BfOLzp2mv', 'General Task', '-OaHdsmqBOMH8PjjyVdp', 'Nexistry Digital Solutions', 'nexistry', '2025-11-09 16:00:22', '2025-11-10 01:17:36', 33434, 0, 0, NULL, '2025-11-09 16:00:22', '2025-11-10 01:17:36'),
('-Odf375YSmYoRxT5__mv', 'UzY6A27FBYSJbDkjy9suM4aEdZ02', '-OaF0Sp0pgZKkfQXuyK8', '-Od6mHOx3QY0dQOlr7xZ', 'Data Super Center CRM', '-OaF_B5nlnRS_ZWFuesL', 'Dr. Billy William', 'Form to Survey is done update custom fields update landing page update logic', '2025-11-09 16:00:36', '2025-11-09 20:10:46', 15010, 0, 1, NULL, '2025-11-09 16:00:36', '2025-11-09 20:10:46'),
('-Odf37CfzQldFhXJ_CHE', 'ZFaIkP4hL3VaGNFYXzlNxrXHZOj1', '-OaF0Sp0pgZKkfQXuyK8', '-OaJ3VQkP7LaViJAr_1N', 'Automation', '-OaF_PI3x-J9swtbjdzY', 'Rebecca Davis', 'Automate Rebecas Client contract', '2025-11-09 16:00:25', '2025-11-10 00:22:58', 30152, 0, 0, NULL, '2025-11-09 16:00:25', '2025-11-10 00:22:58'),
('-Odf4-0OkhhGH_fIVNdy', 'IqfD9WycDNYq0K0nL7zoJwQvA323', '-OaF0Sp0pgZKkfQXuyK8', '-OaT0cTic_9BfOLzp2mv', 'General Task', '-OaHdsmqBOMH8PjjyVdp', 'Nexistry Digital Solutions', 'Prospect tracking, making script for outbound call, Working on Facebook Presence', '2025-11-09 16:04:23', '2025-11-09 20:10:58', 14795, 0, 0, NULL, '2025-11-09 16:04:23', '2025-11-09 20:10:58'),
('-OdfEdYYf_bD8GO8WmW7', 'dYMNyLpVH6XmDVMJk8QQMvj8NWX2', '-OaF0Sp0pgZKkfQXuyK8', '-OaT0cTic_9BfOLzp2mv', 'General Task', '-OaHdsmqBOMH8PjjyVdp', 'Nexistry Digital Solutions', '- The introduction for Nexistry Digital Solutions has been fully completed. Some parts had to be redone because a few images in the raw file were corrupted, so I went back and fixed the flow. I also added better music and captions. - Compile all digital products of Nexistry: the video ad for Nexistry Core, and The Ultimate Roadmap ad. - Create a brochure for the Nexistry Core service plan and also edit some sections of the existing brochure created by Ate Tine.', '2025-11-09 16:50:56', '2025-11-09 23:45:26', 24870, 0, 0, NULL, '2025-11-09 16:50:56', '2025-11-09 23:45:26'),
('-OdfyO58fppurpC_kjOv', '9gcUwwHP9vRYPW2tUKso2eAscdw1', '-OaF0Sp0pgZKkfQXuyK8', '-Oc9TPmCg_IvnLBEBqKZ', 'Website', '-OaF_i7zD_3pxQlBlXcK', 'Damien Tugwell', 'Product posting', '2025-11-09 20:15:08', '2025-11-09 20:41:29', 1580, 0, 1, NULL, '2025-11-09 20:15:08', '2025-11-09 20:41:29'),
('-OdgBFlbPqHuKOVLDat7', '9gcUwwHP9vRYPW2tUKso2eAscdw1', '-OaF0Sp0pgZKkfQXuyK8', '-Oc9TPmCg_IvnLBEBqKZ', 'Website', '-OaF_i7zD_3pxQlBlXcK', 'Damien Tugwell', 'Product Posting and pop up customization', '2025-11-09 21:15:44', '2025-11-09 23:18:43', 7378, 0, 1, NULL, '2025-11-09 21:15:44', '2025-11-09 23:18:43'),
('-OdGbN5uEnBnZvY6_rMk', 'dYMNyLpVH6XmDVMJk8QQMvj8NWX2', '-OaF0Sp0pgZKkfQXuyK8', '-OdHd_uiwV32EZIKq7fv', 'Meeting Gab', '-OaF_rhnBqSPRApXlxhz', 'Meaghan Bird', '*correction for project title: Short video for peptiode - make a heygen video for peptide ( BPC-157)', '2025-11-04 09:24:00', '2025-11-04 13:26:00', 14536, 0, 1, NULL, '2025-11-04 17:24:29', '2025-11-10 06:22:54'),
('-OdGbUO0lu-ClutTHjid', '9gcUwwHP9vRYPW2tUKso2eAscdw1', '-OaF0Sp0pgZKkfQXuyK8', '-OaT0cTic_9BfOLzp2mv', 'General Task', '-OaHdsmqBOMH8PjjyVdp', 'Nexistry Digital Solutions', 'Knowledge Base Creation: Created Page Contacts > Bulk Actions > Adding Contact Tags to Multiple Contacts, Sending Bulk SMS via Contacts, Removing Contact Tags From Multiple Contacts, Importing Contacts and Opportunities via CSV, New Drip Mode Architecture for Bulk Actions, Upgraded Bulk Actions Interface For Contacts & SmartLists, Revamped Tags Management, Export as CSV Upgrade', '2025-11-04 17:24:58', '2025-11-04 20:04:50', 9592, 0, 1, NULL, '2025-11-04 17:24:58', '2025-11-04 20:04:50'),
('-OdgEUp8zWHMYf2arDwd', 'IqfD9WycDNYq0K0nL7zoJwQvA323', '-OaF0Sp0pgZKkfQXuyK8', '-OaT0cTic_9BfOLzp2mv', 'General Task', '-OaHdsmqBOMH8PjjyVdp', 'Nexistry Digital Solutions', 'Called 3 Philipp;ines prospect leads, gather USA focused prospect to call for tomorrow', '2025-11-09 21:29:52', '2025-11-10 01:18:00', 13688, 0, 0, NULL, '2025-11-09 21:29:52', '2025-11-10 01:18:00'),
('-OdGIdw6KNExWeki1u4u', '7CFx1LWWNLZUsyoOeGizUsWaUkz1', '-OaF0Sp0pgZKkfQXuyK8', '-Od6mHOx3QY0dQOlr7xZ', 'Data Super Center CRM', '-OaF_B5nlnRS_ZWFuesL', 'Dr. Billy William', '* Polish Chatbot prompt * Booking page - Fixed * Test Chatbot - Working with the booking page link * Create docs - Tab (Funnel, Calendar and Chatbot', '2025-11-04 23:58:00', '2025-11-05 04:02:00', 14640, 0, 1, NULL, '2025-11-04 15:58:18', '2025-11-13 16:52:13'),
('-OdGIu6UN4uiUfift7pC', 'UzY6A27FBYSJbDkjy9suM4aEdZ02', '-OaF0Sp0pgZKkfQXuyK8', '-Od6mHOx3QY0dQOlr7xZ', 'Data Super Center CRM', '-OaF_B5nlnRS_ZWFuesL', 'Dr. Billy William', 'testing chatbot and create Setup Guide - DSCCRM for:      - Create Sub-Account      - Create Funnel      - Create Calendar      - Create Automation      - Create tags      - Create Custom Values      - Create Chatbot', '2025-11-04 15:59:25', '2025-11-04 20:01:46', 14541, 0, 1, NULL, '2025-11-04 15:59:25', '2025-11-04 20:02:10'),
('-OdgiWjFh8RsbVUjs0Nf', 'dYMNyLpVH6XmDVMJk8QQMvj8NWX2', '-OaF0Sp0pgZKkfQXuyK8', '-OdHd_uiwV32EZIKq7fv', 'Heygen video', '-OaF_rhnBqSPRApXlxhz', 'Meaghan Bird', 'Created 1 ew HeyGen videos using the previous script, but used a less stylized/detailed AI model to make the speaker\'s mouth movements look less awkward/weird. Also created several videos, but unable to download them because the platform\'s free plan prevents direct saving/downloading of the final generated video.', '2025-11-09 23:45:27', '2025-11-10 00:59:52', 4465, 0, 1, NULL, '2025-11-09 23:45:27', '2025-11-10 18:03:25'),
('-OdGJg4kDUw3I54qcaC9', 'ZFaIkP4hL3VaGNFYXzlNxrXHZOj1', '-OaF0Sp0pgZKkfQXuyK8', '-OaSAH5HYkbn4_wC8Vt8', 'Deligation of Task', '-OaHdsmqBOMH8PjjyVdp', 'Nexistry Digital Solutions', 'Delegation of task', '2025-11-04 16:02:39', '2025-11-04 16:06:32', 232, 0, 0, NULL, '2025-11-04 16:02:39', '2025-11-04 16:06:32'),
('-OdGJhhgwBYJI6u0zdGc', 'NftSf9kvaEMwvrlEyWKo1QCDshU2', '-OaF0Sp0pgZKkfQXuyK8', '-Oc9TPmCg_IvnLBEBqKZ', 'Website', '-OaF_i7zD_3pxQlBlXcK', 'Damien Tugwell', 'spiritual center and fixes on eds', '2025-11-04 16:02:55', '2025-11-05 00:54:43', 31908, 0, 0, NULL, '2025-11-04 16:02:55', '2025-11-05 00:54:43'),
('-OdGJQx1Hg9UM4jkzCXm', 'gSb0eR1DWTTW4uzY2V6A1as0Riw2', '-OaF0Sp0pgZKkfQXuyK8', '-OaT0cTic_9BfOLzp2mv', 'General Task', '-OaHdsmqBOMH8PjjyVdp', 'Nexistry Digital Solutions', 'nexistry', '2025-11-04 16:01:42', '2025-11-04 20:18:57', 15434, 0, 0, NULL, '2025-11-04 16:01:42', '2025-11-04 20:18:57'),
('-Odgk3Y325TTBQA_sGOo', '9gcUwwHP9vRYPW2tUKso2eAscdw1', '-OaF0Sp0pgZKkfQXuyK8', '-Oc9TPmCg_IvnLBEBqKZ', 'Website', '-OaF_i7zD_3pxQlBlXcK', 'Damien Tugwell', 'Product Posting', '2025-11-09 23:52:11', '2025-11-10 01:34:35', 6143, 0, 1, NULL, '2025-11-09 23:52:11', '2025-11-10 01:34:35'),
('-OdGKKoC-aPwoJP5jeH1', '9gcUwwHP9vRYPW2tUKso2eAscdw1', '-OaF0Sp0pgZKkfQXuyK8', '-Oc9TPmCg_IvnLBEBqKZ', 'Website', '-OaF_i7zD_3pxQlBlXcK', 'Damien Tugwell', 'Double Checking of Website', '2025-11-04 16:05:40', '2025-11-04 17:24:57', 4757, 0, 1, NULL, '2025-11-04 16:05:40', '2025-11-04 17:24:57'),
('-OdGK_COv5Kd-7a14aVG', 'ZFaIkP4hL3VaGNFYXzlNxrXHZOj1', '-OaF0Sp0pgZKkfQXuyK8', '-OaIvZdcisZxyig1R8On', 'Newsletter', '-OaF_PI3x-J9swtbjdzY', 'Rebecca Davis', 'create 4 page version 2 Newsletter for december also create news letter based on december event', '2025-11-04 16:06:33', '2025-11-05 00:11:36', 29102, 0, 0, NULL, '2025-11-04 16:06:33', '2025-11-05 00:11:36'),
('-OdGPuh5EXMlUQKayxKI', 'IqfD9WycDNYq0K0nL7zoJwQvA323', '-OaF0Sp0pgZKkfQXuyK8', '-OaOD6ZsGBB1RKHX5Mo2', 'Conversational AI', '-OaF__7hf_r5hVgOlOfP', 'Cynthia Scott', 'Worked on the prompt to align with the unresolved when the prompt is being evaluated. I also have tested it out for Cynthia to see how the flow goes.', '2025-11-04 16:30:01', '2025-11-04 19:58:11', 12489, 0, 1, NULL, '2025-11-04 16:30:01', '2025-11-04 19:58:11'),
('-OdHNMFNGu_39zxvRYoJ', '9gcUwwHP9vRYPW2tUKso2eAscdw1', '-OaF0Sp0pgZKkfQXuyK8', '-OaT0cTic_9BfOLzp2mv', 'General Task', '-OaHdsmqBOMH8PjjyVdp', 'Nexistry Digital Solutions', 'Knowledge Base Creation', '2025-11-04 20:58:29', '2025-11-05 01:05:15', 14805, 0, 1, NULL, '2025-11-04 20:58:29', '2025-11-05 01:05:15'),
('-OdHRoDLlcmiwrzzcQ_e', 'IqfD9WycDNYq0K0nL7zoJwQvA323', '-OaF0Sp0pgZKkfQXuyK8', '-OaT0cTic_9BfOLzp2mv', 'General Task', '-OaHdsmqBOMH8PjjyVdp', 'Nexistry Digital Solutions', 'Reviewed Zak\'s scope. Generated on Heygen for Nexistry reels. Organized rebecca\'s tasks on Monday', '2025-11-04 21:17:57', '2025-11-05 01:22:27', 14670, 0, 0, NULL, '2025-11-04 21:17:57', '2025-11-05 01:22:27'),
('-OdHTpixHmdT2015zb7k', 'dYMNyLpVH6XmDVMJk8QQMvj8NWX2', '-OaF0Sp0pgZKkfQXuyK8', '-OaT0cTic_9BfOLzp2mv', 'General Task', '-OaHdsmqBOMH8PjjyVdp', 'Nexistry Digital Solutions', 'Continued working on the introduction video for Nexistry Digital Solutions. The other half of the video clips has been added, and work will continue on the next details of the edits.', '2025-11-04 21:26:48', '2025-11-05 01:48:01', 15673, 0, 0, NULL, '2025-11-04 21:26:48', '2025-11-05 01:48:01'),
('-OdHYhK3wuJOmJ7mgOSg', 'gSb0eR1DWTTW4uzY2V6A1as0Riw2', '-OaF0Sp0pgZKkfQXuyK8', '-OaT0cTic_9BfOLzp2mv', 'General Task', '-OaHdsmqBOMH8PjjyVdp', 'Nexistry Digital Solutions', 'nexistry', '2025-11-04 21:48:03', '2025-11-05 01:20:42', 12759, 0, 0, NULL, '2025-11-04 21:48:03', '2025-11-05 01:20:42'),
('-Odi8fnm8d359oCvZ_Nv', 'rPYKipBcdXUhEd3qpdjEzjNw70m2', '-OaF0Sp0pgZKkfQXuyK8', '-Ob8Ye2czaiPdf0BGXPT', 'instagram daily task', '-Oab9e6-B6FqEVVh5K49', 'Harri Ducker', 'Daily task', '2025-11-10 03:40:00', '2025-11-10 05:44:00', 7440, 0, 1, NULL, '2025-11-10 06:23:42', '2025-11-10 06:25:04'),
('-OdIDQxAtR6mmsfPueN4', 'NftSf9kvaEMwvrlEyWKo1QCDshU2', '-OaF0Sp0pgZKkfQXuyK8', '-OaT0cTic_9BfOLzp2mv', 'General Task', '-OaHdsmqBOMH8PjjyVdp', 'Nexistry Digital Solutions', 'nexiflow new updates/features + zak\'s system configuration', '2025-11-05 00:54:44', '2025-11-05 05:40:13', 17129, 0, 0, NULL, '2025-11-05 00:54:44', '2025-11-05 05:40:13'),
('-OdIloqO56-h5limksvh', 'rPYKipBcdXUhEd3qpdjEzjNw70m2', '-OaF0Sp0pgZKkfQXuyK8', '-Ob8Ye2czaiPdf0BGXPT', 'instagram daily task', '-Oab9e6-B6FqEVVh5K49', 'Harri Ducker', 'daily task', '2025-11-05 02:29:00', '2025-11-05 04:34:00', 7500, 0, 1, NULL, '2025-11-05 03:29:20', '2025-11-05 04:47:28'),
('-OdkC5GquHhaBMSls1fO', 'UzY6A27FBYSJbDkjy9suM4aEdZ02', '-OaF0Sp0pgZKkfQXuyK8', '-OaT0cTic_9BfOLzp2mv', 'General Task', '-OaHdsmqBOMH8PjjyVdp', 'Nexistry Digital Solutions', 'delete coded chatwidget and config settings to use native voice ai for nexistry\'s website config nikki nexistry conversation ai for social media responses', '2025-11-10 15:57:53', '2025-11-10 20:10:20', 15146, 0, 0, NULL, '2025-11-10 15:57:53', '2025-11-10 20:10:20'),
('-OdkCN0iWjEHPSi-7mth', '7CFx1LWWNLZUsyoOeGizUsWaUkz1', '-OaF0Sp0pgZKkfQXuyK8', '-OaIjBREBZXCHIRDF2xE', 'Social Media Posting', '-OaHdsmqBOMH8PjjyVdp', 'Nexistry Digital Solutions', 'Brochure Pricing plan  * Edit Services', '2025-11-10 23:59:00', '2025-11-11 04:02:00', 14580, 0, 1, NULL, '2025-11-10 15:59:05', '2025-11-13 16:50:11'),
('-OdkCp3kC6dGYLMK2p-W', 'dYMNyLpVH6XmDVMJk8QQMvj8NWX2', '-OaF0Sp0pgZKkfQXuyK8', '-OdHd_uiwV32EZIKq7fv', 'Heygen video', '-OaF_rhnBqSPRApXlxhz', 'Meaghan Bird', '- Created 4 new HeyGen comparison videos to showcase the distinction between the free and paid plan features. - Compiled a list of capabilities/features available when subscribing to a HeyGen plan.', '2025-11-10 16:01:06', '2025-11-10 18:09:16', 7690, 0, 1, NULL, '2025-11-10 16:01:06', '2025-11-10 18:09:16'),
('-OdkCuBsyVJ_-X1LlsO9', 'gSb0eR1DWTTW4uzY2V6A1as0Riw2', '-OaF0Sp0pgZKkfQXuyK8', '-OaT0cTic_9BfOLzp2mv', 'General Task', '-OaHdsmqBOMH8PjjyVdp', 'Nexistry Digital Solutions', 'nexistry', '2025-11-10 16:01:25', '2025-11-10 17:05:22', 3836, 0, 0, NULL, '2025-11-10 16:01:25', '2025-11-10 17:05:22'),
('-OdkdN919XKfINwQGJRr', 'gSb0eR1DWTTW4uzY2V6A1as0Riw2', '-OaF0Sp0pgZKkfQXuyK8', '-Oc2qVsaJikeJV-ZqTe4', 'Weekly Meeting', '-OaF_B5nlnRS_ZWFuesL', 'Dr. Billy William', 'meeting with Dr Billy', '2025-11-10 18:01:26', '2025-11-10 18:49:06', 2860, 0, 1, NULL, '2025-11-10 18:01:26', '2025-11-10 18:54:11'),
('-OdkDZmZziGy1Gto7PYE', 'ZFaIkP4hL3VaGNFYXzlNxrXHZOj1', '-OaF0Sp0pgZKkfQXuyK8', '-OaSAH5HYkbn4_wC8Vt8', 'Deligation of Task', '-OaHdsmqBOMH8PjjyVdp', 'Nexistry Digital Solutions', 'Delegation of Task', '2025-11-10 16:04:20', '2025-11-10 16:37:16', 1975, 0, 0, NULL, '2025-11-10 16:04:20', '2025-11-10 16:37:16'),
('-OdkF7PFa3uCvgKoPmdm', 'IqfD9WycDNYq0K0nL7zoJwQvA323', '-OaF0Sp0pgZKkfQXuyK8', '-OaT0cTic_9BfOLzp2mv', 'General Task', '-OaHdsmqBOMH8PjjyVdp', 'Nexistry Digital Solutions', 'Calling US prospect, Gathering additional prospect from US and Philippines, Getting ready for the script for call in the Philippines prospect later, Called GHL for help in Prospect Sub-account connecting', '2025-11-10 16:11:09', '2025-11-10 20:11:34', 14424, 0, 0, NULL, '2025-11-10 16:11:09', '2025-11-10 20:11:34'),
('-Odkf9gYpGrNvC_68ghj', 'dYMNyLpVH6XmDVMJk8QQMvj8NWX2', '-OaF0Sp0pgZKkfQXuyK8', '-OaT0cTic_9BfOLzp2mv', 'General Task', '-OaHdsmqBOMH8PjjyVdp', 'Nexistry Digital Solutions', '* Created 13 designs/pieces of content for the sales team members to use when posting about The Ultimate Lead Nurture contents.* * Finalized additions to the video introduction for Nexistry Digital Solutions. *  * Discussion for new landing page - Nexistry Core.', '2025-11-10 18:09:16', '2025-11-11 00:18:33', 22156, 0, 0, NULL, '2025-11-10 18:09:16', '2025-11-11 00:18:33'),
('-OdkG9wcDRkWq6oKye-x', '9gcUwwHP9vRYPW2tUKso2eAscdw1', '-OaF0Sp0pgZKkfQXuyK8', '-Oc9TPmCg_IvnLBEBqKZ', 'Website', '-OaF_i7zD_3pxQlBlXcK', 'Damien Tugwell', 'Product Posting (undone), 20 pages remaining.', '2025-11-10 16:15:40', '2025-11-10 20:15:55', 14415, 0, 1, NULL, '2025-11-10 16:15:40', '2025-11-10 20:15:55'),
('-OdkL6a-RsxZSnD5-yRx', 'ZFaIkP4hL3VaGNFYXzlNxrXHZOj1', '-OaF0Sp0pgZKkfQXuyK8', '-OaJ3VQkP7LaViJAr_1N', 'Automation', '-OaF_PI3x-J9swtbjdzY', 'Rebecca Davis', 'Update and finalizing Automation', '2025-11-10 16:37:18', '2025-11-11 00:34:44', 28646, 0, 0, NULL, '2025-11-10 16:37:18', '2025-11-11 00:34:44'),
('-OdkoHi0u8Zny7pkPAEN', 'gSb0eR1DWTTW4uzY2V6A1as0Riw2', '-OaF0Sp0pgZKkfQXuyK8', '-OaT0cTic_9BfOLzp2mv', 'General Task', '-OaHdsmqBOMH8PjjyVdp', 'Nexistry Digital Solutions', 'nexistry', '2025-11-10 18:49:07', '2025-11-10 22:29:56', 13248, 0, 0, NULL, '2025-11-10 18:49:07', '2025-11-10 22:29:56'),
('-OdkRY1kQadoQfD1EB1h', 'gSb0eR1DWTTW4uzY2V6A1as0Riw2', '-OaF0Sp0pgZKkfQXuyK8', '-OaT0cTic_9BfOLzp2mv', 'General Task', '-OaHdsmqBOMH8PjjyVdp', 'Nexistry Digital Solutions', 'nexistry', '2025-11-10 17:05:22', '2025-11-10 17:09:53', 270, 0, 0, NULL, '2025-11-10 17:05:22', '2025-11-10 17:09:53'),
('-OdkS_APPwfuv6BJgl6I', 'gSb0eR1DWTTW4uzY2V6A1as0Riw2', '-OaF0Sp0pgZKkfQXuyK8', '-OaT0cTic_9BfOLzp2mv', 'General Task', '-OaHdsmqBOMH8PjjyVdp', 'Nexistry Digital Solutions', 'nexistry', '2025-11-10 17:09:53', '2025-11-10 18:01:25', 3091, 0, 0, NULL, '2025-11-10 17:09:53', '2025-11-10 18:01:25'),
('-OdkyYYZsVS_yrh2Rt9E', 'NftSf9kvaEMwvrlEyWKo1QCDshU2', '-OaF0Sp0pgZKkfQXuyK8', '-OaT0cTic_9BfOLzp2mv', 'General Task', '-OaHdsmqBOMH8PjjyVdp', 'Nexistry Digital Solutions', 'nexitry products/core', '2025-11-10 19:33:00', '2025-11-10 16:09:00', 16560, 0, 0, NULL, '2025-11-10 19:33:57', '2025-11-14 11:06:00'),
('-OdLd66itSe8k3uCRgZg', '9gcUwwHP9vRYPW2tUKso2eAscdw1', '-OaF0Sp0pgZKkfQXuyK8', '-Oc9TPmCg_IvnLBEBqKZ', 'Website', '-OaF_i7zD_3pxQlBlXcK', 'Damien Tugwell', 'Products posting', '2025-11-05 16:50:09', '2025-11-05 20:03:08', 11578, 0, 1, NULL, '2025-11-05 16:50:09', '2025-11-05 20:03:08'),
('-Odlhg6FZpT3YR0IYHtd', 'gSb0eR1DWTTW4uzY2V6A1as0Riw2', '-OaF0Sp0pgZKkfQXuyK8', '-OaT0cTic_9BfOLzp2mv', 'General Task', '-OaHdsmqBOMH8PjjyVdp', 'Nexistry Digital Solutions', 'nexistry', '2025-11-10 22:59:53', '2025-11-11 00:54:56', 6902, 0, 0, NULL, '2025-11-10 22:59:53', '2025-11-11 00:54:56'),
('-OdlHSIvavasn0Ktze2F', '9gcUwwHP9vRYPW2tUKso2eAscdw1', '-OaF0Sp0pgZKkfQXuyK8', '-Oc9TPmCg_IvnLBEBqKZ', 'Website', '-OaF_i7zD_3pxQlBlXcK', 'Damien Tugwell', 'Product Posting', '2025-11-10 21:00:54', '2025-11-11 01:00:57', 14402, 0, 1, NULL, '2025-11-10 21:00:54', '2025-11-11 01:00:57'),
('-OdlLLpt2h37rvTwFIEJ', 'IqfD9WycDNYq0K0nL7zoJwQvA323', '-OaF0Sp0pgZKkfQXuyK8', '-OaT0cTic_9BfOLzp2mv', 'General Task', '-OaHdsmqBOMH8PjjyVdp', 'Nexistry Digital Solutions', 'called Philippines prospect, Find more prospect to call for tomorrow, Generate and compiled Messages to leads', '2025-11-10 21:17:58', '2025-11-11 01:23:08', 14709, 0, 0, NULL, '2025-11-10 21:17:58', '2025-11-11 01:23:08'),
('-OdLR-DSr-rEuePyEhHx', 'NftSf9kvaEMwvrlEyWKo1QCDshU2', '-OaF0Sp0pgZKkfQXuyK8', '-Oc9TPmCg_IvnLBEBqKZ', 'Website', '-OaF_i7zD_3pxQlBlXcK', 'Damien Tugwell', 'working on product links with parameters in website (not yet finished)', '2025-11-05 15:52:52', '2025-11-06 01:06:01', 33188, 0, 0, NULL, '2025-11-05 15:52:52', '2025-11-06 01:06:01'),
('-OdLSgBF9__bCYh1xrIo', 'gSb0eR1DWTTW4uzY2V6A1as0Riw2', '-OaF0Sp0pgZKkfQXuyK8', '-OaT0cTic_9BfOLzp2mv', 'General Task', '-OaHdsmqBOMH8PjjyVdp', 'Nexistry Digital Solutions', 'nexistry', '2025-11-05 16:00:15', '2025-11-05 20:26:08', 15953, 0, 0, NULL, '2025-11-05 16:00:15', '2025-11-05 20:26:08'),
('-OdLSjpfPPII4ZvHrM1X', '7CFx1LWWNLZUsyoOeGizUsWaUkz1', '-OaF0Sp0pgZKkfQXuyK8', '-Od6mHOx3QY0dQOlr7xZ', 'Data Super Center CRM', '-OaF_B5nlnRS_ZWFuesL', 'Dr. Billy William', '* Screenshot steps on how to create funnel * Created loom video  for funnel guide steps and download it * Import loom file to change the voice to AI', '2025-11-05 16:00:30', '2025-11-05 20:03:27', 14577, 0, 0, NULL, '2025-11-05 16:00:30', '2025-11-05 20:03:27'),
('-OdLSwIDNwJ15ua0ItCm', 'UzY6A27FBYSJbDkjy9suM4aEdZ02', '-OaF0Sp0pgZKkfQXuyK8', '-Od6mHOx3QY0dQOlr7xZ', 'Data Super Center CRM', '-OaF_B5nlnRS_ZWFuesL', 'Dr. Billy William', 'create/edit video instruction for: calendar automation tag', '2025-11-05 16:01:22', '2025-11-05 20:09:02', 14859, 0, 1, NULL, '2025-11-05 16:01:22', '2025-11-05 20:09:02'),
('-OdLTnKxtnwnRw4QWkE-', 'ZFaIkP4hL3VaGNFYXzlNxrXHZOj1', '-OaF0Sp0pgZKkfQXuyK8', '-OaSAH5HYkbn4_wC8Vt8', 'Deligation of Task', '-OaHdsmqBOMH8PjjyVdp', 'Nexistry Digital Solutions', 'Delegation of task', '2025-11-05 16:04:56', '2025-11-05 16:16:38', 701, 0, 0, NULL, '2025-11-05 16:04:56', '2025-11-05 16:16:38'),
('-OdLTo5ptklmNTLdQ2v3', 'IqfD9WycDNYq0K0nL7zoJwQvA323', '-OaF0Sp0pgZKkfQXuyK8', '-OaOD6ZsGBB1RKHX5Mo2', 'Conversational AI', '-OaF__7hf_r5hVgOlOfP', 'Cynthia Scott', 'Worked on internal and external notification and capturing details from Voice AI, Contacted customer support for assistance in A2P. Fixed the form in Contact Us page for campaign re-submission', '2025-11-05 16:05:10', '2025-11-05 19:43:56', 13126, 0, 1, NULL, '2025-11-05 16:05:10', '2025-11-05 19:43:56'),
('-OdLT_qeozEojU6spvlC', '9gcUwwHP9vRYPW2tUKso2eAscdw1', '-OaF0Sp0pgZKkfQXuyK8', '-OaT0cTic_9BfOLzp2mv', 'General Task', '-OaHdsmqBOMH8PjjyVdp', 'Nexistry Digital Solutions', 'Knowledge Base', '2025-11-05 16:04:11', '2025-11-05 16:12:04', 473, 0, 1, NULL, '2025-11-05 16:04:11', '2025-11-05 16:12:04'),
('-OdLVnMsvAP5xWhLOWGG', 'dYMNyLpVH6XmDVMJk8QQMvj8NWX2', '-OaF0Sp0pgZKkfQXuyK8', '-OdHd_uiwV32EZIKq7fv', 'Heygen video', '-OaF_rhnBqSPRApXlxhz', 'Meaghan Bird', 'Continue editing and revising the video about peptides. For today, created three (3) new scripts and turn them into HeyGen videos based on the provided TikTok videos, but the video limits to 30 seconds duration only to accommodate the free plan of HeyGen.', '2025-11-05 16:13:50', '2025-11-05 19:24:37', 11446, 0, 1, NULL, '2025-11-05 16:13:50', '2025-11-05 19:33:20'),
('-OdLWTtc5QwOYf0ZzltY', 'ZFaIkP4hL3VaGNFYXzlNxrXHZOj1', '-OaF0Sp0pgZKkfQXuyK8', '-OaIvZdcisZxyig1R8On', 'Newsletter', '-OaF_PI3x-J9swtbjdzY', 'Rebecca Davis', 'Create version 2 of news Letter events then update the first and second versions of 4 page newsletter  as well as the event newsletter', '2025-11-05 16:16:39', '2025-11-06 00:16:16', 28776, 0, 0, NULL, '2025-11-05 16:16:39', '2025-11-06 00:16:16'),
('-Odm4E-ADNoLM4c7cBd3', 'ZFaIkP4hL3VaGNFYXzlNxrXHZOj1', '-OaF0Sp0pgZKkfQXuyK8', '-OaJ3VQkP7LaViJAr_1N', 'Automation', '-OaF_PI3x-J9swtbjdzY', 'Rebecca Davis', 'Continuation of workflow with prince help', '2025-11-11 00:42:45', '2025-11-11 01:19:05', 2179, 0, 0, NULL, '2025-11-11 00:42:45', '2025-11-11 01:19:05'),
('-Odm8zQMSQaHgiXZ9-Y7', '9gcUwwHP9vRYPW2tUKso2eAscdw1', '-OaF0Sp0pgZKkfQXuyK8', '-Oc9TPmCg_IvnLBEBqKZ', 'Website', '-OaF_i7zD_3pxQlBlXcK', 'Damien Tugwell', 'Product Posting', '2025-11-11 01:03:31', '2025-11-11 02:24:40', 4869, 0, 1, NULL, '2025-11-11 01:03:31', '2025-11-11 02:24:40'),
('-OdMaYRa8sEJMPW5iOY4', 'IqfD9WycDNYq0K0nL7zoJwQvA323', '-OaF0Sp0pgZKkfQXuyK8', '-OaT0cTic_9BfOLzp2mv', 'General Task', '-OaHdsmqBOMH8PjjyVdp', 'Nexistry Digital Solutions', 'Create reels. Review Newsletters for Rebecca. EOD', '2025-11-05 21:18:36', '2025-11-06 01:04:51', 13574, 0, 0, NULL, '2025-11-05 21:18:36', '2025-11-06 01:04:51'),
('-OdMBT2SJA_GwVcBvaFQ', 'dYMNyLpVH6XmDVMJk8QQMvj8NWX2', '-OaF0Sp0pgZKkfQXuyK8', '-Oc9TPmCg_IvnLBEBqKZ', 'Website', '-OaF_i7zD_3pxQlBlXcK', 'Damien Tugwell', 'popup for missy website - pop up that encourages people to fill out to keep in touch with Missy Rivers and what’s on at the Townsville spiritual centre', '2025-11-05 19:24:37', '2025-11-05 21:13:20', 6522, 0, 0, NULL, '2025-11-05 19:24:37', '2025-11-05 21:13:20'),
('-OdMqvHrNK0anOFOxQ1s', 'gSb0eR1DWTTW4uzY2V6A1as0Riw2', '-OaF0Sp0pgZKkfQXuyK8', '-OaT0cTic_9BfOLzp2mv', 'General Task', '-OaHdsmqBOMH8PjjyVdp', 'Nexistry Digital Solutions', 'nexistry', '2025-11-05 22:30:07', '2025-11-06 01:38:23', 11296, 0, 0, NULL, '2025-11-05 22:30:07', '2025-11-06 01:38:23'),
('-OdMU2do_P-qxAhuMWkl', 'gSb0eR1DWTTW4uzY2V6A1as0Riw2', '-OaF0Sp0pgZKkfQXuyK8', '-OaT0cTic_9BfOLzp2mv', 'General Task', '-OaHdsmqBOMH8PjjyVdp', 'Nexistry Digital Solutions', 'nexistry', '2025-11-05 20:45:50', '2025-11-05 21:56:14', 4224, 0, 0, NULL, '2025-11-05 20:45:50', '2025-11-05 21:56:14'),
('-OdM_TsPJ1L5N4Nw6-VR', 'dYMNyLpVH6XmDVMJk8QQMvj8NWX2', '-OaF0Sp0pgZKkfQXuyK8', '-OaT0cTic_9BfOLzp2mv', 'General Task', '-OaHdsmqBOMH8PjjyVdp', 'Nexistry Digital Solutions', 'Continue editing the video introduction. Have already included some clips where Nicole is speaking on screen, as well as added some animation and graphics to enhance the video.', '2025-11-05 21:13:54', '2025-11-06 00:42:05', 12490, 0, 0, NULL, '2025-11-05 21:13:54', '2025-11-06 00:42:05'),
('-OdNPbaxh8tf852hd3Hk', 'NftSf9kvaEMwvrlEyWKo1QCDshU2', '-OaF0Sp0pgZKkfQXuyK8', '-Oc0-NZcR-JmSiJWPY00', 'Client Meeting', '-OaHdsmqBOMH8PjjyVdp', 'Nexistry Digital Solutions', 'zak\'s make configuration and nexiflow updates', '2025-11-06 01:06:03', '2025-11-06 06:09:36', 18212, 0, 0, NULL, '2025-11-06 01:06:03', '2025-11-06 06:09:36'),
('-OdOAmNZxqXPr9NAghVk', '9gcUwwHP9vRYPW2tUKso2eAscdw1', '-OaF0Sp0pgZKkfQXuyK8', '-Oc9TPmCg_IvnLBEBqKZ', 'Website', '-OaF_i7zD_3pxQlBlXcK', 'Damien Tugwell', 'Product Posting', '2025-11-06 04:40:54', '2025-11-06 04:51:29', 634, 0, 1, NULL, '2025-11-06 04:40:54', '2025-11-07 00:57:41'),
('-Odpb1N7KgY7iU5WppkB', 'NftSf9kvaEMwvrlEyWKo1QCDshU2', '-OaF0Sp0pgZKkfQXuyK8', '-OaJ3VQkP7LaViJAr_1N', 'Automation', '-OaF_PI3x-J9swtbjdzY', 'Rebecca Davis', 'documents and updates', '2025-11-10 09:09:00', '2025-11-10 10:42:00', 5580, 0, 1, NULL, '2025-11-11 17:09:19', '2025-11-14 05:01:39'),
('-OdpFD2dV2lQ81MVgX1d', 'IqfD9WycDNYq0K0nL7zoJwQvA323', '-OaF0Sp0pgZKkfQXuyK8', '-OaT0cTic_9BfOLzp2mv', 'General Task', '-OaHdsmqBOMH8PjjyVdp', 'Nexistry Digital Solutions', 'Prospect calling, Finding prospect, fixing discord, updated roles and managed the sales team informations', '2025-11-11 15:29:38', '2025-11-11 20:35:42', 18363, 0, 0, NULL, '2025-11-11 15:29:38', '2025-11-11 20:35:42'),
('-Odpfu32ySr6k-w3lbsE', 'gSb0eR1DWTTW4uzY2V6A1as0Riw2', '-OaF0Sp0pgZKkfQXuyK8', '-Odpk0T62dzFX7R88dxw', 'checklist', '-OaF_B5nlnRS_ZWFuesL', 'Dr. Billy William', 'create checklist for coopers insurance', '2025-11-11 17:30:35', '2025-11-11 17:49:03', 1107, 0, 1, NULL, '2025-11-11 17:30:35', '2025-11-11 23:38:45'),
('-Odpk7uSYodpqg4GLRFq', 'gSb0eR1DWTTW4uzY2V6A1as0Riw2', '-OaF0Sp0pgZKkfQXuyK8', '-OaT0cTic_9BfOLzp2mv', 'General Task', '-OaHdsmqBOMH8PjjyVdp', 'Nexistry Digital Solutions', 'nexistry', '2025-11-11 17:49:04', '2025-11-11 21:58:07', 14942, 0, 0, NULL, '2025-11-11 17:49:04', '2025-11-11 21:58:07'),
('-OdpLzYXs1YMb1ll0hId', '7CFx1LWWNLZUsyoOeGizUsWaUkz1', '-OaF0Sp0pgZKkfQXuyK8', '-OaIjBREBZXCHIRDF2xE', 'Social Media Posting', '-OaHdsmqBOMH8PjjyVdp', 'Nexistry Digital Solutions', 'social media posting', '2025-11-11 23:59:00', '2025-11-12 04:39:00', 16800, 0, 1, NULL, '2025-11-11 15:59:12', '2025-11-13 16:53:37'),
('-OdpM3cEHpIjXlv8gHLf', 'gSb0eR1DWTTW4uzY2V6A1as0Riw2', '-OaF0Sp0pgZKkfQXuyK8', '-OaT0cTic_9BfOLzp2mv', 'General Task', '-OaHdsmqBOMH8PjjyVdp', 'Nexistry Digital Solutions', 'Nexistry', '2025-11-11 15:59:33', '2025-11-11 17:30:35', 5461, 0, 0, NULL, '2025-11-11 15:59:33', '2025-11-11 17:30:35'),
('-OdpMbyVMpXSMkKl3vKH', 'dYMNyLpVH6XmDVMJk8QQMvj8NWX2', '-OaF0Sp0pgZKkfQXuyK8', '-OaT0cTic_9BfOLzp2mv', 'General Task', '-OaHdsmqBOMH8PjjyVdp', 'Nexistry Digital Solutions', 'Landing Page for Nexistry Core', '2025-11-11 16:01:58', '2025-11-11 22:06:35', 21877, 0, 0, NULL, '2025-11-11 16:01:58', '2025-11-11 22:06:35'),
('-OdpMCpnm-7oJ7PrhkR7', 'UzY6A27FBYSJbDkjy9suM4aEdZ02', '-OaF0Sp0pgZKkfQXuyK8', '-Od6mHOx3QY0dQOlr7xZ', 'Data Super Center CRM', '-OaF_B5nlnRS_ZWFuesL', 'Dr. Billy William', '- create sub account for Zhara Bella Co. DBA Zhara Bella Pro Artistry - load snapshots in the sub account - create voice ai', '2025-11-11 16:00:11', '2025-11-11 20:01:19', 14468, 0, 1, NULL, '2025-11-11 16:00:11', '2025-11-11 20:01:19'),
('-OdpMi2kr89HxONRDG07', 'ZFaIkP4hL3VaGNFYXzlNxrXHZOj1', '-OaF0Sp0pgZKkfQXuyK8', '-OaSAH5HYkbn4_wC8Vt8', 'Deligation of Task', '-OaHdsmqBOMH8PjjyVdp', 'Nexistry Digital Solutions', 'Delegation of task', '2025-11-11 16:02:23', '2025-11-11 16:43:05', 2441, 0, 0, NULL, '2025-11-11 16:02:23', '2025-11-11 16:43:05'),
('-OdpO7RWMIxRbXquMGuu', 'NftSf9kvaEMwvrlEyWKo1QCDshU2', '-OaF0Sp0pgZKkfQXuyK8', '-OaT0cTic_9BfOLzp2mv', 'General Task', '-OaHdsmqBOMH8PjjyVdp', 'Nexistry Digital Solutions', 'meeting', '2025-11-10 08:08:00', '2025-11-10 09:09:00', 3660, 0, 0, NULL, '2025-11-11 16:08:33', '2025-11-14 05:01:30'),
('-OdpRUIsWfT3xHjlQHlR', '9gcUwwHP9vRYPW2tUKso2eAscdw1', '-OaF0Sp0pgZKkfQXuyK8', '-OaT0cTic_9BfOLzp2mv', 'General Task', '-OaHdsmqBOMH8PjjyVdp', 'Nexistry Digital Solutions', 'Knowledge Base Creation', '2025-11-11 16:23:12', '2025-11-11 20:38:26', 15314, 0, 1, NULL, '2025-11-11 16:23:12', '2025-11-11 20:38:26'),
('-OdpW1QxLJ4-j7e66lMI', 'ZFaIkP4hL3VaGNFYXzlNxrXHZOj1', '-OaF0Sp0pgZKkfQXuyK8', '-OaIvkJXHJFIemvsBT2o', 'Landing Page', '-OaF_PI3x-J9swtbjdzY', 'Rebecca Davis', 'Create Blog Post on Wordpress', '2025-11-11 16:43:06', '2025-11-12 00:14:52', 27106, 0, 0, NULL, '2025-11-11 16:43:06', '2025-11-12 00:14:52'),
('-OdpwQv8RS1TZbB0GqfM', 'NftSf9kvaEMwvrlEyWKo1QCDshU2', '-OaF0Sp0pgZKkfQXuyK8', '-Oc9TPmCg_IvnLBEBqKZ', 'Website', '-OaF_i7zD_3pxQlBlXcK', 'Damien Tugwell', 'voice ai', '2025-11-10 18:42:00', '2025-11-10 15:32:00', 17432, 0, 0, NULL, '2025-11-11 18:42:48', '2025-11-14 11:06:19'),
('-OdQaaKdAybk5iiGGVgQ', 'NftSf9kvaEMwvrlEyWKo1QCDshU2', '-OaF0Sp0pgZKkfQXuyK8', '-OaT0cTic_9BfOLzp2mv', 'General Task', '-OaHdsmqBOMH8PjjyVdp', 'Nexistry Digital Solutions', 'nexistry core sales and conversational ai', '2025-11-06 15:57:15', '2025-11-06 17:53:13', 6957, 0, 0, NULL, '2025-11-06 15:57:15', '2025-11-06 17:53:13'),
('-Odqaa_Q18F9aXrh5IFq', 'IqfD9WycDNYq0K0nL7zoJwQvA323', '-OaF0Sp0pgZKkfQXuyK8', '-OaT0cTic_9BfOLzp2mv', 'General Task', '-OaHdsmqBOMH8PjjyVdp', 'Nexistry Digital Solutions', 'Sent links and messages to dc', '2025-11-11 21:47:03', '2025-11-11 21:57:23', 620, 0, 0, NULL, '2025-11-11 21:47:03', '2025-11-11 21:57:23'),
('-OdQaucA92Bi7u3UyClE', '7CFx1LWWNLZUsyoOeGizUsWaUkz1', '-OaF0Sp0pgZKkfQXuyK8', '-Od6mHOx3QY0dQOlr7xZ', 'Data Super Center CRM', '-OaF_B5nlnRS_ZWFuesL', 'Dr. Billy William', 'Create snapshots with vid clip loom import to capcut and edit', '2025-11-06 15:58:00', '2025-11-06 20:02:00', 14640, 0, 1, NULL, '2025-11-06 15:58:39', '2025-11-13 16:51:15'),
('-OdQawQPTgQTkAn2Vz_H', 'UzY6A27FBYSJbDkjy9suM4aEdZ02', '-OaF0Sp0pgZKkfQXuyK8', '-Od6mHOx3QY0dQOlr7xZ', 'Data Super Center CRM', '-OaF_B5nlnRS_ZWFuesL', 'Dr. Billy William', '- Create video instruction for custom value', '2025-11-06 15:58:46', '2025-11-06 20:01:05', 14539, 0, 1, NULL, '2025-11-06 15:58:46', '2025-11-06 20:01:05'),
('-OdQayh5iQgBRag8tQuG', 'gSb0eR1DWTTW4uzY2V6A1as0Riw2', '-OaF0Sp0pgZKkfQXuyK8', '-OaT0cTic_9BfOLzp2mv', 'General Task', '-OaHdsmqBOMH8PjjyVdp', 'Nexistry Digital Solutions', 'nexistry', '2025-11-06 15:58:55', '2025-11-06 21:55:18', 21382, 0, 0, NULL, '2025-11-06 15:58:55', '2025-11-06 21:55:18'),
('-OdQbOrSIESpOqEZ-6FC', 'ZFaIkP4hL3VaGNFYXzlNxrXHZOj1', '-OaF0Sp0pgZKkfQXuyK8', '-OaSAH5HYkbn4_wC8Vt8', 'Deligation of Task', '-OaHdsmqBOMH8PjjyVdp', 'Nexistry Digital Solutions', 'Delegation of Task', '2025-11-06 16:00:37', '2025-11-06 16:14:04', 806, 0, 0, NULL, '2025-11-06 16:00:37', '2025-11-06 16:14:04'),
('-OdqcyJ-vsbCb0F9r-Hh', 'IqfD9WycDNYq0K0nL7zoJwQvA323', '-OaF0Sp0pgZKkfQXuyK8', '-OdqCfCmtLkOzFOzrc5x', 'Allure Tax Proz Videos for ADS ', '-OdqBpOfDnkjs0n8HOsb', 'Queen Kyna Jones', 'Created 1 video and intro and outro', '2025-11-11 21:57:24', '2025-11-12 00:03:06', 7541, 0, 0, NULL, '2025-11-11 21:57:24', '2025-11-12 00:03:06');
INSERT INTO `time_entries` (`id`, `user_id`, `company_id`, `project_id`, `project_name`, `client_id`, `client_name`, `description`, `start_time`, `end_time`, `duration`, `is_running`, `is_billable`, `tags`, `created_at`, `updated_at`) VALUES
('-OdQd9qKQoAMXhI2J81c', 'IqfD9WycDNYq0K0nL7zoJwQvA323', '-OaF0Sp0pgZKkfQXuyK8', '-OaT0cTic_9BfOLzp2mv', 'General Task', '-OaHdsmqBOMH8PjjyVdp', 'Nexistry Digital Solutions', 'Uploaded LGS Captured leads. Cleaned up duplicates. Finding Prospect Clients', '2025-11-06 16:08:29', '2025-11-06 20:20:26', 15116, 0, 0, NULL, '2025-11-06 16:08:29', '2025-11-06 20:20:26'),
('-OdQegn7HmgPx8tfrMsH', '9gcUwwHP9vRYPW2tUKso2eAscdw1', '-OaF0Sp0pgZKkfQXuyK8', '-Oc9TPmCg_IvnLBEBqKZ', 'Website', '-OaF_i7zD_3pxQlBlXcK', 'Damien Tugwell', 'Product Posting', '2025-11-06 16:15:11', '2025-11-07 00:57:47', 31356, 0, 1, NULL, '2025-11-06 16:15:11', '2025-11-07 00:57:47'),
('-OdQeU0IRCUzsyi_rKU9', 'ZFaIkP4hL3VaGNFYXzlNxrXHZOj1', '-OaF0Sp0pgZKkfQXuyK8', '-OaIvcxkKmxNcutRyzCt', 'Reels', '-OaF_PI3x-J9swtbjdzY', 'Rebecca Davis', 'Create reels for December', '2025-11-06 16:14:05', '2025-11-07 00:23:43', 29378, 0, 0, NULL, '2025-11-06 16:14:05', '2025-11-07 00:23:43'),
('-OdqKjLl3oQI7v8PxXEH', 'NftSf9kvaEMwvrlEyWKo1QCDshU2', '-OaF0Sp0pgZKkfQXuyK8', '-OaT0cTic_9BfOLzp2mv', 'General Task', '-OaHdsmqBOMH8PjjyVdp', 'Nexistry Digital Solutions', 'website', '2025-11-10 12:33:00', '2025-11-10 18:38:00', 21900, 0, 0, NULL, '2025-11-11 20:33:21', '2025-11-14 05:02:02'),
('-OdQkY_NwtLYZR_MIhDW', 'dYMNyLpVH6XmDVMJk8QQMvj8NWX2', '-OaF0Sp0pgZKkfQXuyK8', '-OaT0cTic_9BfOLzp2mv', 'General Task', '-OaHdsmqBOMH8PjjyVdp', 'Nexistry Digital Solutions', '- Done with creating new video introduction for Nexistry Digital Solutions. - Also provided a new script for the reels contents.', '2025-11-06 16:40:48', '2025-11-06 23:05:48', 23100, 0, 0, NULL, '2025-11-06 16:40:48', '2025-11-06 23:05:48'),
('-OdqRHRgjlgY4BZjaGIZ', '9gcUwwHP9vRYPW2tUKso2eAscdw1', '-OaF0Sp0pgZKkfQXuyK8', '-OaT0cTic_9BfOLzp2mv', 'General Task', '-OaHdsmqBOMH8PjjyVdp', 'Nexistry Digital Solutions', 'Knowledge Base Creation', '2025-11-11 21:01:57', '2025-11-11 23:42:03', 9606, 0, 1, NULL, '2025-11-11 21:01:57', '2025-11-11 23:42:03'),
('-OdqsHCUnq-RtiY1MSiR', 'gSb0eR1DWTTW4uzY2V6A1as0Riw2', '-OaF0Sp0pgZKkfQXuyK8', '-Odr--zL86rYzHcfLLvC', 'record a video', '-OaF_B5nlnRS_ZWFuesL', 'Dr. Billy William', 'record a video on how to import contacts', '2025-11-11 23:04:17', '2025-11-11 23:38:35', 2057, 0, 1, NULL, '2025-11-11 23:04:17', '2025-11-11 23:38:41'),
('-Odr-7kXEPO-77p0SAmp', 'gSb0eR1DWTTW4uzY2V6A1as0Riw2', '-OaF0Sp0pgZKkfQXuyK8', '-OaT0cTic_9BfOLzp2mv', 'General Task', '-OaHdsmqBOMH8PjjyVdp', 'Nexistry Digital Solutions', 'nexistry', '2025-11-11 23:38:35', '2025-11-12 01:14:47', 5771, 0, 0, NULL, '2025-11-11 23:38:35', '2025-11-12 01:14:47'),
('-OdR08N8xyF6DkJsIo26', 'NftSf9kvaEMwvrlEyWKo1QCDshU2', '-OaF0Sp0pgZKkfQXuyK8', '-Oc9TPmCg_IvnLBEBqKZ', 'Website', '-OaF_i7zD_3pxQlBlXcK', 'Damien Tugwell', 'products in website', '2025-11-06 17:53:15', '2025-11-07 00:47:38', 24863, 0, 0, NULL, '2025-11-06 17:53:15', '2025-11-07 00:47:38'),
('-Odr22b7VtS41Dtep8kE', '9gcUwwHP9vRYPW2tUKso2eAscdw1', '-OaF0Sp0pgZKkfQXuyK8', '-OaT0cTic_9BfOLzp2mv', 'General Task', '-OaHdsmqBOMH8PjjyVdp', 'Nexistry Digital Solutions', 'Knowledge Base Creation', '2025-11-11 23:51:20', '2025-11-12 02:16:09', 8689, 0, 1, NULL, '2025-11-11 23:51:20', '2025-11-12 02:16:09'),
('-Odr4ldv2YAprb1xl1Ih', 'IqfD9WycDNYq0K0nL7zoJwQvA323', '-OaF0Sp0pgZKkfQXuyK8', '-OdqCfCmtLkOzFOzrc5x', 'Allure Tax Proz Videos for ADS ', '-OdqBpOfDnkjs0n8HOsb', 'Queen Kyna Jones', 'Revising the Video', '2025-11-12 00:03:13', '2025-11-12 01:10:12', 4019, 0, 1, NULL, '2025-11-12 00:03:13', '2025-11-12 01:10:12'),
('-OdrdO0NEisSU0ZA1AX8', 'NftSf9kvaEMwvrlEyWKo1QCDshU2', '-OaF0Sp0pgZKkfQXuyK8', '-OaT0cTic_9BfOLzp2mv', 'General Task', '-OaHdsmqBOMH8PjjyVdp', 'Nexistry Digital Solutions', 'zak\'s make and nexistry core fixes', '2025-11-11 10:38:00', '2025-11-11 15:21:00', 45780, 0, 0, NULL, '2025-11-12 02:38:50', '2025-11-14 11:07:31'),
('-OdrDyVBNNNc5BoIrnE8', 'dYMNyLpVH6XmDVMJk8QQMvj8NWX2', '-OaF0Sp0pgZKkfQXuyK8', '-OaT0cTic_9BfOLzp2mv', 'General Task', '-OaHdsmqBOMH8PjjyVdp', 'Nexistry Digital Solutions', 'Landing Page for Nexistry Core', '2025-11-12 00:43:25', '2025-11-12 03:16:29', 9183, 0, 0, NULL, '2025-11-12 00:43:25', '2025-11-12 03:16:29'),
('-OdrvmipDatnPUAIxyW0', '9gcUwwHP9vRYPW2tUKso2eAscdw1', '-OaF0Sp0pgZKkfQXuyK8', '-OaT0cTic_9BfOLzp2mv', 'General Task', '-OaHdsmqBOMH8PjjyVdp', 'Nexistry Digital Solutions', 'Knowledge Base Creation', '2025-11-12 03:59:13', '2025-11-12 04:46:26', 2833, 0, 1, NULL, '2025-11-12 03:59:13', '2025-11-12 04:46:26'),
('-Ods4X8shkytCyIFrn0Z', 'rPYKipBcdXUhEd3qpdjEzjNw70m2', '-OaF0Sp0pgZKkfQXuyK8', '-Ob8Ye2czaiPdf0BGXPT', 'instagram daily task', '-Oab9e6-B6FqEVVh5K49', 'Harri Ducker', 'Daily task', '2025-11-11 05:06:00', '2025-11-11 07:10:00', 7440, 0, 1, NULL, '2025-11-12 04:41:44', '2025-11-12 04:45:10'),
('-Ods5LH_-XCQC0tGAsNt', 'rPYKipBcdXUhEd3qpdjEzjNw70m2', '-OaF0Sp0pgZKkfQXuyK8', '-Ob8Ye2czaiPdf0BGXPT', 'instagram daily task', '-Oab9e6-B6FqEVVh5K49', 'Harri Ducker', 'daily task', '2025-11-12 03:45:00', '2025-11-12 05:51:00', 7560, 0, 1, NULL, '2025-11-12 04:45:18', '2025-11-12 04:47:04'),
('-OdS7fm7Qo1_3m0i_5k3', 'dYMNyLpVH6XmDVMJk8QQMvj8NWX2', '-OaF0Sp0pgZKkfQXuyK8', '-OdHd_uiwV32EZIKq7fv', 'Heygen video', '-OaF_rhnBqSPRApXlxhz', 'Meaghan Bird', 'Temporarily continued editing the video being created from HeyGen, adding other clips and other necessary elements to complete one whole edited video. Assuming the current HeyGen videos being checked are approved.', '2025-11-06 23:05:49', '2025-11-07 01:32:15', 8785, 0, 1, NULL, '2025-11-06 23:05:49', '2025-11-07 01:32:15'),
('-OdSaYwODHxmAw7kVciZ', '9gcUwwHP9vRYPW2tUKso2eAscdw1', '-OaF0Sp0pgZKkfQXuyK8', '-Oc9TPmCg_IvnLBEBqKZ', 'Website', '-OaF_i7zD_3pxQlBlXcK', 'Damien Tugwell', 'Product Posting in Product List Page', '2025-11-07 01:16:20', '2025-11-07 04:31:00', 11679, 0, 1, NULL, '2025-11-07 01:16:20', '2025-11-07 04:31:00'),
('-OdSET3mrlELursT1nYp', 'gSb0eR1DWTTW4uzY2V6A1as0Riw2', '-OaF0Sp0pgZKkfQXuyK8', '-OaT0cTic_9BfOLzp2mv', 'General Task', '-OaHdsmqBOMH8PjjyVdp', 'Nexistry Digital Solutions', 'nexistry', '2025-11-06 23:35:27', '2025-11-07 01:40:02', 7475, 0, 0, NULL, '2025-11-06 23:35:27', '2025-11-10 21:24:27'),
('-OdsmbwK_-TgTS5X1bdM', '9gcUwwHP9vRYPW2tUKso2eAscdw1', '-OaF0Sp0pgZKkfQXuyK8', '-OaT0cTic_9BfOLzp2mv', 'General Task', '-OaHdsmqBOMH8PjjyVdp', 'Nexistry Digital Solutions', 'Knowledge Base Creation', '2025-11-12 07:58:48', '2025-11-12 08:51:50', 3182, 0, 1, NULL, '2025-11-12 07:58:48', '2025-11-12 08:51:50'),
('-OdSTM3fKHVNFx5bB68u', 'rPYKipBcdXUhEd3qpdjEzjNw70m2', '-OaF0Sp0pgZKkfQXuyK8', '-Ob8Ye2czaiPdf0BGXPT', 'instagram daily task', '-Oab9e6-B6FqEVVh5K49', 'Harri Ducker', 'daily task', '2025-11-06 23:40:00', '2025-11-07 01:43:00', 7380, 0, 1, NULL, '2025-11-07 00:40:31', '2025-11-07 00:52:17'),
('-OdSVWRhFziYid5rE6dv', 'NftSf9kvaEMwvrlEyWKo1QCDshU2', '-OaF0Sp0pgZKkfQXuyK8', '-OaT0cTic_9BfOLzp2mv', 'General Task', '-OaHdsmqBOMH8PjjyVdp', 'Nexistry Digital Solutions', 'added currency feature', '2025-11-06 16:49:00', '2025-11-06 14:51:00', 21745, 0, 0, NULL, '2025-11-07 00:49:57', '2025-11-13 23:03:30'),
('-Oduc3RlvlsvAu_3oI6Y', 'IqfD9WycDNYq0K0nL7zoJwQvA323', '-OaF0Sp0pgZKkfQXuyK8', '-OdqCfCmtLkOzFOzrc5x', 'Allure Tax Proz Videos for ADS ', '-OdqBpOfDnkjs0n8HOsb', 'Queen Kyna Jones', 'Revising the 1st video voice', '2025-11-12 16:31:56', '2025-11-12 17:03:32', 1895, 0, 1, NULL, '2025-11-12 16:31:56', '2025-11-12 17:03:32'),
('-Oduf4GQzF4UiVZFQIS5', 'dYMNyLpVH6XmDVMJk8QQMvj8NWX2', '-OaF0Sp0pgZKkfQXuyK8', '-OaT0cTic_9BfOLzp2mv', 'General Task', '-OaHdsmqBOMH8PjjyVdp', 'Nexistry Digital Solutions', '- Landing Page for Nexistry Core (Website and Functions) - https://nexistrycore.nexistrydigitalsolutions.com/home - Calendars for Nexistry Core - Nexistry Core Demo Calendar - https://nexistrycore.nexistrydigitalsolutions.com/nexistry-core-demo-calendar - Nexistry Core Onboarding Calendar - https://nexistrycore.nexistrydigitalsolutions.com/nexistry-core-onboarding-calendar - Nexistry Core Consultation Calendar - https://nexistrycore.nexistrydigitalsolutions.com/nexistry-core-ai-consultation-calendar - Nexistry Core AI Plan Standalone Calendar - https://nexistrycore.nexistrydigitalsolutions.com/nexistry-core-ai-plan-standalone-calendar', '2025-11-12 16:45:04', '2025-11-13 01:00:01', 29696, 0, 0, NULL, '2025-11-12 16:45:04', '2025-11-13 01:00:01'),
('-OduHKqgCDK_JzPQNjeF', 'gSb0eR1DWTTW4uzY2V6A1as0Riw2', '-OaF0Sp0pgZKkfQXuyK8', '-OaT0cTic_9BfOLzp2mv', 'General Task', '-OaHdsmqBOMH8PjjyVdp', 'Nexistry Digital Solutions', 'nexistry', '2025-11-12 14:56:59', '2025-11-12 15:24:15', 1635, 0, 0, NULL, '2025-11-12 14:56:59', '2025-11-12 15:24:15'),
('-OdujIPyvmOnX0cu5lJR', 'IqfD9WycDNYq0K0nL7zoJwQvA323', '-OaF0Sp0pgZKkfQXuyK8', '-OaT0cTic_9BfOLzp2mv', 'General Task', '-OaHdsmqBOMH8PjjyVdp', 'Nexistry Digital Solutions', 'Prospect finding and messaging, Configuring ChatGPT for Allure, Checking Nexistry lead gen prospects', '2025-11-12 17:03:32', '2025-11-12 19:23:40', 8407, 0, 0, NULL, '2025-11-12 17:03:32', '2025-11-12 19:23:40'),
('-OduSMxoNoUWk4vr5exP', 'NftSf9kvaEMwvrlEyWKo1QCDshU2', '-OaF0Sp0pgZKkfQXuyK8', '-Oc9TPmCg_IvnLBEBqKZ', 'Website', '-OaF_i7zD_3pxQlBlXcK', 'Damien Tugwell', 'Heal with joan website', '2025-11-12 15:45:11', '2025-11-12 20:01:08', 15357, 0, 0, NULL, '2025-11-12 15:45:11', '2025-11-12 20:01:08'),
('-OduVZFZNpHB7wIz_YWs', '7CFx1LWWNLZUsyoOeGizUsWaUkz1', '-OaF0Sp0pgZKkfQXuyK8', '-OaIjBREBZXCHIRDF2xE', 'Social Media Posting', '-OaHdsmqBOMH8PjjyVdp', 'Nexistry Digital Solutions', 'https://www.canva.com/design/DAGjprwFGv8/yVDPm1XlrUaKAxeC8anKWg/edit?utm_content=DAGjprwFGv8&utm_campaign=designshare&utm_medium=link2&utm_source=sharebutton', '2025-11-12 15:59:09', '2025-11-12 20:04:59', 14749, 0, 1, NULL, '2025-11-12 15:59:09', '2025-11-12 20:04:59'),
('-OduW8EHnbBTcLutmQhT', 'ZFaIkP4hL3VaGNFYXzlNxrXHZOj1', '-OaF0Sp0pgZKkfQXuyK8', '-OaSAH5HYkbn4_wC8Vt8', 'Deligation of Task', '-OaHdsmqBOMH8PjjyVdp', 'Nexistry Digital Solutions', 'Delegation of task', '2025-11-12 16:01:40', '2025-11-12 16:08:57', 436, 0, 0, NULL, '2025-11-12 16:01:40', '2025-11-12 16:08:57'),
('-OduWjSjQKBbRUW3okxA', 'UzY6A27FBYSJbDkjy9suM4aEdZ02', '-OaF0Sp0pgZKkfQXuyK8', '-Od6mHOx3QY0dQOlr7xZ', 'Data Super Center CRM', '-OaF_B5nlnRS_ZWFuesL', 'Dr. Billy William', 'recreate chatbot w/ book testing - success recreate voice ai - not yet tested create new default calendar for booking that used in chatbot replaced the chatbot and calendar in snapshot replace chatbot and calendar in bella\'s sub account reconfig bella\'s chatbot', '2025-11-12 16:04:16', '2025-11-12 20:05:11', 14455, 0, 1, NULL, '2025-11-12 16:04:16', '2025-11-12 20:05:11'),
('-OduXo3iCpY4VD0x_dD6', 'ZFaIkP4hL3VaGNFYXzlNxrXHZOj1', '-OaF0Sp0pgZKkfQXuyK8', '-OaIvkJXHJFIemvsBT2o', 'Landing Page', '-OaF_PI3x-J9swtbjdzY', 'Rebecca Davis', 'Create Blog Post', '2025-11-12 16:08:58', '2025-11-13 00:16:02', 29223, 0, 0, NULL, '2025-11-12 16:08:58', '2025-11-13 00:16:02'),
('-OduZ0-EU6mPcSit6l1u', '9gcUwwHP9vRYPW2tUKso2eAscdw1', '-OaF0Sp0pgZKkfQXuyK8', '-OaT0cTic_9BfOLzp2mv', 'General Task', '-OaHdsmqBOMH8PjjyVdp', 'Nexistry Digital Solutions', 'Job Boards Website Creation', '2025-11-12 16:14:12', '2025-11-13 00:15:45', 28892, 0, 1, NULL, '2025-11-12 16:14:12', '2025-11-13 00:15:45'),
('-Odvci-r5SwUa04sU_2I', 'IqfD9WycDNYq0K0nL7zoJwQvA323', '-OaF0Sp0pgZKkfQXuyK8', '-Oc0-NZcR-JmSiJWPY00', 'Client Meeting', '-OaHdsmqBOMH8PjjyVdp', 'Nexistry Digital Solutions', 'Meeting with Kyna, Cleaning social medias, removing duplicates, created a choices of voice for kyna', '2025-11-12 21:14:23', '2025-11-13 01:28:14', 15230, 0, 0, NULL, '2025-11-12 21:14:23', '2025-11-13 01:28:14'),
('-OdvMxWe4T8B_BccIopz', 'NftSf9kvaEMwvrlEyWKo1QCDshU2', '-OaF0Sp0pgZKkfQXuyK8', '-OaT0cTic_9BfOLzp2mv', 'General Task', '-OaHdsmqBOMH8PjjyVdp', 'Nexistry Digital Solutions', 'nexicore', '2025-11-12 20:01:09', '2025-11-13 03:52:24', 28275, 0, 0, NULL, '2025-11-12 20:01:09', '2025-11-13 03:52:24'),
('-OdvVZC7JwDipWBmoIea', 'IqfD9WycDNYq0K0nL7zoJwQvA323', '-OaF0Sp0pgZKkfQXuyK8', '-OaT0cTic_9BfOLzp2mv', 'General Task', '-OaHdsmqBOMH8PjjyVdp', 'Nexistry Digital Solutions', 'compiling leads given by lgs, verify and removed duplicates and upload it on Nexistry core', '2025-11-12 20:38:46', '2025-11-12 21:07:33', 1726, 0, 0, NULL, '2025-11-12 20:38:46', '2025-11-12 21:07:33'),
('-OdWRTdtMbY7gJ6qqVlG', 'NftSf9kvaEMwvrlEyWKo1QCDshU2', '-OaF0Sp0pgZKkfQXuyK8', '-OaT0cTic_9BfOLzp2mv', 'General Task', '-OaHdsmqBOMH8PjjyVdp', 'Nexistry Digital Solutions', 'fixes', '2025-11-07 19:10:47', '2025-11-08 08:42:55', 48727, 0, 0, NULL, '2025-11-07 19:10:47', '2025-11-08 08:42:55'),
('-Odx2os8WqWUuldERFGi', 'NftSf9kvaEMwvrlEyWKo1QCDshU2', '-OaF0Sp0pgZKkfQXuyK8', '-OaT0cTic_9BfOLzp2mv', 'General Task', '-OaHdsmqBOMH8PjjyVdp', 'Nexistry Digital Solutions', 'zak\'s make and nexicore', '2025-11-13 03:52:25', '2025-11-13 07:32:44', 13219, 0, 0, NULL, '2025-11-13 03:52:25', '2025-11-13 07:32:44'),
('-Odxf_tBYCsnKzzsk2ht', 'rPYKipBcdXUhEd3qpdjEzjNw70m2', '-OaF0Sp0pgZKkfQXuyK8', '-Ob8Ye2czaiPdf0BGXPT', 'instagram daily task', '-Oab9e6-B6FqEVVh5K49', 'Harri Ducker', 'Daily task', '2025-11-13 04:46:00', '2025-11-13 06:52:00', 7560, 0, 1, NULL, '2025-11-13 06:46:09', '2025-11-13 06:47:36'),
('-OdxYQF5OlgKgjXVUXet', '9gcUwwHP9vRYPW2tUKso2eAscdw1', '-OaF0Sp0pgZKkfQXuyK8', '-OaT0cTic_9BfOLzp2mv', 'General Task', '-OaHdsmqBOMH8PjjyVdp', 'Nexistry Digital Solutions', 'Website for HR', '2025-11-13 06:10:28', '2025-11-13 06:56:45', 2776, 0, 1, NULL, '2025-11-13 06:10:28', '2025-11-13 06:56:45'),
('-Ody9dkxKkVDwo9UbOTC', '9gcUwwHP9vRYPW2tUKso2eAscdw1', '-OaF0Sp0pgZKkfQXuyK8', '-OaT0cTic_9BfOLzp2mv', 'General Task', '-OaHdsmqBOMH8PjjyVdp', 'Nexistry Digital Solutions', 'HR website', '2025-11-13 09:01:51', '2025-11-13 09:12:51', 659, 0, 1, NULL, '2025-11-13 09:01:51', '2025-11-13 09:12:51'),
('-OdzdtHfVrDP1ZT219q6', '7CFx1LWWNLZUsyoOeGizUsWaUkz1', '-OaF0Sp0pgZKkfQXuyK8', '-Oc9pDvqkkSp9a9aimf-', 'Landing page for Webinar', '-OaF_B5nlnRS_ZWFuesL', 'Dr. Billy William', 'Cooper - Form EPLI', '2025-11-13 15:58:00', '2025-11-13 16:57:17', 3557, 0, 1, NULL, '2025-11-13 15:58:00', '2025-11-13 16:57:17'),
('-Odzeq2G3cu7Ry5eoMPW', 'UzY6A27FBYSJbDkjy9suM4aEdZ02', '-OaF0Sp0pgZKkfQXuyK8', '-Od6mHOx3QY0dQOlr7xZ', 'Data Super Center CRM', '-OaF_B5nlnRS_ZWFuesL', 'Dr. Billy William', 'create voice ai testing voice ai booking - successful create snapshot load snapshot in belle\'s sub-account config voice ai in belle\'s account New DSC Welcome letter not yet done', '2025-11-13 16:02:08', '2025-11-13 20:21:05', 15536, 0, 1, NULL, '2025-11-13 16:02:08', '2025-11-13 20:21:05'),
('-OdzevIGIA-Iz1FH9L6H', 'ZFaIkP4hL3VaGNFYXzlNxrXHZOj1', '-OaF0Sp0pgZKkfQXuyK8', '-OaSAH5HYkbn4_wC8Vt8', 'Deligation of Task', '-OaHdsmqBOMH8PjjyVdp', 'Nexistry Digital Solutions', 'Delegation of task', '2025-11-13 16:02:30', '2025-11-13 16:08:28', 358, 0, 0, NULL, '2025-11-13 16:02:30', '2025-11-13 16:08:28'),
('-OdzfTtsSYBzFOzKAXj8', 'NftSf9kvaEMwvrlEyWKo1QCDshU2', '-OaF0Sp0pgZKkfQXuyK8', '-OaT0cTic_9BfOLzp2mv', 'General Task', '-OaHdsmqBOMH8PjjyVdp', 'Nexistry Digital Solutions', 'nexistry core', '2025-11-13 16:04:56', '2025-11-14 01:26:21', 33685, 0, 0, NULL, '2025-11-13 16:04:56', '2025-11-14 01:26:21'),
('-OdzgI2U6fxI3wQ7vDJK', 'ZFaIkP4hL3VaGNFYXzlNxrXHZOj1', '-OaF0Sp0pgZKkfQXuyK8', '-OaIvkJXHJFIemvsBT2o', 'Landing Page', '-OaF_PI3x-J9swtbjdzY', 'Rebecca Davis', 'create 1 blog for The Powerful Connection Between Exercise and Mental Health and transfer 5 blog in wordpress', '2025-11-13 16:08:29', '2025-11-14 00:23:32', 29702, 0, 0, NULL, '2025-11-13 16:08:29', '2025-11-14 00:23:32'),
('-Odzhwu92-cZj7p1Z_G0', 'dYMNyLpVH6XmDVMJk8QQMvj8NWX2', '-OaF0Sp0pgZKkfQXuyK8', '-OdHd_uiwV32EZIKq7fv', 'Heygen video', '-OaF_rhnBqSPRApXlxhz', 'Meaghan Bird', '- Compile the video links to create scripts from each peptide they discussed. - Revised the very first video that was created. - Created four (4) new HeyGen videos using four different AI models and four different peptide scripts to help determine which voices and models are best to use as main avatar.', '2025-11-13 16:15:43', '2025-11-13 19:46:34', 12650, 0, 1, NULL, '2025-11-13 16:15:43', '2025-11-13 19:46:38'),
('-OdziMf81Y2MexDx3HO1', 'IqfD9WycDNYq0K0nL7zoJwQvA323', '-OaF0Sp0pgZKkfQXuyK8', '-OdzyGGxQJmC6BXhnvLS', 'Landing Page', '-OaF__7hf_r5hVgOlOfP', 'Cynthia Scott', 'Meeting with Cynthia, Analyzing, breaking down thing needed to be done', '2025-11-13 16:17:33', '2025-11-13 17:27:53', 4220, 0, 1, NULL, '2025-11-13 16:17:33', '2025-11-13 17:27:53'),
('-OdzlGZrloq8wD_et97R', 'gSb0eR1DWTTW4uzY2V6A1as0Riw2', '-OaF0Sp0pgZKkfQXuyK8', '-OaT0cTic_9BfOLzp2mv', 'General Task', '-OaHdsmqBOMH8PjjyVdp', 'Nexistry Digital Solutions', 'nexistry', '2025-11-13 16:30:14', '2025-11-13 20:43:15', 15180, 0, 0, NULL, '2025-11-13 16:30:14', '2025-11-13 20:43:15'),
('-OdzpM-h-Vxu4V8KP1VJ', '9gcUwwHP9vRYPW2tUKso2eAscdw1', '-OaF0Sp0pgZKkfQXuyK8', '-OaT0cTic_9BfOLzp2mv', 'General Task', '-OaHdsmqBOMH8PjjyVdp', 'Nexistry Digital Solutions', 'HR Website', '2025-11-13 16:48:05', '2025-11-13 17:45:44', 3458, 0, 1, NULL, '2025-11-13 16:48:05', '2025-11-13 17:45:44'),
('-OdzrtbvBESLrPY3nFj6', '7CFx1LWWNLZUsyoOeGizUsWaUkz1', '-OaF0Sp0pgZKkfQXuyK8', '-Oe-2ylbgKzrJtZyMJqU', 'create form', '-OaF_B5nlnRS_ZWFuesL', 'Dr. Billy William', 'Cooper | * Create Form EPLI in survey form  * Create custom fields * Create Funnel Form Page', '2025-11-13 16:59:11', '2025-11-13 20:18:09', 11938, 0, 1, NULL, '2025-11-13 16:59:11', '2025-11-13 20:18:09'),
('-OdzrV3XaiMMHkUa3MNB', '7CFx1LWWNLZUsyoOeGizUsWaUkz1', '-OaF0Sp0pgZKkfQXuyK8', '-Oc9pDvqkkSp9a9aimf-', 'Landing page for Webinar', '-OaF_B5nlnRS_ZWFuesL', 'Dr. Billy William', 'Cooper - Form EPLI', '2025-11-12 08:57:00', '2025-11-12 09:28:00', 1860, 0, 1, NULL, '2025-11-13 16:57:26', '2025-11-13 17:02:26'),
('-OdzyTDTOOoMD-MfaFHR', 'IqfD9WycDNYq0K0nL7zoJwQvA323', '-OaF0Sp0pgZKkfQXuyK8', '-OdqCfCmtLkOzFOzrc5x', 'Allure Tax Proz Videos for ADS ', '-OdqBpOfDnkjs0n8HOsb', 'Queen Kyna Jones', 'Worked on with the second video and have created a choice for Voice AI', '2025-11-13 17:27:54', '2025-11-13 19:16:11', 6496, 0, 1, NULL, '2025-11-13 17:27:54', '2025-11-13 19:16:11'),
('-Oe-1wTgCyN18QanwHvc', '9gcUwwHP9vRYPW2tUKso2eAscdw1', '-OaF0Sp0pgZKkfQXuyK8', '-OdzyGGxQJmC6BXhnvLS', 'Landing Page', '-OaF__7hf_r5hVgOlOfP', 'Cynthia Scott', 'Landing Page Creation', '2025-11-13 17:47:27', '2025-11-13 20:08:53', 8486, 0, 1, NULL, '2025-11-13 17:47:27', '2025-11-13 20:08:53'),
('-Oe-fB6mdLZoaBn0jcqw', 'gSb0eR1DWTTW4uzY2V6A1as0Riw2', '-OaF0Sp0pgZKkfQXuyK8', '-Oe-2ylbgKzrJtZyMJqU', 'create form', '-OaF_B5nlnRS_ZWFuesL', 'Dr. Billy William', 'update funnel and import contacts', '2025-11-13 20:43:16', '2025-11-13 21:56:24', 4387, 0, 0, NULL, '2025-11-13 20:43:16', '2025-11-13 21:56:24'),
('-Oe-i7DqlOoJAQ1E-zBc', '9gcUwwHP9vRYPW2tUKso2eAscdw1', '-OaF0Sp0pgZKkfQXuyK8', '-OdzyGGxQJmC6BXhnvLS', 'Landing Page', '-OaF__7hf_r5hVgOlOfP', 'Cynthia Scott', 'landing page', '2025-11-13 20:56:07', '2025-11-13 22:56:33', 7226, 0, 1, NULL, '2025-11-13 20:56:07', '2025-11-17 00:44:10'),
('-Oe-OcgjjMJxJqVwPFmE', 'IqfD9WycDNYq0K0nL7zoJwQvA323', '-OaF0Sp0pgZKkfQXuyK8', '-OdzyGGxQJmC6BXhnvLS', 'Landing Page', '-OaF__7hf_r5hVgOlOfP', 'Cynthia Scott', 'Compiled all the information given, all poses, background and outfits', '2025-11-13 19:26:35', '2025-11-13 19:54:46', 1690, 0, 1, NULL, '2025-11-13 19:26:35', '2025-11-13 19:54:46'),
('-Oe-rjwM5XYvVpsoZ3i0', 'IqfD9WycDNYq0K0nL7zoJwQvA323', '-OaF0Sp0pgZKkfQXuyK8', '-OdqCfCmtLkOzFOzrc5x', 'Allure Tax Proz Videos for ADS ', '-OdqBpOfDnkjs0n8HOsb', 'Queen Kyna Jones', '3rd video', '2025-11-13 21:38:09', '2025-11-13 22:11:20', 1990, 0, 1, NULL, '2025-11-13 21:38:09', '2025-11-13 22:11:20'),
('-Oe-sLrxCgQeLvxFUfRz', 'dYMNyLpVH6XmDVMJk8QQMvj8NWX2', '-OaF0Sp0pgZKkfQXuyK8', '-OdHd_uiwV32EZIKq7fv', 'Heygen video', '-OaF_rhnBqSPRApXlxhz', 'Meaghan Bird', '- Created scripts that are similar to the video link references provided/sent.', '2025-11-13 21:40:48', '2025-11-13 23:11:38', 5450, 0, 1, NULL, '2025-11-13 21:40:48', '2025-11-13 23:11:38'),
('-Oe-TCgzMjVt8-KvbZFs', 'dYMNyLpVH6XmDVMJk8QQMvj8NWX2', '-OaF0Sp0pgZKkfQXuyK8', '-OaT0cTic_9BfOLzp2mv', 'General Task', '-OaHdsmqBOMH8PjjyVdp', 'Nexistry Digital Solutions', 'Created new social media post content for the Sales Team regarding to the Ultimate Roadmap context.', '2025-11-13 19:46:35', '2025-11-13 21:40:47', 6852, 0, 0, NULL, '2025-11-13 19:46:35', '2025-11-13 21:40:47'),
('-Oe-vvf4QvhOApsMyLiT', 'gSb0eR1DWTTW4uzY2V6A1as0Riw2', '-OaF0Sp0pgZKkfQXuyK8', '-OaT0cTic_9BfOLzp2mv', 'General Task', '-OaHdsmqBOMH8PjjyVdp', 'Nexistry Digital Solutions', 'nexistry', '2025-11-13 21:56:24', '2025-11-14 00:49:49', 10404, 0, 0, NULL, '2025-11-13 21:56:24', '2025-11-14 00:49:49'),
('-Oe-XQ88DYvaZC0xA4jn', 'IqfD9WycDNYq0K0nL7zoJwQvA323', '-OaF0Sp0pgZKkfQXuyK8', '-OdqCfCmtLkOzFOzrc5x', 'Allure Tax Proz Videos for ADS ', '-OdqBpOfDnkjs0n8HOsb', 'Queen Kyna Jones', 'Video for ADS', '2025-11-13 20:04:59', '2025-11-13 20:20:38', 938, 0, 1, NULL, '2025-11-13 20:04:59', '2025-11-13 20:20:38'),
('-Oe-zLBY_LBx5TSs6e0i', 'IqfD9WycDNYq0K0nL7zoJwQvA323', '-OaF0Sp0pgZKkfQXuyK8', '-Oc0-NZcR-JmSiJWPY00', 'Client Meeting', '-OaHdsmqBOMH8PjjyVdp', 'Nexistry Digital Solutions', 'Weekly Meeting', '2025-11-13 22:11:21', '2025-11-13 23:14:22', 3780, 0, 0, NULL, '2025-11-13 22:11:21', '2025-11-13 23:14:22'),
('-Oe0C8YgNAbYrp5OcvTJ', 'dYMNyLpVH6XmDVMJk8QQMvj8NWX2', '-OaF0Sp0pgZKkfQXuyK8', '-OaT0cTic_9BfOLzp2mv', 'General Task', '-OaHdsmqBOMH8PjjyVdp', 'Nexistry Digital Solutions', '- Created new social media post content for the Sales Team regarding to the Ultimate Roadmap context.', '2025-11-13 23:11:39', '2025-11-14 01:06:48', 6909, 0, 0, NULL, '2025-11-13 23:11:39', '2025-11-14 01:06:48'),
('-Oe0D6zSBBTMhMSqmJWm', '9gcUwwHP9vRYPW2tUKso2eAscdw1', '-OaF0Sp0pgZKkfQXuyK8', '-OaT0cTic_9BfOLzp2mv', 'General Task', '-OaHdsmqBOMH8PjjyVdp', 'Nexistry Digital Solutions', 'Website creation', '2025-11-13 23:15:55', '2025-11-14 03:04:22', 13707, 0, 1, NULL, '2025-11-13 23:15:55', '2025-11-14 03:04:22'),
('-Oe0FBE6smGq8MN2ZowZ', 'IqfD9WycDNYq0K0nL7zoJwQvA323', '-OaF0Sp0pgZKkfQXuyK8', '-OdqCfCmtLkOzFOzrc5x', 'Allure Tax Proz Videos for ADS ', '-OdqBpOfDnkjs0n8HOsb', 'Queen Kyna Jones', 'VOICE OVER CHOICES, CHANGED VIDEO BUT STILL WAITING FOR VOICE CONFIRMATION', '2025-11-13 23:24:57', '2025-11-14 00:36:45', 4308, 0, 0, NULL, '2025-11-13 23:24:57', '2025-11-14 00:36:45'),
('-Oe0fzB9DjprbgNHByC4', 'NftSf9kvaEMwvrlEyWKo1QCDshU2', '-OaF0Sp0pgZKkfQXuyK8', '-OaT0cTic_9BfOLzp2mv', 'General Task', '-OaHdsmqBOMH8PjjyVdp', 'Nexistry Digital Solutions', 'zak\'s make and nexistry core', '2025-11-14 09:26:00', '2025-11-14 13:01:00', 41700, 0, 0, NULL, '2025-11-14 01:26:22', '2025-11-21 00:58:00'),
('-Oe0WIx83vJmWYh1j8S0', 'IqfD9WycDNYq0K0nL7zoJwQvA323', '-OaF0Sp0pgZKkfQXuyK8', '-OdqCfCmtLkOzFOzrc5x', 'Allure Tax Proz Videos for ADS ', '-OdqBpOfDnkjs0n8HOsb', 'Queen Kyna Jones', 'Revising the voice for 1 adjusting the video accordingly to the voice phase. and working out on 2 revision', '2025-11-14 00:39:45', '2025-11-14 02:25:13', 6328, 0, 1, NULL, '2025-11-14 00:39:45', '2025-11-14 02:25:13'),
('-Oe3bShtw_mXbcrCK-7_', 'rPYKipBcdXUhEd3qpdjEzjNw70m2', '-OaF0Sp0pgZKkfQXuyK8', '-Ob8Ye2czaiPdf0BGXPT', 'instagram daily task', '-Oab9e6-B6FqEVVh5K49', 'Harri Ducker', 'daily task', '2025-11-14 05:53:00', '2025-11-14 07:55:00', 7320, 0, 1, NULL, '2025-11-14 15:05:28', '2025-11-14 15:07:57'),
('-Oe4buBG6YSIIpM5WD7k', 'NftSf9kvaEMwvrlEyWKo1QCDshU2', '-OaF0Sp0pgZKkfQXuyK8', '-OaT0cTic_9BfOLzp2mv', 'General Task', '-OaHdsmqBOMH8PjjyVdp', 'Nexistry Digital Solutions', 'make finalization', '2025-11-14 03:47:00', '2025-11-14 07:17:00', 41423, 0, 0, NULL, '2025-11-14 19:47:02', '2025-11-21 00:57:38'),
('-Oea21_dtc7F4N7sdSZP', 'IqfD9WycDNYq0K0nL7zoJwQvA323', '-OaF0Sp0pgZKkfQXuyK8', '-OaT0cTic_9BfOLzp2mv', 'General Task', '-OaHdsmqBOMH8PjjyVdp', 'Nexistry Digital Solutions', 'testing voice AI (Nicole, Nathalia)', '2025-11-21 02:53:26', '2025-11-21 03:03:40', 614, 0, 0, NULL, '2025-11-21 02:53:26', '2025-11-21 03:03:40'),
('-OeaBJLVXStuISeozD5u', 'IqfD9WycDNYq0K0nL7zoJwQvA323', '-OaF0Sp0pgZKkfQXuyK8', '-OaT0cTic_9BfOLzp2mv', 'General Task', '-OaHdsmqBOMH8PjjyVdp', 'Nexistry Digital Solutions', 'Voice AI testing', '2025-11-21 03:33:58', '2025-11-21 03:48:42', 883, 0, 0, NULL, '2025-11-21 03:33:58', '2025-11-21 03:48:42'),
('-OeaGL4JHDR-Wn5uGK55', '9gcUwwHP9vRYPW2tUKso2eAscdw1', '-OaF0Sp0pgZKkfQXuyK8', '-OaT0cTic_9BfOLzp2mv', 'General Task', '-OaHdsmqBOMH8PjjyVdp', 'Nexistry Digital Solutions', 'AI agents', '2025-11-21 03:55:54', '2025-11-21 06:21:46', 8752, 0, 1, NULL, '2025-11-21 03:55:54', '2025-11-21 06:21:46'),
('-OeailyV5d5-p88wboBf', 'rPYKipBcdXUhEd3qpdjEzjNw70m2', '-OaF0Sp0pgZKkfQXuyK8', '-Ob8Ye2czaiPdf0BGXPT', 'instagram daily task', '-Oab9e6-B6FqEVVh5K49', 'Harri Ducker', 'daily task', '2025-11-21 05:08:00', '2025-11-21 07:09:00', 7260, 0, 1, NULL, '2025-11-21 06:04:32', '2025-11-21 06:05:52'),
('-OeaWvp5Y_lKK_-CXu2Y', 'gSb0eR1DWTTW4uzY2V6A1as0Riw2', '-OaF0Sp0pgZKkfQXuyK8', '-Oeaat3-rC4DGpDMsG6p', 'update website', '-OaFaDjHg8LBQ9IcU8au', 'Roel Carandang', 'resize angi logo', '2025-11-21 05:08:24', '2025-11-21 05:30:23', 1318, 0, 1, NULL, '2025-11-21 05:08:24', '2025-11-23 19:18:41'),
('-OeaZI81ch9NyLk11qUf', 'IqfD9WycDNYq0K0nL7zoJwQvA323', '-OaF0Sp0pgZKkfQXuyK8', '-OaT0cTic_9BfOLzp2mv', 'General Task', '-OaHdsmqBOMH8PjjyVdp', 'Nexistry Digital Solutions', 'Testing Voice AI', '2025-11-21 05:18:44', '2025-11-21 05:40:06', 1282, 0, 0, NULL, '2025-11-21 05:18:44', '2025-11-21 05:40:06'),
('-OeE3TM8PNGvqjtF9CXs', 'NftSf9kvaEMwvrlEyWKo1QCDshU2', '-OaF0Sp0pgZKkfQXuyK8', '-OaT0cTic_9BfOLzp2mv', 'General Task', '-OaHdsmqBOMH8PjjyVdp', 'Nexistry Digital Solutions', 'nexistry core', '2025-11-16 15:48:24', '2025-11-16 20:28:01', 16777, 0, 0, NULL, '2025-11-16 15:48:24', '2025-11-16 20:28:01'),
('-OeE5htipAeMamqd-A7B', '7CFx1LWWNLZUsyoOeGizUsWaUkz1', '-OaF0Sp0pgZKkfQXuyK8', '-Oc9plZouQmrgmCs0udx', 'Graphics / Thumbnail', '-OaF_B5nlnRS_ZWFuesL', 'Dr. Billy William', 'Billy - SAAS Pricing Plan', '2025-11-16 15:58:16', '2025-11-16 19:36:44', 13108, 0, 1, NULL, '2025-11-16 15:58:16', '2025-11-16 19:36:44'),
('-OeE67jcUHU9J-0VbemA', 'UzY6A27FBYSJbDkjy9suM4aEdZ02', '-OaF0Sp0pgZKkfQXuyK8', '-Od6mHOx3QY0dQOlr7xZ', 'Data Super Center CRM', '-OaF_B5nlnRS_ZWFuesL', 'Dr. Billy William', 'create DSC Welcome letter Video prep for email series and video', '2025-11-16 16:00:04', '2025-11-16 20:16:53', 15409, 0, 1, NULL, '2025-11-16 16:00:04', '2025-11-16 20:16:53'),
('-OeE6cEQaTKL9D8JF1Dn', 'gSb0eR1DWTTW4uzY2V6A1as0Riw2', '-OaF0Sp0pgZKkfQXuyK8', '-OaT0cTic_9BfOLzp2mv', 'General Task', '-OaHdsmqBOMH8PjjyVdp', 'Nexistry Digital Solutions', 'nexistry', '2025-11-16 16:02:12', '2025-11-16 18:26:31', 8659, 0, 0, NULL, '2025-11-16 16:02:12', '2025-11-16 18:26:31'),
('-OeE6GFBD6rEv_xKXskS', 'ZFaIkP4hL3VaGNFYXzlNxrXHZOj1', '-OaF0Sp0pgZKkfQXuyK8', '-OaSAH5HYkbn4_wC8Vt8', 'Deligation of Task', '-OaHdsmqBOMH8PjjyVdp', 'Nexistry Digital Solutions', 'Delegation of Task', '2025-11-16 16:00:38', '2025-11-16 16:12:15', 697, 0, 0, NULL, '2025-11-16 16:00:38', '2025-11-16 16:12:15'),
('-OeE7_x4OPc0AXZTie5H', 'IqfD9WycDNYq0K0nL7zoJwQvA323', '-OaF0Sp0pgZKkfQXuyK8', '-OaIjBREBZXCHIRDF2xE', 'Social Media Posting', '-OaHdsmqBOMH8PjjyVdp', 'Nexistry Digital Solutions', '1st Video Reels', '2025-11-16 16:06:27', '2025-11-16 17:55:45', 6558, 0, 0, NULL, '2025-11-16 16:06:27', '2025-11-16 17:55:45'),
('-OeE8viWNM8Kqh9dkrda', 'ZFaIkP4hL3VaGNFYXzlNxrXHZOj1', '-OaF0Sp0pgZKkfQXuyK8', '-OaIvkJXHJFIemvsBT2o', 'Landing Page', '-OaF_PI3x-J9swtbjdzY', 'Rebecca Davis', 'Transferring Blog post into Wordpress', '2025-11-16 16:12:16', '2025-11-17 00:15:29', 28993, 0, 0, NULL, '2025-11-16 16:12:16', '2025-11-17 00:15:29'),
('-OeE9LlSl8dWK-1xwI0q', 'dYMNyLpVH6XmDVMJk8QQMvj8NWX2', '-OaF0Sp0pgZKkfQXuyK8', '-OaT0cTic_9BfOLzp2mv', 'General Task', '-OaHdsmqBOMH8PjjyVdp', 'Nexistry Digital Solutions', 'Created new social media post content for the Sales Team regarding to the Ultimate Roadmap context 17/40.', '2025-11-16 16:14:08', '2025-11-16 21:43:17', 19748, 0, 0, NULL, '2025-11-16 16:14:08', '2025-11-16 21:43:17'),
('-OeE9yg24ZOEFETGSU9N', '9gcUwwHP9vRYPW2tUKso2eAscdw1', '-OaF0Sp0pgZKkfQXuyK8', '-OaT0cTic_9BfOLzp2mv', 'General Task', '-OaHdsmqBOMH8PjjyVdp', 'Nexistry Digital Solutions', 'career website, put favicon. Customized Landing page (dan) - make the job cards modal. Now, currently adjusting the padding of thank you page body section between header', '2025-11-16 16:16:46', '2025-11-16 20:00:54', 13448, 0, 1, NULL, '2025-11-16 16:16:46', '2025-11-16 20:00:54'),
('-OeEceReqLWoK9aEP5vl', 'gSb0eR1DWTTW4uzY2V6A1as0Riw2', '-OaF0Sp0pgZKkfQXuyK8', '-OaT0cTic_9BfOLzp2mv', 'General Task', '-OaHdsmqBOMH8PjjyVdp', 'Nexistry Digital Solutions', 'nexistry', '2025-11-16 18:26:32', '2025-11-16 18:46:56', 1224, 0, 0, NULL, '2025-11-16 18:26:32', '2025-11-16 18:46:56'),
('-OeEhKUJ5PC_U70wfo_y', 'gSb0eR1DWTTW4uzY2V6A1as0Riw2', '-OaF0Sp0pgZKkfQXuyK8', '-OeEck6ZGNyUp6rk1e6r', 'Saas Config', '-OaF_B5nlnRS_ZWFuesL', 'Dr. Billy William', 'create pricing plan', '2025-11-16 18:46:57', '2025-11-16 19:17:56', 1858, 0, 1, NULL, '2025-11-16 18:46:57', '2025-11-16 19:17:56'),
('-OeEoQNDZIwjmOGvJirz', 'gSb0eR1DWTTW4uzY2V6A1as0Riw2', '-OaF0Sp0pgZKkfQXuyK8', '-OaT0cTic_9BfOLzp2mv', 'General Task', '-OaHdsmqBOMH8PjjyVdp', 'Nexistry Digital Solutions', 'nexistry', '2025-11-16 19:17:56', '2025-11-17 01:13:48', 21351, 0, 0, NULL, '2025-11-16 19:17:56', '2025-11-17 01:13:48'),
('-OeEsjcLPQWbFUEPnV2q', '7CFx1LWWNLZUsyoOeGizUsWaUkz1', '-OaF0Sp0pgZKkfQXuyK8', '-Oe-2ylbgKzrJtZyMJqU', 'create form', '-OaF_B5nlnRS_ZWFuesL', 'Dr. Billy William', 'Cooper - Form 2', '2025-11-16 19:36:48', '2025-11-16 20:19:35', 2567, 0, 1, NULL, '2025-11-16 19:36:48', '2025-11-16 20:19:35'),
('-OeEWbIsKitLee2c3afW', 'IqfD9WycDNYq0K0nL7zoJwQvA323', '-OaF0Sp0pgZKkfQXuyK8', '-OaIjBREBZXCHIRDF2xE', 'Social Media Posting', '-OaHdsmqBOMH8PjjyVdp', 'Nexistry Digital Solutions', '2nd video', '2025-11-16 17:55:46', '2025-11-16 20:22:35', 8808, 0, 0, NULL, '2025-11-16 17:55:46', '2025-11-16 20:22:35'),
('-OeF3Teesox5BOaVzpL3', 'NftSf9kvaEMwvrlEyWKo1QCDshU2', '-OaF0Sp0pgZKkfQXuyK8', '-Oc9TPmCg_IvnLBEBqKZ', 'Website', '-OaF_i7zD_3pxQlBlXcK', 'Damien Tugwell', 'video', '2025-11-16 20:28:02', '2025-11-16 23:58:03', 12600, 0, 0, NULL, '2025-11-16 20:28:02', '2025-11-16 23:58:03'),
('-OeFA1ShKQ9wVmnRISMv', '9gcUwwHP9vRYPW2tUKso2eAscdw1', '-OaF0Sp0pgZKkfQXuyK8', '-OaT0cTic_9BfOLzp2mv', 'General Task', '-OaHdsmqBOMH8PjjyVdp', 'Nexistry Digital Solutions', 'Career Website', '2025-11-16 20:56:43', '2025-11-17 00:00:34', 11031, 0, 1, NULL, '2025-11-16 20:56:43', '2025-11-17 00:00:34'),
('-OeFKgHihJt0lBqipHqs', 'dYMNyLpVH6XmDVMJk8QQMvj8NWX2', '-OaF0Sp0pgZKkfQXuyK8', '-OdHd_uiwV32EZIKq7fv', 'Heygen video', '-OaF_rhnBqSPRApXlxhz', 'Meaghan Bird', '- One full edited video about peptides (Model 3 - NAD isn\'t a peptide) has been produced and is ready to post on TikTok. The second video (Model 1 - Tesamorelin) is still in the editing phase and will be completed tomorrow. - https://drive.google.com/file/d/1gHPw914_D_Koy65kkUHFwLrpky4hCom2/view?usp=sharing', '2025-11-16 21:43:17', '2025-11-17 00:20:31', 9434, 0, 1, NULL, '2025-11-16 21:43:17', '2025-11-17 00:20:31'),
('-OeFoYARe8taICexqPQ0', 'NftSf9kvaEMwvrlEyWKo1QCDshU2', '-OaF0Sp0pgZKkfQXuyK8', '-OaT0cTic_9BfOLzp2mv', 'General Task', '-OaHdsmqBOMH8PjjyVdp', 'Nexistry Digital Solutions', 'nexistry core', '2025-11-16 23:58:04', '2025-11-17 01:21:13', 4988, 0, 0, NULL, '2025-11-16 23:58:04', '2025-11-17 01:21:13'),
('-OeFp6p4Umb9wfJrVLPY', '9gcUwwHP9vRYPW2tUKso2eAscdw1', '-OaF0Sp0pgZKkfQXuyK8', '-OdzyGGxQJmC6BXhnvLS', 'Landing Page', '-OaF__7hf_r5hVgOlOfP', 'Cynthia Scott', 'Form Customization', '2025-11-17 00:00:35', '2025-11-17 01:20:52', 4817, 0, 1, NULL, '2025-11-17 00:00:35', '2025-11-17 01:20:52'),
('-OeFRacDGFCcUt925vfD', 'IqfD9WycDNYq0K0nL7zoJwQvA323', '-OaF0Sp0pgZKkfQXuyK8', '-OaIjBREBZXCHIRDF2xE', 'Social Media Posting', '-OaHdsmqBOMH8PjjyVdp', 'Nexistry Digital Solutions', '3rd video Nexistry Core', '2025-11-16 22:13:30', '2025-11-17 00:32:40', 8350, 0, 0, NULL, '2025-11-16 22:13:30', '2025-11-17 00:32:40'),
('-OeFwSnk_Tgn5bFuMFd8', 'IqfD9WycDNYq0K0nL7zoJwQvA323', '-OaF0Sp0pgZKkfQXuyK8', '-OaIjBREBZXCHIRDF2xE', 'Social Media Posting', '-OaHdsmqBOMH8PjjyVdp', 'Nexistry Digital Solutions', 'Put the social media post created in their respective folder, 4th video (to continue tomorrow)', '2025-11-17 00:32:42', '2025-11-17 01:59:45', 5223, 0, 0, NULL, '2025-11-17 00:32:42', '2025-11-17 01:59:45'),
('-OeG6_ODQBEBO2iDEuoU', 'NftSf9kvaEMwvrlEyWKo1QCDshU2', '-OaF0Sp0pgZKkfQXuyK8', '-OaT0cTic_9BfOLzp2mv', 'General Task', '-OaHdsmqBOMH8PjjyVdp', 'Nexistry Digital Solutions', 'make final', '2025-11-17 01:21:13', '2025-11-17 07:42:48', 22895, 0, 0, NULL, '2025-11-17 01:21:13', '2025-11-17 07:42:48'),
('-OeH2XtSAZUJ7nfin_9N', 'rPYKipBcdXUhEd3qpdjEzjNw70m2', '-OaF0Sp0pgZKkfQXuyK8', '-Ob8Ye2czaiPdf0BGXPT', 'instagram daily task', '-Oab9e6-B6FqEVVh5K49', 'Harri Ducker', 'daily task', '2025-11-17 04:43:00', '2025-11-17 06:47:00', 7440, 0, 1, NULL, '2025-11-17 05:43:13', '2025-11-17 05:44:57'),
('-OeJFn25avdOxyR6rmLl', 'ZFaIkP4hL3VaGNFYXzlNxrXHZOj1', '-OaF0Sp0pgZKkfQXuyK8', '-OaIvkJXHJFIemvsBT2o', 'Landing Page', '-OaF_PI3x-J9swtbjdzY', 'Rebecca Davis', 'Update the details of about page also create a page for Agent, States license create also 1 newsletter for winter', '2025-11-17 16:00:22', '2025-11-18 00:15:16', 29694, 0, 0, NULL, '2025-11-17 16:00:22', '2025-11-18 00:15:16'),
('-OeJFrGJFcyQ7PN-tV92', 'NftSf9kvaEMwvrlEyWKo1QCDshU2', '-OaF0Sp0pgZKkfQXuyK8', '-OaT0cTic_9BfOLzp2mv', 'General Task', '-OaHdsmqBOMH8PjjyVdp', 'Nexistry Digital Solutions', 'damien\'s page, nexistry core, nexiflow pricing, and agent studio', '2025-11-17 16:00:39', '2025-11-18 07:39:24', 56324, 0, 0, NULL, '2025-11-17 16:00:39', '2025-11-18 07:39:24'),
('-OeJFWzEsugsA0tMaTft', '7CFx1LWWNLZUsyoOeGizUsWaUkz1', '-OaF0Sp0pgZKkfQXuyK8', '-Od6mHOx3QY0dQOlr7xZ', 'Data Super Center CRM', '-OaF_B5nlnRS_ZWFuesL', 'Dr. Billy William', 'Finalized Form 1 & 2  * Test form   * Edit Billy\'s pricing plan - putting DSC name  * Edit funnel Lead capture and onboarding funnel - changed GHl name to DSC CRM * changed email address - mail@datasupercenter.com *  Create thank you page for Form 1 &2', '2025-11-17 15:59:10', '2025-11-17 20:24:45', 15934, 0, 1, NULL, '2025-11-17 15:59:10', '2025-11-17 20:24:45'),
('-OeJFxj2YndI3BmWsTzx', '9gcUwwHP9vRYPW2tUKso2eAscdw1', '-OaF0Sp0pgZKkfQXuyK8', '-OdzyGGxQJmC6BXhnvLS', 'Landing Page', '-OaF__7hf_r5hVgOlOfP', 'Cynthia Scott', 'Form', '2025-11-17 16:01:04', '2025-11-17 16:36:57', 2152, 0, 1, NULL, '2025-11-17 16:01:04', '2025-11-17 16:36:57'),
('-OeJGJXDoy2KxtfZgHfK', 'gSb0eR1DWTTW4uzY2V6A1as0Riw2', '-OaF0Sp0pgZKkfQXuyK8', '-OaT0cTic_9BfOLzp2mv', 'General Task', '-OaHdsmqBOMH8PjjyVdp', 'Nexistry Digital Solutions', 'nexistry', '2025-11-17 16:02:39', '2025-11-17 17:01:23', 3523, 0, 0, NULL, '2025-11-17 16:02:39', '2025-11-17 17:01:23'),
('-OeJGTnznWLgzhtqGLEr', 'IqfD9WycDNYq0K0nL7zoJwQvA323', '-OaF0Sp0pgZKkfQXuyK8', '-OaSAH5HYkbn4_wC8Vt8', 'Deligation of Task', '-OaHdsmqBOMH8PjjyVdp', 'Nexistry Digital Solutions', 'Message/follow-up with clients, checked tasks', '2025-11-17 16:03:22', '2025-11-17 16:21:59', 1116, 0, 0, NULL, '2025-11-17 16:03:22', '2025-11-17 16:21:59'),
('-OeJgZJDW7nFPpjw6ase', 'gSb0eR1DWTTW4uzY2V6A1as0Riw2', '-OaF0Sp0pgZKkfQXuyK8', '-Oc2qVsaJikeJV-ZqTe4', 'Weekly Meeting', '-OaF_B5nlnRS_ZWFuesL', 'Dr. Billy William', 'meeting with Dr Billy', '2025-11-17 18:01:42', '2025-11-17 19:14:59', 4397, 0, 1, NULL, '2025-11-17 18:01:42', '2025-11-17 19:15:05'),
('-OeJIStWU5PT6Oe6tsi4', 'dYMNyLpVH6XmDVMJk8QQMvj8NWX2', '-OaF0Sp0pgZKkfQXuyK8', '-OaT0cTic_9BfOLzp2mv', 'General Task', '-OaHdsmqBOMH8PjjyVdp', 'Nexistry Digital Solutions', 'Continued on making contents about ultimate lead nurture for the sales team.', '2025-11-17 16:12:04', '2025-11-17 17:16:53', 3889, 0, 0, NULL, '2025-11-17 16:12:04', '2025-11-17 17:16:53'),
('-OeJjk0P5I6AOwdWDs5_', 'IqfD9WycDNYq0K0nL7zoJwQvA323', '-OaF0Sp0pgZKkfQXuyK8', '-Oax9h97qVLyv9YjRjJg', 'Documentation', '-OaF_i7zD_3pxQlBlXcK', 'Damien Tugwell', 'Gathering the meeting transcription', '2025-11-17 18:15:37', '2025-11-17 18:21:15', 338, 0, 0, NULL, '2025-11-17 18:15:37', '2025-11-17 18:21:15'),
('-OeJKjgg-_gBnpVnkGWL', 'IqfD9WycDNYq0K0nL7zoJwQvA323', '-OaF0Sp0pgZKkfQXuyK8', '-OaIjBREBZXCHIRDF2xE', 'Social Media Posting', '-OaHdsmqBOMH8PjjyVdp', 'Nexistry Digital Solutions', '4th video', '2025-11-17 16:22:00', '2025-11-17 18:13:32', 6692, 0, 0, NULL, '2025-11-17 16:22:00', '2025-11-17 18:13:32'),
('-OeJl1sWXrN_6Pm-nPXp', 'IqfD9WycDNYq0K0nL7zoJwQvA323', '-OaF0Sp0pgZKkfQXuyK8', '-OaIjBREBZXCHIRDF2xE', 'Social Media Posting', '-OaHdsmqBOMH8PjjyVdp', 'Nexistry Digital Solutions', '5th video and revising', '2025-11-17 18:21:16', '2025-11-17 20:05:32', 6255, 0, 0, NULL, '2025-11-17 18:21:16', '2025-11-17 20:05:32'),
('-OeJOAMiSw4E3mqm1tNz', '9gcUwwHP9vRYPW2tUKso2eAscdw1', '-OaF0Sp0pgZKkfQXuyK8', '-OeJTcWcETOwRELpJWwv', 'Automation for cooper', '-OaF_B5nlnRS_ZWFuesL', 'Dr. Billy William', 'Coooper', '2025-11-17 16:36:57', '2025-11-17 20:10:43', 12826, 0, 1, NULL, '2025-11-17 16:36:57', '2025-11-17 20:10:43'),
('-OeJQ7nBTzHrmaLt2qNs', 'QbclXdG1I1craJqYsGcVQSY7i9L2', '-OaF0Sp0pgZKkfQXuyK8', '-OaT0cTic_9BfOLzp2mv', 'General Task', '-OaHdsmqBOMH8PjjyVdp', 'Nexistry Digital Solutions', 'gfdgfd', '2025-11-17 16:45:33', '2025-11-17 16:45:54', 21, 0, 0, NULL, '2025-11-17 16:45:33', '2025-11-17 16:45:54'),
('-OeJrLCXdYXzvZyGFc5R', 'UzY6A27FBYSJbDkjy9suM4aEdZ02', '-OaF0Sp0pgZKkfQXuyK8', '-Od6mHOx3QY0dQOlr7xZ', 'Data Super Center CRM', '-OaF_B5nlnRS_ZWFuesL', 'Dr. Billy William', 'Edit Final video for DSC WELCOME VIDEO - https://drive.google.com/file/d/1YKmUCcbe7_oXmtoe7Ol2-Z6aY34rtYbu/view?usp=sharing here\'s the link  - update lead intake questionnaire (no more mentioning of GHL) change to DSCCRM - create new snapshots for Data Super Center Starter Plan plan, Data Super Center Pro CRM + AI Chat, Data Super Center Premium CRM + AI Voice plan', '2025-11-17 18:48:48', '2025-11-17 22:50:18', 14490, 0, 1, NULL, '2025-11-17 18:48:48', '2025-11-17 22:50:18'),
('-OeJTkwyveggAOhU1jEd', 'gSb0eR1DWTTW4uzY2V6A1as0Riw2', '-OaF0Sp0pgZKkfQXuyK8', '-OeJTfZYda6CCzULxN-a', 'upload contact for cooper', '-OaF_B5nlnRS_ZWFuesL', 'Dr. Billy William', 'upload contact', '2025-11-17 17:01:24', '2025-11-17 18:01:41', 3617, 0, 1, NULL, '2025-11-17 17:01:24', '2025-11-17 19:15:07'),
('-OeJXIYaXCFJMrMWrESg', 'dYMNyLpVH6XmDVMJk8QQMvj8NWX2', '-OaF0Sp0pgZKkfQXuyK8', '-OdHd_uiwV32EZIKq7fv', 'Heygen video', '-OaF_rhnBqSPRApXlxhz', 'Meaghan Bird', 'Continued editing the video from yesterday until it was finished which is the Model 1 - Tesamorelin - A Peptide helps destroy your stomach fat. Also started a new video that I will continue working on tomorrow.', '2025-11-17 17:16:53', '2025-11-17 19:41:51', 8697, 0, 1, NULL, '2025-11-17 17:16:53', '2025-11-17 19:41:51'),
('-OeJxL1yo-Cuz1S0rXLb', 'gSb0eR1DWTTW4uzY2V6A1as0Riw2', '-OaF0Sp0pgZKkfQXuyK8', '-OaT0cTic_9BfOLzp2mv', 'General Task', '-OaHdsmqBOMH8PjjyVdp', 'Nexistry Digital Solutions', 'nexistry', '2025-11-17 19:15:00', '2025-11-18 01:20:51', 21950, 0, 0, NULL, '2025-11-17 19:15:00', '2025-11-18 01:20:51'),
('-OeK2U4_wbOtu1UYDWE6', 'dYMNyLpVH6XmDVMJk8QQMvj8NWX2', '-OaF0Sp0pgZKkfQXuyK8', '-OaT0cTic_9BfOLzp2mv', 'General Task', '-OaHdsmqBOMH8PjjyVdp', 'Nexistry Digital Solutions', '- Continued on making contents about ultimate lead nurture for the sales team.', '2025-11-17 19:41:51', '2025-11-17 23:36:31', 14079, 0, 0, NULL, '2025-11-17 19:41:51', '2025-11-17 23:36:31'),
('-OeKe1UgkNBm2Pm9ezNZ', 'IqfD9WycDNYq0K0nL7zoJwQvA323', '-OaF0Sp0pgZKkfQXuyK8', '-OaT0cTic_9BfOLzp2mv', 'General Task', '-OaHdsmqBOMH8PjjyVdp', 'Nexistry Digital Solutions', 'Questions/Tests for new client', '2025-11-17 22:30:17', '2025-11-17 23:33:23', 3786, 0, 0, NULL, '2025-11-17 22:30:17', '2025-11-17 23:33:23'),
('-OeKNAaND496G37x_Tv1', 'IqfD9WycDNYq0K0nL7zoJwQvA323', '-OaF0Sp0pgZKkfQXuyK8', '-OaT0cTic_9BfOLzp2mv', 'General Task', '-OaHdsmqBOMH8PjjyVdp', 'Nexistry Digital Solutions', 'verifying LGS captured leads', '2025-11-17 21:12:16', '2025-11-17 21:27:42', 926, 0, 0, NULL, '2025-11-17 21:12:16', '2025-11-17 21:27:42'),
('-OeKP-vkdCBzn5HHp6j5', '9gcUwwHP9vRYPW2tUKso2eAscdw1', '-OaF0Sp0pgZKkfQXuyK8', '-OdzyGGxQJmC6BXhnvLS', 'Landing Page', '-OaF__7hf_r5hVgOlOfP', 'Cynthia Scott', 'Automation and Typeform', '2025-11-17 21:20:16', '2025-11-18 01:14:58', 14082, 0, 1, NULL, '2025-11-17 21:20:16', '2025-11-18 01:14:58'),
('-OeKQi3kBuG6Ghng-1Uv', 'IqfD9WycDNYq0K0nL7zoJwQvA323', '-OaF0Sp0pgZKkfQXuyK8', '-OaIjBREBZXCHIRDF2xE', 'Social Media Posting', '-OaHdsmqBOMH8PjjyVdp', 'Nexistry Digital Solutions', 'Revised video 5, and verifying lgs leads while rendering', '2025-11-17 21:27:43', '2025-11-17 21:58:16', 1832, 0, 0, NULL, '2025-11-17 21:27:43', '2025-11-17 21:58:16'),
('-OeKsUePq8eqUGclXTBG', 'IqfD9WycDNYq0K0nL7zoJwQvA323', '-OaF0Sp0pgZKkfQXuyK8', '-OaIjBREBZXCHIRDF2xE', 'Social Media Posting', '-OaHdsmqBOMH8PjjyVdp', 'Nexistry Digital Solutions', '6th video, tagalog version of ultimate', '2025-11-17 23:33:27', '2025-11-18 00:27:50', 3263, 0, 0, NULL, '2025-11-17 23:33:27', '2025-11-18 00:27:50'),
('-OeKtBYpvED59r8vzrXE', 'dYMNyLpVH6XmDVMJk8QQMvj8NWX2', '-OaF0Sp0pgZKkfQXuyK8', '-Oc9TPmCg_IvnLBEBqKZ', 'Website', '-OaF_i7zD_3pxQlBlXcK', 'Damien Tugwell', '- Redesigned the pricing section on the EDS landing page. - https://dash.elevatehub.app/v2/preview/hh5VoYpFIidMUkYIxss0?notrack=true', '2025-11-17 23:36:31', '2025-11-18 00:06:25', 1793, 0, 0, NULL, '2025-11-17 23:36:31', '2025-11-18 00:06:25'),
('-OeKXhjbFzTaZshFaqV-', 'IqfD9WycDNYq0K0nL7zoJwQvA323', '-OaF0Sp0pgZKkfQXuyK8', '-OaIjBREBZXCHIRDF2xE', 'Social Media Posting', '-OaHdsmqBOMH8PjjyVdp', 'Nexistry Digital Solutions', '6th video, to be continued', '2025-11-17 21:58:17', '2025-11-17 22:30:17', 1919, 0, 0, NULL, '2025-11-17 21:58:17', '2025-11-17 22:30:17'),
('-OeL-21i2koUvFJUT3-b', 'dYMNyLpVH6XmDVMJk8QQMvj8NWX2', '-OaF0Sp0pgZKkfQXuyK8', '-OaT0cTic_9BfOLzp2mv', 'General Task', '-OaHdsmqBOMH8PjjyVdp', 'Nexistry Digital Solutions', '* Continued on making contents about ultimate lead nurture for the sales team. Added 10 new contents. (saving and uploading files)', '2025-11-18 00:06:27', '2025-11-18 00:16:04', 577, 0, 0, NULL, '2025-11-18 00:06:27', '2025-11-18 00:16:04'),
('-OeL6q7vDKaLAg7EZwEq', 'IqfD9WycDNYq0K0nL7zoJwQvA323', '-OaF0Sp0pgZKkfQXuyK8', '-OaT0cTic_9BfOLzp2mv', 'General Task', '-OaHdsmqBOMH8PjjyVdp', 'Nexistry Digital Solutions', 'Uploaded Manual leads in Nexistry core, Composed EODs, gen tasks', '2025-11-18 00:40:31', '2025-11-18 01:19:59', 2367, 0, 0, NULL, '2025-11-18 00:40:31', '2025-11-18 01:19:59'),
('-OeML1B3-BiitzUHnEIm', 'rPYKipBcdXUhEd3qpdjEzjNw70m2', '-OaF0Sp0pgZKkfQXuyK8', '-Ob8Ye2czaiPdf0BGXPT', 'instagram daily task', '-Oab9e6-B6FqEVVh5K49', 'Harri Ducker', 'daily task', '2025-11-18 03:22:00', '2025-11-18 05:25:00', 7380, 0, 1, NULL, '2025-11-18 06:22:05', '2025-11-18 06:23:13'),
('-Oen0S1abZ7nNsps7Ci0', 'NftSf9kvaEMwvrlEyWKo1QCDshU2', '-OaF0Sp0pgZKkfQXuyK8', '-OaT0cTic_9BfOLzp2mv', 'General Task', '-OaHdsmqBOMH8PjjyVdp', 'Nexistry Digital Solutions', 'zak, bfwebsite and nexistry core', '2025-11-23 15:21:33', '2025-11-24 08:06:30', 60296, 0, 0, NULL, '2025-11-23 15:21:33', '2025-11-24 08:06:30'),
('-Oen9czSswujYqqZDXr_', 'dYMNyLpVH6XmDVMJk8QQMvj8NWX2', '-OaF0Sp0pgZKkfQXuyK8', '-OaIjBREBZXCHIRDF2xE', 'Social Media Posting', '-OaHdsmqBOMH8PjjyVdp', 'Nexistry Digital Solutions', 'Continued on making contents about ultimate lead nurture for the sales team.', '2025-11-23 16:01:42', '2025-11-23 16:39:12', 2249, 0, 0, NULL, '2025-11-23 16:01:42', '2025-11-23 16:39:12'),
('-Oen9eFVMv6aCn8XSxey', 'UzY6A27FBYSJbDkjy9suM4aEdZ02', '-OaF0Sp0pgZKkfQXuyK8', '-Od6mHOx3QY0dQOlr7xZ', 'Data Super Center CRM', '-OaF_B5nlnRS_ZWFuesL', 'Dr. Billy William', '- Create 2 versions of VOICE AI (richard and daniel) - https://drive.google.com/drive/folders/1ktmOIaYI07yWZAyZ9ALTc7lSyHYxdxP2?usp=sharing here\'s the link - Checking of DSCCRM_ Workflows - Checking of DSCCRM_Digital Board Stages', '2025-11-23 16:01:48', '2025-11-23 20:07:25', 14737, 0, 1, NULL, '2025-11-23 16:01:48', '2025-11-23 20:07:25'),
('-Oen9eURQ450zpM0oGMl', 'ZFaIkP4hL3VaGNFYXzlNxrXHZOj1', '-OaF0Sp0pgZKkfQXuyK8', '-OaSAH5HYkbn4_wC8Vt8', 'Deligation of Task', '-OaHdsmqBOMH8PjjyVdp', 'Nexistry Digital Solutions', 'delegation of task', '2025-11-23 16:01:47', '2025-11-23 16:06:44', 296, 0, 0, NULL, '2025-11-23 16:01:47', '2025-11-23 16:06:44'),
('-Oen9W1HNxgLatiDy70B', '7CFx1LWWNLZUsyoOeGizUsWaUkz1', '-OaF0Sp0pgZKkfQXuyK8', '-Od6mHOx3QY0dQOlr7xZ', 'Data Super Center CRM', '-OaF_B5nlnRS_ZWFuesL', 'Dr. Billy William', '* Create pipeline \"DSCCRM_Digital Board Stages\" * Create and update all workflows;    folder name: DSCCRM_Digital  * Create tag names and custom field * Test workflows - one. all workflows are working. * Deleted added contact for testing', '2025-11-23 16:01:09', '2025-11-23 20:07:06', 14757, 0, 1, NULL, '2025-11-23 16:01:09', '2025-11-23 20:07:06'),
('-OenA4tks_k5Y8vES-wX', 'gSb0eR1DWTTW4uzY2V6A1as0Riw2', '-OaF0Sp0pgZKkfQXuyK8', '-OaSAH5HYkbn4_wC8Vt8', 'Deligation of Task', '-OaHdsmqBOMH8PjjyVdp', 'Nexistry Digital Solutions', 'nexistry', '2025-11-23 16:03:40', '2025-11-23 16:24:50', 1269, 0, 0, NULL, '2025-11-23 16:03:40', '2025-11-23 16:24:50'),
('-OenAAx5LFjqCgAt7jgp', '9gcUwwHP9vRYPW2tUKso2eAscdw1', '-OaF0Sp0pgZKkfQXuyK8', '-OaT0cTic_9BfOLzp2mv', 'General Task', '-OaHdsmqBOMH8PjjyVdp', 'Nexistry Digital Solutions', 'AI Agents', '2025-11-23 16:04:06', '2025-11-23 20:26:45', 15759, 0, 1, NULL, '2025-11-23 16:04:06', '2025-11-23 20:26:45'),
('-OenAh3PZM2H55J7pN5f', 'IqfD9WycDNYq0K0nL7zoJwQvA323', '-OaF0Sp0pgZKkfQXuyK8', '-OaT0cTic_9BfOLzp2mv', 'General Task', '-OaHdsmqBOMH8PjjyVdp', 'Nexistry Digital Solutions', 'Updating Clients, Cleaning and updating contacts to Nexistry core from Meca and LGS, Testing Voice AI', '2025-11-23 16:06:21', '2025-11-23 18:03:05', 7004, 0, 0, NULL, '2025-11-23 16:06:21', '2025-11-23 18:03:05'),
('-OenAn8mR6gIiNSehW3p', 'ZFaIkP4hL3VaGNFYXzlNxrXHZOj1', '-OaF0Sp0pgZKkfQXuyK8', '-OaIvcxkKmxNcutRyzCt', 'Reels', '-OaF_PI3x-J9swtbjdzY', 'Rebecca Davis', 'update Christmass News letter 4 pages and create 1 reel event', '2025-11-23 16:06:45', '2025-11-23 20:53:52', 17227, 0, 0, NULL, '2025-11-23 16:06:45', '2025-11-23 20:53:52'),
('-Oeneogm_gUHHH5T8Efz', 'IqfD9WycDNYq0K0nL7zoJwQvA323', '-OaF0Sp0pgZKkfQXuyK8', '-OeQQYDSRFzlSz-D1Vbk', 'Lead Generation', '-OaHdsmqBOMH8PjjyVdp', 'Nexistry Digital Solutions', 'Prospect calling and messaging', '2025-11-23 18:22:19', '2025-11-23 20:51:22', 8943, 0, 0, NULL, '2025-11-23 18:22:19', '2025-11-23 20:51:22'),
('-OenEvv-l3sZKwg7TOSE', 'gSb0eR1DWTTW4uzY2V6A1as0Riw2', '-OaF0Sp0pgZKkfQXuyK8', '-Oeaat3-rC4DGpDMsG6p', 'update website', '-OaFaDjHg8LBQ9IcU8au', 'Roel Carandang', 'update angi logo', '2025-11-23 16:24:50', '2025-11-23 16:33:32', 521, 0, 1, NULL, '2025-11-23 16:24:50', '2025-11-23 19:18:37'),
('-OenfrxRBz16AkjEMlPp', 'dYMNyLpVH6XmDVMJk8QQMvj8NWX2', '-OaF0Sp0pgZKkfQXuyK8', '-OaT0cTic_9BfOLzp2mv', 'General Task', '-OaHdsmqBOMH8PjjyVdp', 'Nexistry Digital Solutions', 'Created two website samples focusing on resorts to be used as samples for clients. Undone', '2025-11-23 18:26:54', '2025-11-23 20:15:12', 6497, 0, 0, NULL, '2025-11-23 18:26:54', '2025-11-23 20:15:12'),
('-OenGvOsj4_MSS159h0x', 'gSb0eR1DWTTW4uzY2V6A1as0Riw2', '-OaF0Sp0pgZKkfQXuyK8', '-OaT0cTic_9BfOLzp2mv', 'General Task', '-OaHdsmqBOMH8PjjyVdp', 'Nexistry Digital Solutions', 'nexistry', '2025-11-24 00:33:00', '2025-11-23 21:08:00', 16500, 0, 0, NULL, '2025-11-23 16:33:32', '2025-11-25 22:30:58'),
('-OenIDRiR0sfZtD1IffA', 'dYMNyLpVH6XmDVMJk8QQMvj8NWX2', '-OaF0Sp0pgZKkfQXuyK8', '-OdHd_uiwV32EZIKq7fv', 'Heygen video', '-OaF_rhnBqSPRApXlxhz', 'Meaghan Bird', 'Continued the work of creating and editing the video content about peptides for posting', '2025-11-23 16:39:13', '2025-11-23 18:26:54', 6460, 0, 1, NULL, '2025-11-23 16:39:13', '2025-11-23 18:26:54'),
('-OeoCWT48QVdg2KomLVF', 'ZFaIkP4hL3VaGNFYXzlNxrXHZOj1', '-OaF0Sp0pgZKkfQXuyK8', '-OaT0cTic_9BfOLzp2mv', 'General Task', '-OaHdsmqBOMH8PjjyVdp', 'Nexistry Digital Solutions', 'copy writing Landing Page', '2025-11-23 20:53:53', '2025-11-24 00:07:30', 11616, 0, 0, NULL, '2025-11-23 20:53:53', '2025-11-24 00:07:30'),
('-OeOe04LA6wZ1nYmPTBw', 'IqfD9WycDNYq0K0nL7zoJwQvA323', '-OaF0Sp0pgZKkfQXuyK8', '-OdzyGGxQJmC6BXhnvLS', 'Landing Page', '-OaF__7hf_r5hVgOlOfP', 'Cynthia Scott', 'Testing, made some changes for the internal notification and for email notification, Connected the form to the Landing page', '2025-11-18 17:08:39', '2025-11-18 17:49:04', 2425, 0, 0, NULL, '2025-11-18 17:08:39', '2025-11-18 17:49:04'),
('-OeoEqYlrvgElf6f21MT', 'IqfD9WycDNYq0K0nL7zoJwQvA323', '-OaF0Sp0pgZKkfQXuyK8', '-OaT0cTic_9BfOLzp2mv', 'General Task', '-OaHdsmqBOMH8PjjyVdp', 'Nexistry Digital Solutions', 'Compiling email message', '2025-11-23 21:04:06', '2025-11-23 21:07:44', 218, 0, 0, NULL, '2025-11-23 21:04:06', '2025-11-23 21:07:44'),
('-OeoGjz5SxphnGXHB-Xx', '9gcUwwHP9vRYPW2tUKso2eAscdw1', '-OaF0Sp0pgZKkfQXuyK8', '-OaT0cTic_9BfOLzp2mv', 'General Task', '-OaHdsmqBOMH8PjjyVdp', 'Nexistry Digital Solutions', 'AI agents named New Nikki and nathalia', '2025-11-23 21:12:23', '2025-11-24 00:51:34', 13151, 0, 1, NULL, '2025-11-23 21:12:23', '2025-11-24 00:51:34'),
('-OeOKnsNqsUA5USOJE_E', 'NftSf9kvaEMwvrlEyWKo1QCDshU2', '-OaF0Sp0pgZKkfQXuyK8', '-Oc9TPmCg_IvnLBEBqKZ', 'Website', '-OaF_i7zD_3pxQlBlXcK', 'Damien Tugwell', 'elevate hub saas', '2025-11-18 15:40:23', '2025-11-18 20:07:56', 16053, 0, 0, NULL, '2025-11-18 15:40:23', '2025-11-18 20:07:56');
INSERT INTO `time_entries` (`id`, `user_id`, `company_id`, `project_id`, `project_name`, `client_id`, `client_name`, `description`, `start_time`, `end_time`, `duration`, `is_running`, `is_billable`, `tags`, `created_at`, `updated_at`) VALUES
('-OeOnKfuvPFkn6h2w94-', 'IqfD9WycDNYq0K0nL7zoJwQvA323', '-OaF0Sp0pgZKkfQXuyK8', '-OaIjBREBZXCHIRDF2xE', 'Social Media Posting', '-OaHdsmqBOMH8PjjyVdp', 'Nexistry Digital Solutions', '6th video fixed the voice, find the suitable voice tone, and adjusted the video according to the pace of the new voice, typed the caption manually', '2025-11-18 17:49:22', '2025-11-18 18:41:42', 3139, 0, 0, NULL, '2025-11-18 17:49:22', '2025-11-18 18:41:42'),
('-OeOOnohClVknC1Rpb_s', '7CFx1LWWNLZUsyoOeGizUsWaUkz1', '-OaF0Sp0pgZKkfQXuyK8', '-OaSAH5HYkbn4_wC8Vt8', 'Deligation of Task', '-OaHdsmqBOMH8PjjyVdp', 'Nexistry Digital Solutions', 'Create Funnel Black Friday', '2025-11-18 15:57:51', '2025-11-18 20:17:51', 15599, 0, 1, NULL, '2025-11-18 15:57:51', '2025-11-18 20:17:51'),
('-OeOPgMnvlQtB03mpw1u', 'ZFaIkP4hL3VaGNFYXzlNxrXHZOj1', '-OaF0Sp0pgZKkfQXuyK8', '-OaSAH5HYkbn4_wC8Vt8', 'Deligation of Task', '-OaHdsmqBOMH8PjjyVdp', 'Nexistry Digital Solutions', 'Delegation of Task', '2025-11-18 16:01:43', '2025-11-18 16:26:40', 1497, 0, 0, NULL, '2025-11-18 16:01:43', '2025-11-18 16:26:40'),
('-OeOPn0k8_5wnF2TYmG1', 'gSb0eR1DWTTW4uzY2V6A1as0Riw2', '-OaF0Sp0pgZKkfQXuyK8', '-OaT0cTic_9BfOLzp2mv', 'General Task', '-OaHdsmqBOMH8PjjyVdp', 'Nexistry Digital Solutions', 'nexistry', '2025-11-18 16:02:09', '2025-11-18 22:06:34', 21864, 0, 0, NULL, '2025-11-18 16:02:09', '2025-11-18 22:06:34'),
('-OeOQxo-TrhqylaIfnHk', 'IqfD9WycDNYq0K0nL7zoJwQvA323', '-OaF0Sp0pgZKkfQXuyK8', '-OaT0cTic_9BfOLzp2mv', 'General Task', '-OaHdsmqBOMH8PjjyVdp', 'Nexistry Digital Solutions', 'Creating captions, checked tasks, replied/provided response to clients,', '2025-11-18 16:07:15', '2025-11-18 17:08:38', 3683, 0, 0, NULL, '2025-11-18 16:07:15', '2025-11-18 17:08:38'),
('-OeOQZSfebg4Zn-m6tih', 'UzY6A27FBYSJbDkjy9suM4aEdZ02', '-OaF0Sp0pgZKkfQXuyK8', '-Od6mHOx3QY0dQOlr7xZ', 'Data Super Center CRM', '-OaF_B5nlnRS_ZWFuesL', 'Dr. Billy William', '- edit welcome video - prepare workflow for the email email with video', '2025-11-18 16:05:33', '2025-11-18 20:06:37', 14464, 0, 1, NULL, '2025-11-18 16:05:33', '2025-11-18 20:06:37'),
('-OeoRTWc9_F76xRGs--_', 'IqfD9WycDNYq0K0nL7zoJwQvA323', '-OaF0Sp0pgZKkfQXuyK8', '-OaT0cTic_9BfOLzp2mv', 'General Task', '-OaHdsmqBOMH8PjjyVdp', 'Nexistry Digital Solutions', 'Prospect Finding/Calling, Testing BFwebsite PH automation, Checking Tasks done', '2025-11-23 21:59:15', '2025-11-24 01:36:57', 13061, 0, 0, NULL, '2025-11-23 21:59:15', '2025-11-24 01:36:57'),
('-OeOSA7SV8xr7jBkz-3A', 'dYMNyLpVH6XmDVMJk8QQMvj8NWX2', '-OaF0Sp0pgZKkfQXuyK8', '-OdHd_uiwV32EZIKq7fv', 'Heygen video', '-OaF_rhnBqSPRApXlxhz', 'Meaghan Bird', 'Continued the work of creating and editing the video content about peptides for posting. One video has been fully edited and finished, and a second one has been generated using HeyGen but still requires editing. Captions and first comments are already prepared for both videos.', '2025-11-18 16:12:33', '2025-11-18 19:17:20', 11087, 0, 1, NULL, '2025-11-18 16:12:33', '2025-11-18 19:17:20'),
('-OeoTQR8qgmPAnsKxBLV', 'dYMNyLpVH6XmDVMJk8QQMvj8NWX2', '-OaF0Sp0pgZKkfQXuyK8', '-OaT0cTic_9BfOLzp2mv', 'General Task', '-OaHdsmqBOMH8PjjyVdp', 'Nexistry Digital Solutions', '- Created two websites first page - Timber Cove Resort - https://app.gohighlevel.com/v2/preview/IvhbxMlr62EjFIQXtQSD - The Wilde Resort and Spa - https://app.gohighlevel.com/v2/preview/CeAlvdaHRGJhnTula3k9', '2025-11-23 22:07:46', '2025-11-24 01:17:48', 11402, 0, 0, NULL, '2025-11-23 22:07:46', '2025-11-24 01:17:48'),
('-OeOVPCF0zCpOfo3HbEJ', 'ZFaIkP4hL3VaGNFYXzlNxrXHZOj1', '-OaF0Sp0pgZKkfQXuyK8', '-OaIvZdcisZxyig1R8On', 'Newsletter', '-OaF_PI3x-J9swtbjdzY', 'Rebecca Davis', 'Create News Letter for December Events and Winter news letter', '2025-11-18 16:26:41', '2025-11-19 00:13:11', 27989, 0, 0, NULL, '2025-11-18 16:26:41', '2025-11-19 00:13:11'),
('-OeP02zXQ1bHMTEXoXkc', 'IqfD9WycDNYq0K0nL7zoJwQvA323', '-OaF0Sp0pgZKkfQXuyK8', '-OaSAH5HYkbn4_wC8Vt8', 'Deligation of Task', '-OaHdsmqBOMH8PjjyVdp', 'Nexistry Digital Solutions', 'Looking for prospect client Philippines to call in the afternoon (Focus on Resorts). Put remarks on how to offer to them. Updated the file for posting.', '2025-11-18 18:49:20', '2025-11-18 20:30:19', 6058, 0, 0, NULL, '2025-11-18 18:49:20', '2025-11-18 20:30:19'),
('-OeP6T6aLJD7p6iak46L', 'dYMNyLpVH6XmDVMJk8QQMvj8NWX2', '-OaF0Sp0pgZKkfQXuyK8', '-OaT0cTic_9BfOLzp2mv', 'General Task', '-OaHdsmqBOMH8PjjyVdp', 'Nexistry Digital Solutions', 'Continued on making contents about ultimate lead nurture for the sales team.', '2025-11-18 19:17:21', '2025-11-18 20:15:24', 3483, 0, 0, NULL, '2025-11-18 19:17:21', '2025-11-18 20:15:24'),
('-Oep8vFr2dnSR5yXRFux', 'dYMNyLpVH6XmDVMJk8QQMvj8NWX2', '-OaF0Sp0pgZKkfQXuyK8', '-OaIjBREBZXCHIRDF2xE', 'Social Media Posting', '-OaHdsmqBOMH8PjjyVdp', 'Nexistry Digital Solutions', '- Created a social media post for Nexistry Digital Solutions.', '2025-11-24 01:17:49', '2025-11-24 01:56:52', 2343, 0, 0, NULL, '2025-11-24 01:17:49', '2025-11-24 01:56:52'),
('-OePdbJvsBWQuGLe-26m', 'IqfD9WycDNYq0K0nL7zoJwQvA323', '-OaF0Sp0pgZKkfQXuyK8', '-OeQQYDSRFzlSz-D1Vbk', 'Lead Generation', '-OaHdsmqBOMH8PjjyVdp', 'Nexistry Digital Solutions', 'Philippines prospect calling', '2025-11-18 21:46:31', '2025-11-19 01:25:03', 13112, 0, 0, NULL, '2025-11-18 21:46:31', '2025-11-19 01:25:03'),
('-OePI2J2wV4-RM4N3xvM', 'NftSf9kvaEMwvrlEyWKo1QCDshU2', '-OaF0Sp0pgZKkfQXuyK8', '-OaT0cTic_9BfOLzp2mv', 'General Task', '-OaHdsmqBOMH8PjjyVdp', 'Nexistry Digital Solutions', 'nexicore', '2025-11-18 20:07:56', '2025-11-18 21:20:05', 4328, 0, 0, NULL, '2025-11-18 20:07:56', '2025-11-18 21:20:05'),
('-OepK3t_WioILVk59jlz', 'IqfD9WycDNYq0K0nL7zoJwQvA323', '-OaF0Sp0pgZKkfQXuyK8', '-OaT0cTic_9BfOLzp2mv', 'General Task', '-OaHdsmqBOMH8PjjyVdp', 'Nexistry Digital Solutions', 'Zak', '2025-11-24 02:06:33', '2025-11-24 02:16:09', 576, 0, 0, NULL, '2025-11-24 02:06:33', '2025-11-24 02:16:09'),
('-OePOrsjMaVNUcESW0Gw', 'dYMNyLpVH6XmDVMJk8QQMvj8NWX2', '-OaF0Sp0pgZKkfQXuyK8', '-OaT0cTic_9BfOLzp2mv', 'General Task', '-OaHdsmqBOMH8PjjyVdp', 'Nexistry Digital Solutions', '* Continued on making contents about ultimate lead nurture for the sales team. * Designed the email template for the Nexistry Core Black Friday Special. * https://backend.leadconnectorhq.com/emails/builder/preview/nb61f4OQ7o9Wsxx0zOsY/691d5ac93fc9e81c07aeb058', '2025-11-18 20:37:45', '2025-11-19 00:00:54', 12189, 0, 0, NULL, '2025-11-18 20:37:45', '2025-11-19 00:00:54'),
('-OePrw30VmsXSZBT2c9b', 'gSb0eR1DWTTW4uzY2V6A1as0Riw2', '-OaF0Sp0pgZKkfQXuyK8', '-OaT0cTic_9BfOLzp2mv', 'General Task', '-OaHdsmqBOMH8PjjyVdp', 'Nexistry Digital Solutions', 'Nexistry', '2025-11-18 22:49:05', '2025-11-19 01:00:10', 7865, 0, 0, NULL, '2025-11-18 22:49:05', '2025-11-19 01:00:10'),
('-OePYZEFX4SaVPRmOjlA', 'NftSf9kvaEMwvrlEyWKo1QCDshU2', '-OaF0Sp0pgZKkfQXuyK8', '-OaT0cTic_9BfOLzp2mv', 'General Task', '-OaHdsmqBOMH8PjjyVdp', 'Nexistry Digital Solutions', 'blackfriday', '2025-11-18 21:20:05', '2025-11-19 01:21:55', 14509, 0, 0, NULL, '2025-11-18 21:20:05', '2025-11-19 01:21:55'),
('-Oeq5ipnqsJSj9lsu-HU', 'rPYKipBcdXUhEd3qpdjEzjNw70m2', '-OaF0Sp0pgZKkfQXuyK8', '-Ob8Ye2czaiPdf0BGXPT', 'instagram daily task', '-Oab9e6-B6FqEVVh5K49', 'Harri Ducker', 'daily task', '2025-11-24 04:43:00', '2025-11-24 06:45:00', 7320, 0, 1, NULL, '2025-11-24 05:43:25', '2025-11-24 05:44:47'),
('-OeQDrdP0UnVYVduzIGJ', 'dYMNyLpVH6XmDVMJk8QQMvj8NWX2', '-OaF0Sp0pgZKkfQXuyK8', '-OaT0cTic_9BfOLzp2mv', 'General Task', '-OaHdsmqBOMH8PjjyVdp', 'Nexistry Digital Solutions', '* Designed the email template for the Nexistry Core Black Friday Special. * Continued on making contents about ultimate lead nurture for the sales team.', '2025-11-19 00:29:17', '2025-11-19 01:18:10', 2932, 0, 0, NULL, '2025-11-19 00:29:17', '2025-11-19 01:18:10'),
('-OeQPukxvvIOA7-E8o9z', 'NftSf9kvaEMwvrlEyWKo1QCDshU2', '-OaF0Sp0pgZKkfQXuyK8', '-OaT0cTic_9BfOLzp2mv', 'General Task', '-OaHdsmqBOMH8PjjyVdp', 'Nexistry Digital Solutions', 'black friday', '2025-11-19 01:21:56', '2025-11-19 06:29:21', 18445, 0, 0, NULL, '2025-11-19 01:21:56', '2025-11-19 06:29:21'),
('-OeRUCPK_QxRLLELUn1V', 'rPYKipBcdXUhEd3qpdjEzjNw70m2', '-OaF0Sp0pgZKkfQXuyK8', '-Ob8Ye2czaiPdf0BGXPT', 'instagram daily task', '-Oab9e6-B6FqEVVh5K49', 'Harri Ducker', 'daily task', '2025-11-19 05:04:00', '2025-11-19 07:09:00', 7500, 0, 1, NULL, '2025-11-19 06:20:18', '2025-11-19 06:22:11'),
('-OesIrBSWaTaHuCYS9Wk', 'dYMNyLpVH6XmDVMJk8QQMvj8NWX2', '-OaF0Sp0pgZKkfQXuyK8', '-OaT0cTic_9BfOLzp2mv', 'General Task', '-OaHdsmqBOMH8PjjyVdp', 'Nexistry Digital Solutions', '* Added several sections to the two one-page websites created for the resorts. * Two sample profile landing pages created to showcase portfolio work completed under the Nexistry Digital Solutions Black Friday Sale Special. (Undone)', '2025-11-24 16:00:06', '2025-11-24 18:56:08', 10562, 0, 0, NULL, '2025-11-24 16:00:06', '2025-11-24 18:56:08'),
('-OesIUppgZOCQuNCgeUE', 'gSb0eR1DWTTW4uzY2V6A1as0Riw2', '-OaF0Sp0pgZKkfQXuyK8', '-OaT0cTic_9BfOLzp2mv', 'General Task', '-OaHdsmqBOMH8PjjyVdp', 'Nexistry Digital Solutions', 'nexistry', '2025-11-24 15:58:29', '2025-11-24 18:02:49', 7459, 0, 0, NULL, '2025-11-24 15:58:29', '2025-11-24 18:02:49'),
('-OesJ8tgI3oDb7PnVRE8', 'UzY6A27FBYSJbDkjy9suM4aEdZ02', '-OaF0Sp0pgZKkfQXuyK8', '-Od6mHOx3QY0dQOlr7xZ', 'Data Super Center CRM', '-OaF_B5nlnRS_ZWFuesL', 'Dr. Billy William', '- FInish editing of Business name, logo, phone, and email loaded for Bella - snapshot funnel and survey from WFIG to DSSCRM and set it up - Recreate final Snapshots  - Start editing DSCCRM - Onboarding Funnel will continue tomorrow', '2025-11-24 16:01:23', '2025-11-24 20:02:52', 14489, 0, 1, NULL, '2025-11-24 16:01:23', '2025-11-24 20:02:52'),
('-OesJPb4dyByK7Rr6gHN', 'IqfD9WycDNYq0K0nL7zoJwQvA323', '-OaF0Sp0pgZKkfQXuyK8', '-OaT0cTic_9BfOLzp2mv', 'General Task', '-OaHdsmqBOMH8PjjyVdp', 'Nexistry Digital Solutions', 'Checking tasks from Client, Updating/follow-up', '2025-11-24 16:02:31', '2025-11-24 16:39:26', 2214, 0, 0, NULL, '2025-11-24 16:02:31', '2025-11-24 16:39:26'),
('-OesJPk5aQdh9iqnZ9zv', 'ZFaIkP4hL3VaGNFYXzlNxrXHZOj1', '-OaF0Sp0pgZKkfQXuyK8', '-OaSAH5HYkbn4_wC8Vt8', 'Deligation of Task', '-OaHdsmqBOMH8PjjyVdp', 'Nexistry Digital Solutions', 'delegation of Task', '2025-11-24 16:02:30', '2025-11-24 16:12:39', 609, 0, 0, NULL, '2025-11-24 16:02:30', '2025-11-24 16:12:39'),
('-Oesjx4fmHxhzMAULY3B', 'gSb0eR1DWTTW4uzY2V6A1as0Riw2', '-OaF0Sp0pgZKkfQXuyK8', '-Oc2qVsaJikeJV-ZqTe4', 'Weekly Meeting', '-OaF_B5nlnRS_ZWFuesL', 'Dr. Billy William', 'meeting with Dr Billy', '2025-11-24 18:02:49', '2025-11-24 18:44:21', 2492, 0, 1, NULL, '2025-11-24 18:02:49', '2025-11-24 18:44:47'),
('-OesL2gfHG_HUPcGckFK', '7CFx1LWWNLZUsyoOeGizUsWaUkz1', '-OaF0Sp0pgZKkfQXuyK8', '-Od6mHOx3QY0dQOlr7xZ', 'Data Super Center CRM', '-OaF_B5nlnRS_ZWFuesL', 'Dr. Billy William', 'Bella Noire Collection: Create Form - bella_new subscriber * Create 10 email templates - folder name: Bella Noire_Email templates * Create 9 automations * Create tags and custom fields for automation used * Update canva pricing plan - DSCCRM Pricing Plan', '2025-11-24 16:09:41', '2025-11-24 20:10:14', 14433, 0, 1, NULL, '2025-11-24 16:09:41', '2025-11-24 20:10:14'),
('-OesLjtVSTyEayP-4qoY', 'ZFaIkP4hL3VaGNFYXzlNxrXHZOj1', '-OaF0Sp0pgZKkfQXuyK8', '-OaIvcxkKmxNcutRyzCt', 'Reels', '-OaF_PI3x-J9swtbjdzY', 'Rebecca Davis', 'Update Wordpress About page and contact Melisa for the details of other pages, also create reels for the December event and Newslaetter', '2025-11-24 16:12:41', '2025-11-25 00:17:51', 29109, 0, 0, NULL, '2025-11-24 16:12:41', '2025-11-25 00:17:51'),
('-OesNW_-sqgGDy2ebqof', '9gcUwwHP9vRYPW2tUKso2eAscdw1', '-OaF0Sp0pgZKkfQXuyK8', '-OaT0cTic_9BfOLzp2mv', 'General Task', '-OaHdsmqBOMH8PjjyVdp', 'Nexistry Digital Solutions', 'nicagomezv2 customization, changed EDS button text from \"Book a Call\' to \"Contact Us\". Nexistry Digital Solutions AI agents', '2025-11-24 16:20:28', '2025-11-24 20:22:53', 14544, 0, 1, NULL, '2025-11-24 16:20:28', '2025-11-24 20:22:53'),
('-OestSgW7MVwJooYnmlr', 'gSb0eR1DWTTW4uzY2V6A1as0Riw2', '-OaF0Sp0pgZKkfQXuyK8', '-OaT0cTic_9BfOLzp2mv', 'General Task', '-OaHdsmqBOMH8PjjyVdp', 'Nexistry Digital Solutions', 'nexistry', '2025-11-24 18:44:22', '2025-11-25 01:02:35', 22692, 0, 0, NULL, '2025-11-24 18:44:22', '2025-11-25 01:02:35'),
('-OesUFjwyK4z0H38Zfy6', 'IqfD9WycDNYq0K0nL7zoJwQvA323', '-OaF0Sp0pgZKkfQXuyK8', '-OeQQYDSRFzlSz-D1Vbk', 'Lead Generation', '-OaHdsmqBOMH8PjjyVdp', 'Nexistry Digital Solutions', 'Looking for another set of prospect, Helping Dan for testing the Voice AI, and Giving website/Landing page', '2025-11-24 16:49:54', '2025-11-24 19:11:52', 8517, 0, 0, NULL, '2025-11-24 16:49:54', '2025-11-24 19:11:52'),
('-Oesw92MUMYJxePCg9zP', 'dYMNyLpVH6XmDVMJk8QQMvj8NWX2', '-OaF0Sp0pgZKkfQXuyK8', '-Oc9TPmCg_IvnLBEBqKZ', 'Website', '-OaF_i7zD_3pxQlBlXcK', 'Damien Tugwell', 'Added backgrounds and various graphics to the EDS pages to eliminate the \'unplain\' look, optimizing 15 pages in total. The mobile appearance for these pages was also adjusted.', '2025-11-24 18:56:09', '2025-11-24 22:37:05', 13256, 0, 0, NULL, '2025-11-24 18:56:09', '2025-11-24 22:37:05'),
('-Oet0BpUQnl0XDMxtArF', 'IqfD9WycDNYq0K0nL7zoJwQvA323', '-OaF0Sp0pgZKkfQXuyK8', '-OaT0cTic_9BfOLzp2mv', 'General Task', '-OaHdsmqBOMH8PjjyVdp', 'Nexistry Digital Solutions', 'portfolio', '2025-11-24 19:18:11', '2025-11-24 19:26:54', 522, 0, 0, NULL, '2025-11-24 19:18:11', '2025-11-24 19:26:54'),
('-Oet3WqkmBEFJREvTXeW', 'IqfD9WycDNYq0K0nL7zoJwQvA323', '-OaF0Sp0pgZKkfQXuyK8', '-OaT0cTic_9BfOLzp2mv', 'General Task', '-OaHdsmqBOMH8PjjyVdp', 'Nexistry Digital Solutions', 'Portfolio', '2025-11-24 19:32:44', '2025-11-24 20:18:35', 2750, 0, 0, NULL, '2025-11-24 19:32:44', '2025-11-24 20:18:35'),
('-OeTaar8n-GM8__Qzb9P', 'IqfD9WycDNYq0K0nL7zoJwQvA323', '-OaF0Sp0pgZKkfQXuyK8', '-OaT0cTic_9BfOLzp2mv', 'General Task', '-OaHdsmqBOMH8PjjyVdp', 'Nexistry Digital Solutions', 'Discussed BFS, while updating/following up clients and tasks', '2025-11-19 16:11:51', '2025-11-19 17:43:57', 5526, 0, 0, NULL, '2025-11-19 16:11:51', '2025-11-19 17:43:57'),
('-OeTaO-yKUY8KLAUYoWS', 'dYMNyLpVH6XmDVMJk8QQMvj8NWX2', '-OaF0Sp0pgZKkfQXuyK8', '-OaIjBREBZXCHIRDF2xE', 'Social Media Posting', '-OaHdsmqBOMH8PjjyVdp', 'Nexistry Digital Solutions', '- Five content pieces created for Nexistry Digital Solutions\' Black Friday Promo posting. - https://www.canva.com/design/DAG5Mn6atzw/bDVOV8kW62puYnf2uudSnQ/edit?utm_content=DAG5Mn6atzw&utm_campaign=designshare&utm_medium=link2&utm_source=sharebutton', '2025-11-19 16:10:56', '2025-11-19 22:26:39', 22543, 0, 0, NULL, '2025-11-19 16:10:56', '2025-11-19 22:26:39'),
('-OetdWA8gubrHDtuy_BJ', '9gcUwwHP9vRYPW2tUKso2eAscdw1', '-OaF0Sp0pgZKkfQXuyK8', '-Od6mHOx3QY0dQOlr7xZ', 'Data Super Center CRM', '-OaF_B5nlnRS_ZWFuesL', 'Dr. Billy William', 'Terms of Use page', '2025-11-24 22:14:20', '2025-11-24 23:13:54', 3573, 0, 1, NULL, '2025-11-24 22:14:20', '2025-11-24 23:13:54'),
('-OetiiRlPQ_3G60UUmuS', 'dYMNyLpVH6XmDVMJk8QQMvj8NWX2', '-OaF0Sp0pgZKkfQXuyK8', '-OdHd_uiwV32EZIKq7fv', 'Heygen video', '-OaF_rhnBqSPRApXlxhz', 'Meaghan Bird', 'Continued editing the video that was not finished yesterday, and created another HeyGen video that will be continued/edited tomorrow.', '2025-11-24 22:37:05', '2025-11-25 00:38:34', 7289, 0, 1, NULL, '2025-11-24 22:37:05', '2025-11-25 00:38:34'),
('-OetNAtJra2h9j9IRPRx', '9gcUwwHP9vRYPW2tUKso2eAscdw1', '-OaF0Sp0pgZKkfQXuyK8', '-OaT0cTic_9BfOLzp2mv', 'General Task', '-OaHdsmqBOMH8PjjyVdp', 'Nexistry Digital Solutions', 'nicagomezv2 customization', '2025-11-24 20:58:36', '2025-11-24 22:14:16', 4539, 0, 1, NULL, '2025-11-24 20:58:36', '2025-11-24 22:14:16'),
('-Oetr8qFpydtNNAMRpO3', '9gcUwwHP9vRYPW2tUKso2eAscdw1', '-OaF0Sp0pgZKkfQXuyK8', '-OaXrOkWMqGQE9d-3fMl', 'Lead Generation', '-OaF_i7zD_3pxQlBlXcK', 'Damien Tugwell', 'EDS graphics for social media posting', '2025-11-24 23:13:54', '2025-11-24 23:34:33', 1238, 0, 1, NULL, '2025-11-24 23:13:54', '2025-11-24 23:37:23'),
('-OeTrUX7Pghw_I9JzYkA', 'ZFaIkP4hL3VaGNFYXzlNxrXHZOj1', '-OaF0Sp0pgZKkfQXuyK8', '-OaIvcxkKmxNcutRyzCt', 'Reels', '-OaF_PI3x-J9swtbjdzY', 'Rebecca Davis', 'Create Version 2 of December event and also reels', '2025-11-19 17:25:38', '2025-11-20 00:43:06', 26248, 0, 0, NULL, '2025-11-19 17:25:38', '2025-11-20 00:43:06'),
('-OetTDfj5VhL28b6DDSl', 'IqfD9WycDNYq0K0nL7zoJwQvA323', '-OaF0Sp0pgZKkfQXuyK8', '-OeQQYDSRFzlSz-D1Vbk', 'Lead Generation', '-OaHdsmqBOMH8PjjyVdp', 'Nexistry Digital Solutions', 'Calling prospect clients', '2025-11-24 21:25:02', '2025-11-24 23:34:50', 7788, 0, 0, NULL, '2025-11-24 21:25:02', '2025-11-24 23:34:50'),
('-OeTvgAVCibUjReI8j8Z', 'IqfD9WycDNYq0K0nL7zoJwQvA323', '-OaF0Sp0pgZKkfQXuyK8', '-OaIjBREBZXCHIRDF2xE', 'Social Media Posting', '-OaHdsmqBOMH8PjjyVdp', 'Nexistry Digital Solutions', 'generated script for BFS (black friday sale)', '2025-11-19 17:43:58', '2025-11-19 18:00:37', 998, 0, 0, NULL, '2025-11-19 17:43:58', '2025-11-19 18:00:37'),
('-OeTVNRcofeK8hG5-wW2', 'NftSf9kvaEMwvrlEyWKo1QCDshU2', '-OaF0Sp0pgZKkfQXuyK8', '-Oc9TPmCg_IvnLBEBqKZ', 'Website', '-OaF_i7zD_3pxQlBlXcK', 'Damien Tugwell', 'saas', '2025-11-19 15:44:40', '2025-11-20 01:47:51', 36190, 0, 0, NULL, '2025-11-19 15:44:40', '2025-11-20 01:47:51'),
('-OetvsVG6aDvl85t09Xv', '9gcUwwHP9vRYPW2tUKso2eAscdw1', '-OaF0Sp0pgZKkfQXuyK8', '-OaT0cTic_9BfOLzp2mv', 'General Task', '-OaHdsmqBOMH8PjjyVdp', 'Nexistry Digital Solutions', 'nicagomezv2 website customization. Edited canva for EDS. Test AI agents', '2025-11-24 23:34:34', '2025-11-25 01:00:45', 5171, 0, 1, NULL, '2025-11-24 23:34:34', '2025-11-25 01:00:45'),
('-OetvwN7m0OZJdz9Io58', 'IqfD9WycDNYq0K0nL7zoJwQvA323', '-OaF0Sp0pgZKkfQXuyK8', '-OaT0cTic_9BfOLzp2mv', 'General Task', '-OaHdsmqBOMH8PjjyVdp', 'Nexistry Digital Solutions', 'Sending text messages, EOD', '2025-11-24 15:34:00', '2025-11-24 10:16:00', 9745, 0, 0, NULL, '2025-11-24 23:34:51', '2025-11-25 22:29:51'),
('-OeTwJ9UT5A4j05JLPgn', '9gcUwwHP9vRYPW2tUKso2eAscdw1', '-OaF0Sp0pgZKkfQXuyK8', '-OaXrOkWMqGQE9d-3fMl', 'Lead Generation', '-OaF_i7zD_3pxQlBlXcK', 'Damien Tugwell', 'Marketing Poster for 20AUD promo and content AI fro social media posting', '2025-11-19 17:46:40', '2025-11-19 20:10:59', 8659, 0, 1, NULL, '2025-11-19 17:46:40', '2025-11-19 20:10:59'),
('-OeTYolUatytz6IRrn3e', '7CFx1LWWNLZUsyoOeGizUsWaUkz1', '-OaF0Sp0pgZKkfQXuyK8', '-OeQQYDSRFzlSz-D1Vbk', 'Lead Generation', '-OaHdsmqBOMH8PjjyVdp', 'Nexistry Digital Solutions', 'Black Friday Funnel mobile and polish desktop, add pop-up', '2025-11-19 15:59:43', '2025-11-20 00:06:35', 29212, 0, 1, NULL, '2025-11-19 15:59:43', '2025-11-20 00:06:35'),
('-OeTZLccpkNns6YbieMt', 'ZFaIkP4hL3VaGNFYXzlNxrXHZOj1', '-OaF0Sp0pgZKkfQXuyK8', '-OaSAH5HYkbn4_wC8Vt8', 'Deligation of Task', '-OaHdsmqBOMH8PjjyVdp', 'Nexistry Digital Solutions', 'Delegation of task and Instruction for Nexistry Core handling the client', '2025-11-19 16:02:01', '2025-11-19 17:25:37', 5015, 0, 0, NULL, '2025-11-19 16:02:01', '2025-11-19 17:25:37'),
('-OeTZOnKXRYbs9X-G6ZF', 'UzY6A27FBYSJbDkjy9suM4aEdZ02', '-OaF0Sp0pgZKkfQXuyK8', '-Od6mHOx3QY0dQOlr7xZ', 'Data Super Center CRM', '-OaF_B5nlnRS_ZWFuesL', 'Dr. Billy William', 'Edit welcome video for every plans', '2025-11-19 16:02:14', '2025-11-19 20:07:02', 14688, 0, 1, NULL, '2025-11-19 16:02:14', '2025-11-19 20:07:02'),
('-OeT_l_7wnbDbe1oCcFv', 'gSb0eR1DWTTW4uzY2V6A1as0Riw2', '-OaF0Sp0pgZKkfQXuyK8', '-OaT0cTic_9BfOLzp2mv', 'General Task', '-OaHdsmqBOMH8PjjyVdp', 'Nexistry Digital Solutions', 'nexistry', '2025-11-19 16:08:13', '2025-11-19 22:13:45', 21931, 0, 0, NULL, '2025-11-19 16:08:13', '2025-11-19 22:13:45'),
('-OeU1A_0fY5YXWf3Mh2X', 'IqfD9WycDNYq0K0nL7zoJwQvA323', '-OaF0Sp0pgZKkfQXuyK8', '-OaIjBREBZXCHIRDF2xE', 'Social Media Posting', '-OaHdsmqBOMH8PjjyVdp', 'Nexistry Digital Solutions', 'BFS video', '2025-11-19 18:12:20', '2025-11-19 19:58:37', 6377, 0, 0, NULL, '2025-11-19 18:12:20', '2025-11-19 19:58:37'),
('-OeUPnWruW-cmO6csxtF', 'IqfD9WycDNYq0K0nL7zoJwQvA323', '-OaF0Sp0pgZKkfQXuyK8', '-Oax9h97qVLyv9YjRjJg', 'Documentation', '-OaF_i7zD_3pxQlBlXcK', 'Damien Tugwell', 'Meeting Transcript', '2025-11-19 19:59:55', '2025-11-19 20:06:25', 390, 0, 0, NULL, '2025-11-19 19:59:55', '2025-11-19 20:06:25'),
('-OeUTtU5ZvlL03lV_Mue', 'IqfD9WycDNYq0K0nL7zoJwQvA323', '-OaF0Sp0pgZKkfQXuyK8', '-OaT0cTic_9BfOLzp2mv', 'General Task', '-OaHdsmqBOMH8PjjyVdp', 'Nexistry Digital Solutions', 'gen', '2025-11-19 20:17:48', '2025-11-19 20:23:36', 348, 0, 0, NULL, '2025-11-19 20:17:48', '2025-11-19 20:23:36'),
('-OeUwOAOchvZk7ha0hyP', 'dYMNyLpVH6XmDVMJk8QQMvj8NWX2', '-OaF0Sp0pgZKkfQXuyK8', '-OdHd_uiwV32EZIKq7fv', 'Heygen video', '-OaF_rhnBqSPRApXlxhz', 'Meaghan Bird', 'Continued the work of creating and editing the video content about peptides for posting. One video has been fully edited and finished, and a second one has been generated using HeyGen but still requires editing.', '2025-11-19 22:26:40', '2025-11-20 00:27:33', 7252, 0, 1, NULL, '2025-11-19 22:26:40', '2025-11-20 00:27:33'),
('-OeUZPL83EkRhpU0XU3C', '9gcUwwHP9vRYPW2tUKso2eAscdw1', '-OaF0Sp0pgZKkfQXuyK8', '-OaXrOkWMqGQE9d-3fMl', 'Lead Generation', '-OaF_i7zD_3pxQlBlXcK', 'Damien Tugwell', 'Graphic Design for Social Media Posting', '2025-11-19 20:41:54', '2025-11-20 01:05:37', 15822, 0, 1, NULL, '2025-11-19 20:41:54', '2025-11-20 01:05:37'),
('-OeV3EsY7ErzDaW6WOfQ', 'gSb0eR1DWTTW4uzY2V6A1as0Riw2', '-OaF0Sp0pgZKkfQXuyK8', '-OaT0cTic_9BfOLzp2mv', 'General Task', '-OaHdsmqBOMH8PjjyVdp', 'Nexistry Digital Solutions', 'nexistry', '2025-11-19 23:00:59', '2025-11-20 02:03:14', 10935, 0, 0, NULL, '2025-11-19 23:00:59', '2025-11-20 02:03:14'),
('-OeVeRfPSEu8q8fL5iP2', 'NftSf9kvaEMwvrlEyWKo1QCDshU2', '-OaF0Sp0pgZKkfQXuyK8', '-OaT0cTic_9BfOLzp2mv', 'General Task', '-OaHdsmqBOMH8PjjyVdp', 'Nexistry Digital Solutions', 'nexiflow and zak\'s meeting', '2025-11-20 01:47:53', '2025-11-20 06:19:58', 16325, 0, 0, NULL, '2025-11-20 01:47:53', '2025-11-20 06:19:58'),
('-OeVVlXsSrnwGDg_Sy3p', '9gcUwwHP9vRYPW2tUKso2eAscdw1', '-OaF0Sp0pgZKkfQXuyK8', '-OaT0cTic_9BfOLzp2mv', 'General Task', '-OaHdsmqBOMH8PjjyVdp', 'Nexistry Digital Solutions', 'Add field in career website which is the referred by and Social Media Posting About Black Friday Sales of Nexistry Digital Solutions', '2025-11-20 01:05:38', '2025-11-20 02:17:47', 4329, 0, 1, NULL, '2025-11-20 01:05:38', '2025-11-20 02:17:47'),
('-OeW1drBHQlIsomEDY2y', 'IqfD9WycDNYq0K0nL7zoJwQvA323', '-OaF0Sp0pgZKkfQXuyK8', '-Oc0-NZcR-JmSiJWPY00', 'Client Meeting', '-OaHdsmqBOMH8PjjyVdp', 'Nexistry Digital Solutions', 'Meeting with Zak', '2025-11-20 03:33:37', '2025-11-20 04:38:37', 3899, 0, 0, NULL, '2025-11-20 03:33:37', '2025-11-20 04:38:37'),
('-OeWYyk1jy924rTxWmLa', 'rPYKipBcdXUhEd3qpdjEzjNw70m2', '-OaF0Sp0pgZKkfQXuyK8', '-Ob8Ye2czaiPdf0BGXPT', 'instagram daily task', '-Oab9e6-B6FqEVVh5K49', 'Harri Ducker', 'daily task', '2025-11-20 05:57:00', '2025-11-20 07:59:00', 7320, 0, 1, NULL, '2025-11-20 05:59:15', '2025-11-20 06:01:39'),
('-OexdHbMzk7VMJNj78tV', '9gcUwwHP9vRYPW2tUKso2eAscdw1', '-OaF0Sp0pgZKkfQXuyK8', '-OaXrOkWMqGQE9d-3fMl', 'Lead Generation', '-OaF_i7zD_3pxQlBlXcK', 'Damien Tugwell', 'contact us form workflow', '2025-11-25 16:51:49', '2025-11-25 17:50:07', 3498, 0, 1, NULL, '2025-11-25 16:51:49', '2025-11-25 17:50:07'),
('-OexqcomCJGtujSIyO0-', '9gcUwwHP9vRYPW2tUKso2eAscdw1', '-OaF0Sp0pgZKkfQXuyK8', '-OeQQYDSRFzlSz-D1Vbk', 'Lead Generation', '-OaHdsmqBOMH8PjjyVdp', 'Nexistry Digital Solutions', 'AI agents - put into landing pages (undone)', '2025-11-25 17:50:08', '2025-11-25 20:08:33', 8305, 0, 1, NULL, '2025-11-25 17:50:08', '2025-11-25 20:08:33'),
('-OexRJy_Qrwj8xM7Jlh9', 'NftSf9kvaEMwvrlEyWKo1QCDshU2', '-OaF0Sp0pgZKkfQXuyK8', '-OeQQYDSRFzlSz-D1Vbk', 'Lead Generation', '-OaHdsmqBOMH8PjjyVdp', 'Nexistry Digital Solutions', 'nexistry core and commission sheet', '2025-11-25 15:55:11', '2025-11-26 01:23:51', 34119, 0, 0, NULL, '2025-11-25 15:55:11', '2025-11-26 01:23:51'),
('-OexRwXKXbsr-kDQUxgJ', '7CFx1LWWNLZUsyoOeGizUsWaUkz1', '-OaF0Sp0pgZKkfQXuyK8', '-Od6mHOx3QY0dQOlr7xZ', 'Data Super Center CRM', '-OaF_B5nlnRS_ZWFuesL', 'Dr. Billy William', '* Create Plan page - with animations * Create 3 Plans in Canva * Create pop-ups for Plans * Edit bg image and color for Home page * Edit color text to highligh services * Adjust font size, paddings, and images to plan page mobile', '2025-11-25 15:57:53', '2025-11-25 20:08:54', 15061, 0, 1, NULL, '2025-11-25 15:57:53', '2025-11-25 20:08:54'),
('-OexSGUfKx3WZ7IIbIka', 'UzY6A27FBYSJbDkjy9suM4aEdZ02', '-OaF0Sp0pgZKkfQXuyK8', '-Od6mHOx3QY0dQOlr7xZ', 'Data Super Center CRM', '-OaF_B5nlnRS_ZWFuesL', 'Dr. Billy William', '- Edit survey - Edit landing page mobile mode, desktop mode - Published the landing page please do check  - here\'s the link https://crm.datasupercenter.com/home-page-535247', '2025-11-25 15:59:19', '2025-11-25 21:01:23', 18123, 0, 1, NULL, '2025-11-25 15:59:19', '2025-11-25 21:01:23'),
('-OexSSb-wK3PLoc5kgzg', 'dYMNyLpVH6XmDVMJk8QQMvj8NWX2', '-OaF0Sp0pgZKkfQXuyK8', '-OaT0cTic_9BfOLzp2mv', 'General Task', '-OaHdsmqBOMH8PjjyVdp', 'Nexistry Digital Solutions', '* Two sample profile landing pages created to showcase portfolio work completed under the Nexistry Digital Solutions Black Friday Sale Special. * Landing Page 1: Michelle Rivera – Online Bookkeeping Assistance - https://app.gohighlevel.com/v2/preview/Us7v8Frbnd1TfXDGGNEn * Landing Page 2: Ethan Parker – Digital Artist | Art Commissions & Creative Studio - https://app.gohighlevel.com/v2/preview/FZ2wXglyelaZzxRV1nHj', '2025-11-25 16:00:08', '2025-11-25 20:43:47', 17018, 0, 0, NULL, '2025-11-25 16:00:08', '2025-11-25 20:43:47'),
('-OexTe6tTTlXJ03om10g', '9gcUwwHP9vRYPW2tUKso2eAscdw1', '-OaF0Sp0pgZKkfQXuyK8', '-OaT0cTic_9BfOLzp2mv', 'General Task', '-OaHdsmqBOMH8PjjyVdp', 'Nexistry Digital Solutions', 'Test and revised AI agents', '2025-11-25 16:05:22', '2025-11-25 16:51:49', 2786, 0, 1, NULL, '2025-11-25 16:05:22', '2025-11-25 16:51:49'),
('-OexTGsa6be7X7GRLTNE', 'ZFaIkP4hL3VaGNFYXzlNxrXHZOj1', '-OaF0Sp0pgZKkfQXuyK8', '-OaSAH5HYkbn4_wC8Vt8', 'Deligation of Task', '-OaHdsmqBOMH8PjjyVdp', 'Nexistry Digital Solutions', 'Delegation of task', '2025-11-25 16:03:41', '2025-11-25 16:07:43', 242, 0, 0, NULL, '2025-11-25 16:03:41', '2025-11-25 16:07:43'),
('-OexUCPJMliMn3CyM05G', 'ZFaIkP4hL3VaGNFYXzlNxrXHZOj1', '-OaF0Sp0pgZKkfQXuyK8', '-OaIvkJXHJFIemvsBT2o', 'Landing Page', '-OaF_PI3x-J9swtbjdzY', 'Rebecca Davis', 'Create Page For  How to join the Kannonball Team and Rebeccas HAFA page in Wordpress, i already put all the details and the design for both pages still needs to be finalize', '2025-11-25 16:07:44', '2025-11-26 00:19:06', 29481, 0, 0, NULL, '2025-11-25 16:07:44', '2025-11-26 00:19:06'),
('-OexVKGuBuS_-JZE5g0y', 'gSb0eR1DWTTW4uzY2V6A1as0Riw2', '-OaF0Sp0pgZKkfQXuyK8', '-OaT0cTic_9BfOLzp2mv', 'General Task', '-OaHdsmqBOMH8PjjyVdp', 'Nexistry Digital Solutions', 'nexistry', '2025-11-25 16:12:40', '2025-11-26 01:07:22', 32081, 0, 0, NULL, '2025-11-25 16:12:40', '2025-11-26 01:07:22'),
('-OexWOZ_kxQdpeAyj37z', 'IqfD9WycDNYq0K0nL7zoJwQvA323', '-OaF0Sp0pgZKkfQXuyK8', '-OeQQYDSRFzlSz-D1Vbk', 'Lead Generation', '-OaHdsmqBOMH8PjjyVdp', 'Nexistry Digital Solutions', 'Follow-up clients, CAlled prospect clients, Gathering another batch to call', '2025-11-25 16:17:19', '2025-11-25 18:16:03', 7123, 0, 0, NULL, '2025-11-25 16:17:19', '2025-11-25 18:16:03'),
('-Oey7ah4ZAq6VKkweljG', 'IqfD9WycDNYq0K0nL7zoJwQvA323', '-OaF0Sp0pgZKkfQXuyK8', '-OeQQYDSRFzlSz-D1Vbk', 'Lead Generation', '-OaHdsmqBOMH8PjjyVdp', 'Nexistry Digital Solutions', 'Prospect finding', '2025-11-25 19:08:37', '2025-11-25 20:23:46', 4509, 0, 0, NULL, '2025-11-25 19:08:37', '2025-11-25 20:23:46'),
('-OeycCICJqFYYxR_s0qs', 'dYMNyLpVH6XmDVMJk8QQMvj8NWX2', '-OaF0Sp0pgZKkfQXuyK8', '-OaT0cTic_9BfOLzp2mv', 'General Task', '-OaHdsmqBOMH8PjjyVdp', 'Nexistry Digital Solutions', 'Landing Page 3: Noah Hart - Fitness Coach - https://app.gohighlevel.com/v2/preview/KTcHRTvxUuFGMrg0LrQp', '2025-11-25 21:26:42', '2025-11-26 00:07:10', 9627, 0, 0, NULL, '2025-11-25 21:26:42', '2025-11-26 00:07:10'),
('-OeyeDTQWFspz8oPgYuz', 'IqfD9WycDNYq0K0nL7zoJwQvA323', '-OaF0Sp0pgZKkfQXuyK8', '-OeQQYDSRFzlSz-D1Vbk', 'Lead Generation', '-OaHdsmqBOMH8PjjyVdp', 'Nexistry Digital Solutions', 'calling and finding prospect, sending messages and answering a questionnaire', '2025-11-25 21:35:30', '2025-11-26 02:12:04', 16594, 0, 0, NULL, '2025-11-25 21:35:30', '2025-11-26 02:12:04'),
('-OeYhqwLSm-smwoVXH59', 'ZFaIkP4hL3VaGNFYXzlNxrXHZOj1', '-OaF0Sp0pgZKkfQXuyK8', '-OaSAH5HYkbn4_wC8Vt8', 'Deligation of Task', '-OaHdsmqBOMH8PjjyVdp', 'Nexistry Digital Solutions', 'Delegation of Task', '2025-11-20 16:01:38', '2025-11-20 16:04:01', 143, 0, 0, NULL, '2025-11-20 16:01:38', '2025-11-20 16:04:01'),
('-OeYhV1ZnsLagrZw_4Fq', 'gSb0eR1DWTTW4uzY2V6A1as0Riw2', '-OaF0Sp0pgZKkfQXuyK8', '-OaT0cTic_9BfOLzp2mv', 'General Task', '-OaHdsmqBOMH8PjjyVdp', 'Nexistry Digital Solutions', 'nexistry', '2025-11-20 16:00:04', '2025-11-20 16:40:51', 2446, 0, 0, NULL, '2025-11-20 16:00:04', '2025-11-20 16:40:51'),
('-OeYhxGh5HJVx9JAmJvx', 'UzY6A27FBYSJbDkjy9suM4aEdZ02', '-OaF0Sp0pgZKkfQXuyK8', '-Od6mHOx3QY0dQOlr7xZ', 'Data Super Center CRM', '-OaF_B5nlnRS_ZWFuesL', 'Dr. Billy William', 'Edit welcome video - checking email templates - checking workflows - not yet done in editing workflows', '2025-11-20 16:02:06', '2025-11-20 20:10:19', 14892, 0, 1, NULL, '2025-11-20 16:02:06', '2025-11-20 20:10:19'),
('-OeYi2lxHkb41GagV85Q', 'NftSf9kvaEMwvrlEyWKo1QCDshU2', '-OaF0Sp0pgZKkfQXuyK8', '-Oc9TPmCg_IvnLBEBqKZ', 'Website', '-OaF_i7zD_3pxQlBlXcK', 'Damien Tugwell', 'elevate promo', '2025-11-20 16:02:31', '2025-11-20 20:31:41', 16150, 0, 0, NULL, '2025-11-20 16:02:31', '2025-11-20 20:31:41'),
('-OeYiP3esmSVBbklKVqa', 'ZFaIkP4hL3VaGNFYXzlNxrXHZOj1', '-OaF0Sp0pgZKkfQXuyK8', '-OaIvcxkKmxNcutRyzCt', 'Reels', '-OaF_PI3x-J9swtbjdzY', 'Rebecca Davis', 'Create Reels for December Events', '2025-11-20 16:04:02', '2025-11-21 00:20:15', 29773, 0, 0, NULL, '2025-11-20 16:04:02', '2025-11-21 00:20:15'),
('-OeYiw7i9SAHqFfCBrDz', 'IqfD9WycDNYq0K0nL7zoJwQvA323', '-OaF0Sp0pgZKkfQXuyK8', '-OaT0cTic_9BfOLzp2mv', 'General Task', '-OaHdsmqBOMH8PjjyVdp', 'Nexistry Digital Solutions', 'go over with clients tasks, follow ups', '2025-11-20 16:06:22', '2025-11-20 16:42:22', 2160, 0, 0, NULL, '2025-11-20 16:06:22', '2025-11-20 16:42:22'),
('-OeYjIHIr_OsBeGkbfCs', '7CFx1LWWNLZUsyoOeGizUsWaUkz1', '-OaF0Sp0pgZKkfQXuyK8', '-Od6mHOx3QY0dQOlr7xZ', 'Data Super Center CRM', '-OaF_B5nlnRS_ZWFuesL', 'Dr. Billy William', '* Create 14 Email templates  [7 folders with designated folder names] * Create 7 automations [folder name: DSCCRM_Workflows]', '2025-11-20 16:07:55', '2025-11-20 20:11:13', 14598, 0, 1, NULL, '2025-11-20 16:07:55', '2025-11-20 20:11:13'),
('-OeYpi9nXGhcbjd9T_x-', 'dYMNyLpVH6XmDVMJk8QQMvj8NWX2', '-OaF0Sp0pgZKkfQXuyK8', '-OaIjBREBZXCHIRDF2xE', 'Social Media Posting', '-OaHdsmqBOMH8PjjyVdp', 'Nexistry Digital Solutions', '- Created six new post content designs for the Nexistry Digital Solutions Black Friday Sale Special. - https://www.canva.com/design/DAG5Mn6atzw/bDVOV8kW62puYnf2uudSnQ/edit?utm_content=DAG5Mn6atzw&utm_campaign=designshare&utm_medium=link2&utm_source=sharebutton', '2025-11-20 16:36:01', '2025-11-20 21:55:32', 19170, 0, 0, NULL, '2025-11-20 16:36:01', '2025-11-20 21:55:32'),
('-OeYqpVOzW4v9kC98fBD', 'gSb0eR1DWTTW4uzY2V6A1as0Riw2', '-OaF0Sp0pgZKkfQXuyK8', '-OeYwMOL0tHYBId0_uqR', 'Meeting with Andres', '-OaF_B5nlnRS_ZWFuesL', 'Dr. Billy William', 'Meeting with Andres', '2025-11-20 16:40:52', '2025-11-20 17:05:21', 1469, 0, 1, NULL, '2025-11-20 16:40:52', '2025-11-20 17:33:14'),
('-OeySmAgd2LjfhgkwVF-', '9gcUwwHP9vRYPW2tUKso2eAscdw1', '-OaF0Sp0pgZKkfQXuyK8', '-OeQQYDSRFzlSz-D1Vbk', 'Lead Generation', '-OaHdsmqBOMH8PjjyVdp', 'Nexistry Digital Solutions', 'AI AGENTS', '2025-11-25 20:41:10', '2025-11-25 20:52:24', 674, 0, 1, NULL, '2025-11-25 20:41:10', '2025-11-25 20:52:24'),
('-OeYu8-4GLKCq1EqoYut', 'IqfD9WycDNYq0K0nL7zoJwQvA323', '-OaF0Sp0pgZKkfQXuyK8', '-OaT0cTic_9BfOLzp2mv', 'General Task', '-OaHdsmqBOMH8PjjyVdp', 'Nexistry Digital Solutions', 'Checked LGS work', '2025-11-20 16:55:18', '2025-11-20 17:26:57', 1898, 0, 0, NULL, '2025-11-20 16:55:18', '2025-11-20 17:26:57'),
('-OeyVLtA6f8i8T4ZtaPH', '9gcUwwHP9vRYPW2tUKso2eAscdw1', '-OaF0Sp0pgZKkfQXuyK8', '-OaXrOkWMqGQE9d-3fMl', 'Lead Generation', '-OaF_i7zD_3pxQlBlXcK', 'Damien Tugwell', 'Made a Workflow template', '2025-11-25 20:52:24', '2025-11-25 23:53:38', 10873, 0, 1, NULL, '2025-11-25 20:52:24', '2025-11-25 23:53:38'),
('-OeYwRNmL4JjfLwFG4Z-', 'gSb0eR1DWTTW4uzY2V6A1as0Riw2', '-OaF0Sp0pgZKkfQXuyK8', '-OaT0cTic_9BfOLzp2mv', 'General Task', '-OaHdsmqBOMH8PjjyVdp', 'Nexistry Digital Solutions', 'nexistry', '2025-11-20 17:05:22', '2025-11-20 21:57:58', 17556, 0, 0, NULL, '2025-11-20 17:05:22', '2025-11-20 21:57:58'),
('-OeYxZQM4-AoN3Iq7sZp', '9gcUwwHP9vRYPW2tUKso2eAscdw1', '-OaF0Sp0pgZKkfQXuyK8', '-Oax9h97qVLyv9YjRjJg', 'Documentation', '-OaF_i7zD_3pxQlBlXcK', 'Damien Tugwell', 'Documentation for eds', '2025-11-20 17:10:16', '2025-11-20 17:50:19', 2402, 0, 1, NULL, '2025-11-20 17:10:16', '2025-11-20 17:50:19'),
('-OeZ3EJ2sQsfVcKuqIZV', 'IqfD9WycDNYq0K0nL7zoJwQvA323', '-OaF0Sp0pgZKkfQXuyK8', '-OaT0cTic_9BfOLzp2mv', 'General Task', '-OaHdsmqBOMH8PjjyVdp', 'Nexistry Digital Solutions', 'Kyna Meeting, Checked Sora 2, Prospect Finding (focused on Clinics), Meeting transcription for Damien', '2025-11-20 17:39:26', '2025-11-20 20:02:34', 8587, 0, 0, NULL, '2025-11-20 17:39:26', '2025-11-20 20:02:34'),
('-OeZ5jIdtTFRAteFKatw', '9gcUwwHP9vRYPW2tUKso2eAscdw1', '-OaF0Sp0pgZKkfQXuyK8', '-OaT0cTic_9BfOLzp2mv', 'General Task', '-OaHdsmqBOMH8PjjyVdp', 'Nexistry Digital Solutions', 'Nexistry Digital Solutions Website', '2025-11-20 17:50:20', '2025-11-20 19:59:13', 7733, 0, 1, NULL, '2025-11-20 17:50:20', '2025-11-20 19:59:13'),
('-Oez8pjWF20JS_nkkWGX', '9gcUwwHP9vRYPW2tUKso2eAscdw1', '-OaF0Sp0pgZKkfQXuyK8', '-OaT0cTic_9BfOLzp2mv', 'General Task', '-OaHdsmqBOMH8PjjyVdp', 'Nexistry Digital Solutions', 'nicagomezv2 customization, chat widget put into designated landing page and reviewed nikki\'s voice', '2025-11-25 23:53:39', '2025-11-26 00:39:35', 2756, 0, 0, NULL, '2025-11-25 23:53:39', '2025-11-26 00:39:35'),
('-OezBvuccLXHae8s9c1u', 'dYMNyLpVH6XmDVMJk8QQMvj8NWX2', '-OaF0Sp0pgZKkfQXuyK8', '-OdHd_uiwV32EZIKq7fv', 'Heygen video', '-OaF_rhnBqSPRApXlxhz', 'Meaghan Bird', 'Continued editing the video about peptides for posting on TikTok.', '2025-11-26 00:07:10', '2025-11-26 01:06:22', 3551, 0, 1, NULL, '2025-11-26 00:07:10', '2025-11-27 00:50:28'),
('-OeZemJjRv4tREcBo-we', '9gcUwwHP9vRYPW2tUKso2eAscdw1', '-OaF0Sp0pgZKkfQXuyK8', '-OaXrOkWMqGQE9d-3fMl', 'Lead Generation', '-OaF_i7zD_3pxQlBlXcK', 'Damien Tugwell', 'Marketing poster for EDS', '2025-11-20 20:27:49', '2025-11-20 21:38:20', 4230, 0, 1, NULL, '2025-11-20 20:27:49', '2025-11-20 21:38:20'),
('-OeZfeu7wPOK8NCcPc3o', 'NftSf9kvaEMwvrlEyWKo1QCDshU2', '-OaF0Sp0pgZKkfQXuyK8', '-OaT0cTic_9BfOLzp2mv', 'General Task', '-OaHdsmqBOMH8PjjyVdp', 'Nexistry Digital Solutions', 'voice and convo ai', '2025-11-20 20:31:42', '2025-11-21 00:55:17', 15815, 0, 0, NULL, '2025-11-20 20:31:42', '2025-11-21 00:55:17'),
('-OezTUG4J6xuoIB2xACG', 'NftSf9kvaEMwvrlEyWKo1QCDshU2', '-OaF0Sp0pgZKkfQXuyK8', '-OaT0cTic_9BfOLzp2mv', 'General Task', '-OaHdsmqBOMH8PjjyVdp', 'Nexistry Digital Solutions', 'commission board sheets and nexiflow', '2025-11-25 17:23:00', '2025-11-25 18:53:00', 34238, 0, 0, NULL, '2025-11-26 01:23:52', '2025-11-27 16:16:28'),
('-OeZuvSX_G5AwznTF2rU', '9gcUwwHP9vRYPW2tUKso2eAscdw1', '-OaF0Sp0pgZKkfQXuyK8', '-OaT0cTic_9BfOLzp2mv', 'General Task', '-OaHdsmqBOMH8PjjyVdp', 'Nexistry Digital Solutions', 'AI agents for Black Friday Sale', '2025-11-20 21:38:21', '2025-11-21 01:41:25', 14584, 0, 1, NULL, '2025-11-20 21:38:21', '2025-11-21 01:41:25'),
('-OeZyNXVP_mS_05OKJuK', 'IqfD9WycDNYq0K0nL7zoJwQvA323', '-OaF0Sp0pgZKkfQXuyK8', '-OeQQYDSRFzlSz-D1Vbk', 'Lead Generation', '-OaHdsmqBOMH8PjjyVdp', 'Nexistry Digital Solutions', 'Prospect Calling (Philippines)', '2025-11-20 21:53:28', '2025-11-20 22:01:21', 473, 0, 0, NULL, '2025-11-20 21:53:28', '2025-11-20 22:01:21'),
('-OeZZEOaY41Ca3edkCEM', '9gcUwwHP9vRYPW2tUKso2eAscdw1', '-OaF0Sp0pgZKkfQXuyK8', '-OaT0cTic_9BfOLzp2mv', 'General Task', '-OaHdsmqBOMH8PjjyVdp', 'Nexistry Digital Solutions', 'Nxistry Digital Solutions Website', '2025-11-20 19:59:14', '2025-11-20 20:02:11', 176, 0, 1, NULL, '2025-11-20 19:59:14', '2025-11-20 20:02:11'),
('-Oe_-BxpBuP_pQZ_7N2T', 'IqfD9WycDNYq0K0nL7zoJwQvA323', '-OaF0Sp0pgZKkfQXuyK8', '-OaT0cTic_9BfOLzp2mv', 'General Task', '-OaHdsmqBOMH8PjjyVdp', 'Nexistry Digital Solutions', 'Weekly Meeting', '2025-11-20 22:01:25', '2025-11-20 22:50:01', 2915, 0, 0, NULL, '2025-11-20 22:01:25', '2025-11-20 22:50:01'),
('-Oe_7RjWTT2DArXOq81l', 'gSb0eR1DWTTW4uzY2V6A1as0Riw2', '-OaF0Sp0pgZKkfQXuyK8', '-OaT0cTic_9BfOLzp2mv', 'General Task', '-OaHdsmqBOMH8PjjyVdp', 'Nexistry Digital Solutions', 'nexistry', '2025-11-20 22:37:26', '2025-11-21 00:54:52', 8246, 0, 0, NULL, '2025-11-20 22:37:26', '2025-11-21 00:54:52'),
('-Oe_AJtfM9zirYIgTMwa', 'IqfD9WycDNYq0K0nL7zoJwQvA323', '-OaF0Sp0pgZKkfQXuyK8', '-OaT0cTic_9BfOLzp2mv', 'General Task', '-OaHdsmqBOMH8PjjyVdp', 'Nexistry Digital Solutions', 'created discord roles for the upcoming Christmas Commercial', '2025-11-20 22:50:01', '2025-11-20 23:00:05', 603, 0, 0, NULL, '2025-11-20 22:50:01', '2025-11-20 23:00:05'),
('-Oe_c2wazMeN_GOiL0hY', 'NftSf9kvaEMwvrlEyWKo1QCDshU2', '-OaF0Sp0pgZKkfQXuyK8', '-Oc0-NZcR-JmSiJWPY00', 'Client Meeting', '-OaHdsmqBOMH8PjjyVdp', 'Nexistry Digital Solutions', 'ds', '2025-11-21 00:55:33', '2025-11-21 00:55:45', 12, 0, 0, NULL, '2025-11-21 00:55:33', '2025-11-21 00:55:45'),
('-Oe_cvF9Q_LriJQXkblK', 'NftSf9kvaEMwvrlEyWKo1QCDshU2', '-OaF0Sp0pgZKkfQXuyK8', '-OaT0cTic_9BfOLzp2mv', 'General Task', '-OaHdsmqBOMH8PjjyVdp', 'Nexistry Digital Solutions', 'nexistry all 4 ais', '2025-11-21 00:59:20', '2025-11-21 07:51:55', 24755, 0, 0, NULL, '2025-11-21 00:59:20', '2025-11-21 07:51:55'),
('-Oe__0ISIat5FCNThsfX', 'IqfD9WycDNYq0K0nL7zoJwQvA323', '-OaF0Sp0pgZKkfQXuyK8', '-OaT0cTic_9BfOLzp2mv', 'General Task', '-OaHdsmqBOMH8PjjyVdp', 'Nexistry Digital Solutions', 'Leads/Prospect calling', '2025-11-21 00:42:17', '2025-11-21 01:02:13', 1196, 0, 0, NULL, '2025-11-21 00:42:17', '2025-11-21 01:02:13'),
('-Of-SGv3ZNvHS57wL11J', 'rPYKipBcdXUhEd3qpdjEzjNw70m2', '-OaF0Sp0pgZKkfQXuyK8', '-Ob8Ye2czaiPdf0BGXPT', 'instagram daily task', '-Oab9e6-B6FqEVVh5K49', 'Harri Ducker', 'Daily task', '2025-11-25 04:47:00', '2025-11-25 06:50:00', 7380, 0, 1, NULL, '2025-11-26 05:58:06', '2025-11-26 05:59:50'),
('-Of-Shb3_7qtmyx5_6Se', 'rPYKipBcdXUhEd3qpdjEzjNw70m2', '-OaF0Sp0pgZKkfQXuyK8', '-Ob8Ye2czaiPdf0BGXPT', 'instagram daily task', '-Oab9e6-B6FqEVVh5K49', 'Harri Ducker', 'Daily task', '2025-11-26 05:01:00', '2025-11-26 07:02:00', 7260, 0, 1, NULL, '2025-11-26 06:00:00', '2025-11-26 06:01:23'),
('-Of1a7CHE6NcRRK4vidg', '7CFx1LWWNLZUsyoOeGizUsWaUkz1', '-OaF0Sp0pgZKkfQXuyK8', '-Od6mHOx3QY0dQOlr7xZ', 'Data Super Center CRM', '-OaF_B5nlnRS_ZWFuesL', 'Dr. Billy William', '• Created 9 email templates • Created 9 snippets templates • Built automation containing the 9 emails, 9 snippets, and 9 voicemails. • Conducted testing — emails are working; SMS and voicemail still need testing since they require a US number. • Adjusted the color and sizes in footer terms and conditions.', '2025-11-26 15:56:06', '2025-11-26 20:04:25', 14898, 0, 1, NULL, '2025-11-26 15:56:06', '2025-11-26 20:04:25'),
('-Of1abbPon9ZWLGqYrxA', 'UzY6A27FBYSJbDkjy9suM4aEdZ02', '-OaF0Sp0pgZKkfQXuyK8', '-Od6mHOx3QY0dQOlr7xZ', 'Data Super Center CRM', '-OaF_B5nlnRS_ZWFuesL', 'Dr. Billy William', '- troubleshoot buttons on landing page that is not working - edit favicon for landing page - config voice ai and embed it on landing page - not final @hatidlahm please do ask billy to check the final content of the landing page so that we can configure the voice ai - create 9 voice email for email series - testing automation with @kjsal_  - Planning how to organize the videos in each email', '2025-11-26 15:58:16', '2025-11-26 20:03:35', 14718, 0, 1, NULL, '2025-11-26 15:58:16', '2025-11-26 20:03:35'),
('-Of1ahbQEgqZlvcUtFlw', 'gSb0eR1DWTTW4uzY2V6A1as0Riw2', '-OaF0Sp0pgZKkfQXuyK8', '-OaT0cTic_9BfOLzp2mv', 'General Task', '-OaHdsmqBOMH8PjjyVdp', 'Nexistry Digital Solutions', 'nexistry', '2025-11-26 15:58:40', '2025-11-27 01:33:08', 34468, 0, 0, NULL, '2025-11-26 15:58:40', '2025-11-27 01:33:08'),
('-Of1bT9rju4Lqq88at7N', 'ZFaIkP4hL3VaGNFYXzlNxrXHZOj1', '-OaF0Sp0pgZKkfQXuyK8', '-OaSAH5HYkbn4_wC8Vt8', 'Deligation of Task', '-OaHdsmqBOMH8PjjyVdp', 'Nexistry Digital Solutions', 'Delegation of Task', '2025-11-26 16:01:57', '2025-11-26 16:40:22', 2305, 0, 0, NULL, '2025-11-26 16:01:57', '2025-11-26 16:40:22'),
('-Of1c2qlXGm7BnhfzuoT', 'IqfD9WycDNYq0K0nL7zoJwQvA323', '-OaF0Sp0pgZKkfQXuyK8', '-OeQQYDSRFzlSz-D1Vbk', 'Lead Generation', '-OaHdsmqBOMH8PjjyVdp', 'Nexistry Digital Solutions', 'Prospect Calling', '2025-11-26 16:04:32', '2025-11-26 18:54:14', 10181, 0, 0, NULL, '2025-11-26 16:04:32', '2025-11-26 18:54:14'),
('-Of1c4oRp_HkbQ7EDETa', '9gcUwwHP9vRYPW2tUKso2eAscdw1', '-OaF0Sp0pgZKkfQXuyK8', '-OaT0cTic_9BfOLzp2mv', 'General Task', '-OaHdsmqBOMH8PjjyVdp', 'Nexistry Digital Solutions', 'Tested Nianna', '2025-11-26 16:04:40', '2025-11-26 16:15:50', 669, 0, 1, NULL, '2025-11-26 16:04:40', '2025-11-26 16:15:50'),
('-Of1edLKg33FJRxdTyoH', '9gcUwwHP9vRYPW2tUKso2eAscdw1', '-OaF0Sp0pgZKkfQXuyK8', '-OaXrOkWMqGQE9d-3fMl', 'Lead Generation', '-OaF_i7zD_3pxQlBlXcK', 'Damien Tugwell', 'Workflow template', '2025-11-26 16:15:50', '2025-11-26 19:13:41', 10670, 0, 1, NULL, '2025-11-26 16:15:50', '2025-11-26 19:13:41'),
('-Of1kGLNze63ZP_0HiiZ', 'ZFaIkP4hL3VaGNFYXzlNxrXHZOj1', '-OaF0Sp0pgZKkfQXuyK8', '-OaT0cTic_9BfOLzp2mv', 'General Task', '-OaHdsmqBOMH8PjjyVdp', 'Nexistry Digital Solutions', 'Create 2 funnel  Dentists and 1 for Beauty funnel', '2025-11-26 16:40:23', '2025-11-27 00:16:29', 27365, 0, 0, NULL, '2025-11-26 16:40:23', '2025-11-27 00:16:29'),
('-Of1p1z1Ej9pGfwinMAd', 'dYMNyLpVH6XmDVMJk8QQMvj8NWX2', '-OaF0Sp0pgZKkfQXuyK8', '-OaT0cTic_9BfOLzp2mv', 'General Task', '-OaHdsmqBOMH8PjjyVdp', 'Nexistry Digital Solutions', '- Created two one-page websites for the client sample portfolio. - Created content for Thanksgiving posts. - Drafted the email intended for the Thanksgiving send-out.', '2025-11-26 17:01:18', '2025-11-27 00:50:17', 28139, 0, 0, NULL, '2025-11-26 17:01:18', '2025-11-27 00:50:17'),
('-Of2Dtx33szg_ojHy1Ya', 'IqfD9WycDNYq0K0nL7zoJwQvA323', '-OaF0Sp0pgZKkfQXuyK8', '-OaT0cTic_9BfOLzp2mv', 'General Task', '-OaHdsmqBOMH8PjjyVdp', 'Nexistry Digital Solutions', 'worked on the testimonial videos and Checked the Templates done', '2025-11-26 18:54:15', '2025-11-26 20:11:37', 4642, 0, 0, NULL, '2025-11-26 18:54:15', '2025-11-26 20:11:37'),
('-Of2fPHBYvUXHe8VtYTi', '9gcUwwHP9vRYPW2tUKso2eAscdw1', '-OaF0Sp0pgZKkfQXuyK8', '-OaT0cTic_9BfOLzp2mv', 'General Task', '-OaHdsmqBOMH8PjjyVdp', 'Nexistry Digital Solutions', 'Nexistry Digital Solutions Website Customization', '2025-11-26 20:58:48', '2025-11-27 01:45:04', 17176, 0, 1, NULL, '2025-11-26 20:58:48', '2025-11-27 01:45:04'),
('-Of2ILh47rQ8Qd28hzmL', '9gcUwwHP9vRYPW2tUKso2eAscdw1', '-OaF0Sp0pgZKkfQXuyK8', '-OaT0cTic_9BfOLzp2mv', 'General Task', '-OaHdsmqBOMH8PjjyVdp', 'Nexistry Digital Solutions', 'Conversational AI', '2025-11-26 19:13:42', '2025-11-26 20:10:47', 3425, 0, 1, NULL, '2025-11-26 19:13:42', '2025-11-26 20:10:47'),
('-Of2l2MaO7fGEXzJqNYw', 'IqfD9WycDNYq0K0nL7zoJwQvA323', '-OaF0Sp0pgZKkfQXuyK8', '-OaT0cTic_9BfOLzp2mv', 'General Task', '-OaHdsmqBOMH8PjjyVdp', 'Nexistry Digital Solutions', 'worked on the testimonial, getting prospects, sent an email to interested prospects, checked lgs works, checked done templates', '2025-11-26 21:23:27', '2025-11-27 01:47:15', 15827, 0, 0, NULL, '2025-11-26 21:23:27', '2025-11-27 01:47:15'),
('-Of3nR_WelRfUK2kv2G2', '9gcUwwHP9vRYPW2tUKso2eAscdw1', '-OaF0Sp0pgZKkfQXuyK8', '-OaT0cTic_9BfOLzp2mv', 'General Task', '-OaHdsmqBOMH8PjjyVdp', 'Nexistry Digital Solutions', 'Nexistry Digital Solution Project Portfolio (undone)', '2025-11-27 02:13:31', '2025-11-27 02:38:41', 1510, 0, 1, NULL, '2025-11-27 02:13:31', '2025-11-27 02:38:41'),
('-Of3VO3YQjKjKvxKAh5N', 'dYMNyLpVH6XmDVMJk8QQMvj8NWX2', '-OaF0Sp0pgZKkfQXuyK8', '-OdHd_uiwV32EZIKq7fv', 'Heygen video', '-OaF_rhnBqSPRApXlxhz', 'Meaghan Bird', 'Continued editing the video that was not finished yesterday (Peptide Tesamorelin).', '2025-11-27 00:50:18', '2025-11-27 01:30:28', 2410, 0, 1, NULL, '2025-11-27 00:50:18', '2025-11-27 01:30:28'),
('-Of3whvph3gP6ggQlYvJ', '9gcUwwHP9vRYPW2tUKso2eAscdw1', '-OaF0Sp0pgZKkfQXuyK8', '-OaT0cTic_9BfOLzp2mv', 'General Task', '-OaHdsmqBOMH8PjjyVdp', 'Nexistry Digital Solutions', 'Nexistry Digital Solutions Website Cuztomization', '2025-11-27 02:54:02', '2025-11-27 05:15:33', 8490, 0, 1, NULL, '2025-11-27 02:54:02', '2025-11-27 05:15:33'),
('-Of6k9TdSf3VsSR4EJyK', '7CFx1LWWNLZUsyoOeGizUsWaUkz1', '-OaF0Sp0pgZKkfQXuyK8', '-Od6mHOx3QY0dQOlr7xZ', 'Data Super Center CRM', '-OaF_B5nlnRS_ZWFuesL', 'Dr. Billy William', '*Updated the email templates, text snippets * Update the voicemail and email templates in automation * Update funnel', '2025-11-27 15:58:03', '2025-11-27 20:04:57', 14814, 0, 1, NULL, '2025-11-27 15:58:03', '2025-11-27 20:04:57'),
('-Of6kmKvcuQd5FI4WcSz', 'dYMNyLpVH6XmDVMJk8QQMvj8NWX2', '-OaF0Sp0pgZKkfQXuyK8', '-OdHd_uiwV32EZIKq7fv', 'Heygen video', '-OaF_rhnBqSPRApXlxhz', 'Meaghan Bird', 'Created five HeyGen videos. Two of these videos have been completely edited and finished, and they both have ready-made captions.', '2025-11-27 16:00:47', '2025-11-27 20:33:48', 16380, 0, 1, NULL, '2025-11-27 16:00:47', '2025-11-27 20:33:48'),
('-Of6krSyKZcjZfyh_wc7', 'NftSf9kvaEMwvrlEyWKo1QCDshU2', '-OaF0Sp0pgZKkfQXuyK8', '-OaT0cTic_9BfOLzp2mv', 'General Task', '-OaHdsmqBOMH8PjjyVdp', 'Nexistry Digital Solutions', 'general', '2025-11-27 16:01:06', '2025-11-28 01:52:21', 35474, 0, 0, NULL, '2025-11-27 16:01:06', '2025-11-28 01:52:21'),
('-Of6lJCBByr7vsyeV9Cd', 'ZFaIkP4hL3VaGNFYXzlNxrXHZOj1', '-OaF0Sp0pgZKkfQXuyK8', '-OaSAH5HYkbn4_wC8Vt8', 'Deligation of Task', '-OaHdsmqBOMH8PjjyVdp', 'Nexistry Digital Solutions', 'Delegation of Task', '2025-11-27 16:03:05', '2025-11-27 16:07:22', 257, 0, 0, NULL, '2025-11-27 16:03:05', '2025-11-27 16:07:22'),
('-Of6lmYISEpxKSHwHwj8', 'IqfD9WycDNYq0K0nL7zoJwQvA323', '-OaF0Sp0pgZKkfQXuyK8', '-OaT0cTic_9BfOLzp2mv', 'General Task', '-OaHdsmqBOMH8PjjyVdp', 'Nexistry Digital Solutions', 'meeting for Jane, posting black friday, making sheet for jane\'s prospect', '2025-11-27 16:05:10', '2025-11-27 19:56:12', 13861, 0, 0, NULL, '2025-11-27 16:05:10', '2025-11-27 19:56:12'),
('-Of6mE4NuJTw4EzYdIwu', 'UzY6A27FBYSJbDkjy9suM4aEdZ02', '-OaF0Sp0pgZKkfQXuyK8', '-Od6mHOx3QY0dQOlr7xZ', 'Data Super Center CRM', '-OaF_B5nlnRS_ZWFuesL', 'Dr. Billy William', '- edit landing page desktop and mobile mode - edit workflow for 9 day email - create voicemail  - create instructions on how to Install the Chatbot or Voice AI Widget - here\'s the link https://docs.google.com/document/d/1sMeDodvv4ACnXiE7KYpqpxenwKkv8ZReh_aRWcL_tqc/edit?usp=sharing', '2025-11-27 16:07:05', '2025-11-27 20:08:36', 14490, 0, 1, NULL, '2025-11-27 16:07:05', '2025-11-27 20:08:36'),
('-Of6mIWQxb-DIaR78KLo', 'ZFaIkP4hL3VaGNFYXzlNxrXHZOj1', '-OaF0Sp0pgZKkfQXuyK8', '-OaT0cTic_9BfOLzp2mv', 'General Task', '-OaHdsmqBOMH8PjjyVdp', 'Nexistry Digital Solutions', 'Create 4 funnel, 1 for beauty, 2 for gym and 1 for personal instructor', '2025-11-27 16:07:24', '2025-11-28 00:18:14', 29450, 0, 0, NULL, '2025-11-27 16:07:24', '2025-11-28 00:18:14'),
('-Of6mo3nJGXccaIn7hd5', 'gSb0eR1DWTTW4uzY2V6A1as0Riw2', '-OaF0Sp0pgZKkfQXuyK8', '-OaT0cTic_9BfOLzp2mv', 'General Task', '-OaHdsmqBOMH8PjjyVdp', 'Nexistry Digital Solutions', 'nexistry', '2025-11-27 16:09:38', '2025-11-27 17:26:35', 4616, 0, 0, NULL, '2025-11-27 16:09:38', '2025-11-27 17:26:35'),
('-Of6qbQ65i3o1zWneo7G', '9gcUwwHP9vRYPW2tUKso2eAscdw1', '-OaF0Sp0pgZKkfQXuyK8', '-OaT0cTic_9BfOLzp2mv', 'General Task', '-OaHdsmqBOMH8PjjyVdp', 'Nexistry Digital Solutions', 'Nexistry Digital Solutions Thumbnail, Conversational AI prompt for Nikki, Ultimate Nurture Roadmap price Convert dollar to peso', '2025-11-27 16:26:13', '2025-11-27 20:10:54', 13481, 0, 1, NULL, '2025-11-27 16:26:13', '2025-11-27 20:10:54'),
('-Of7jGmSjKc2x7P2Qc2V', 'dYMNyLpVH6XmDVMJk8QQMvj8NWX2', '-OaF0Sp0pgZKkfQXuyK8', '-OaT0cTic_9BfOLzp2mv', 'General Task', '-OaHdsmqBOMH8PjjyVdp', 'Nexistry Digital Solutions', 'Created two funnels related to the beauty industry as samples for clients. - Ryan_Sofia Beauty Hair Salon_Funnel1 - https://core.nexistrydigitalsolutions.com/v2/preview/APWluFjht0zzv5IFXNUt - Ryan_Premium Max Make-up_Funnel2 - Dutch  - https://core.nexistrydigitalsolutions.com/v2/preview/4N8F9UbYlpER9eySGERe', '2025-11-27 20:33:48', '2025-11-28 00:38:47', 14698, 0, 0, NULL, '2025-11-27 20:33:48', '2025-11-28 00:38:47'),
('-Of7pA22EJhdsgi8O-AZ', '9gcUwwHP9vRYPW2tUKso2eAscdw1', '-OaF0Sp0pgZKkfQXuyK8', '-OaT0cTic_9BfOLzp2mv', 'General Task', '-OaHdsmqBOMH8PjjyVdp', 'Nexistry Digital Solutions', 'Nexiflow Website Creation', '2025-11-27 20:59:32', '2025-11-28 01:18:17', 15525, 0, 1, NULL, '2025-11-27 20:59:32', '2025-11-28 01:18:17'),
('-Of7runapi4j2tiM7oL5', 'IqfD9WycDNYq0K0nL7zoJwQvA323', '-OaF0Sp0pgZKkfQXuyK8', '-OaT0cTic_9BfOLzp2mv', 'General Task', '-OaHdsmqBOMH8PjjyVdp', 'Nexistry Digital Solutions', 'Called leads, Checked Templates, Gathered new set of Prospect,', '2025-11-27 21:11:34', '2025-11-28 01:02:52', 13878, 0, 0, NULL, '2025-11-27 21:11:34', '2025-11-28 01:02:52');
INSERT INTO `time_entries` (`id`, `user_id`, `company_id`, `project_id`, `project_name`, `client_id`, `client_name`, `description`, `start_time`, `end_time`, `duration`, `is_running`, `is_billable`, `tags`, `created_at`, `updated_at`) VALUES
('-Of7SMHSZuZIhgBrHFwU', 'gSb0eR1DWTTW4uzY2V6A1as0Riw2', '-OaF0Sp0pgZKkfQXuyK8', '-OaT0cTic_9BfOLzp2mv', 'General Task', '-OaHdsmqBOMH8PjjyVdp', 'Nexistry Digital Solutions', 'nexistry', '2025-11-27 19:15:32', '2025-11-28 02:16:52', 25279, 0, 0, NULL, '2025-11-27 19:15:32', '2025-11-28 02:16:52'),
('-Of7wTATlVvsSseNcaAP', 'QbclXdG1I1craJqYsGcVQSY7i9L2', '-OaF0Sp0pgZKkfQXuyK8', '-OaT0cTic_9BfOLzp2mv', 'General Task', '-OaHdsmqBOMH8PjjyVdp', 'Nexistry Digital Solutions', 'general', '2025-11-27 21:31:26', '2025-11-30 16:14:27', 240181, 0, 0, NULL, '2025-11-27 21:31:26', '2025-11-30 16:14:27'),
('-Of8sBKsPWcOgalErNQU', 'NftSf9kvaEMwvrlEyWKo1QCDshU2', '-OaF0Sp0pgZKkfQXuyK8', '-OaT0cTic_9BfOLzp2mv', 'General Task', '-OaHdsmqBOMH8PjjyVdp', 'Nexistry Digital Solutions', 'friday ot', '2025-11-27 17:52:00', '2025-11-27 17:29:00', 27430, 0, 0, NULL, '2025-11-28 01:52:21', '2025-11-30 03:06:49'),
('-Of9nurEAjIFDAJRLCLZ', 'gSb0eR1DWTTW4uzY2V6A1as0Riw2', '-OaF0Sp0pgZKkfQXuyK8', '-Of9xmgUvKDAZZA83J16', 'assist', '-OaF_B5nlnRS_ZWFuesL', 'Dr. Billy William', 'talk to support, check on Dr. Billy\'s inquiries, revised lead intake form', '2025-11-28 06:13:18', '2025-11-28 06:57:51', 2672, 0, 1, NULL, '2025-11-28 06:13:18', '2025-11-28 06:57:51'),
('-OfadfWDOEU_D989c6UH', 'UzY6A27FBYSJbDkjy9suM4aEdZ02', '-OaF0Sp0pgZKkfQXuyK8', '-Od6mHOx3QY0dQOlr7xZ', 'Data Super Center CRM', '-OaF_B5nlnRS_ZWFuesL', 'Dr. Billy William', 'Update for DSCCRM - reconfiguration of snapshots for the alignment of the 2nd email and 2nd email video - create 2nd and 3rd email video', '2025-12-03 15:57:58', '2025-12-03 20:08:41', 15042, 0, 1, NULL, '2025-12-03 15:57:58', '2025-12-03 20:08:41'),
('-Ofad_oX-1suXk6fAhp8', 'gSb0eR1DWTTW4uzY2V6A1as0Riw2', '-OaF0Sp0pgZKkfQXuyK8', '-OaT0cTic_9BfOLzp2mv', 'General Task', '-OaHdsmqBOMH8PjjyVdp', 'Nexistry Digital Solutions', 'nexistry', '2025-12-03 15:57:33', '2025-12-03 22:06:19', 22125, 0, 0, NULL, '2025-12-03 15:57:33', '2025-12-03 22:06:19'),
('-OfaeyE8laWChXXJGnWC', 'NftSf9kvaEMwvrlEyWKo1QCDshU2', '-OaF0Sp0pgZKkfQXuyK8', '-OaT0cTic_9BfOLzp2mv', 'General Task', '-OaHdsmqBOMH8PjjyVdp', 'Nexistry Digital Solutions', 'n8n + retell + ghl', '2025-12-03 16:03:34', '2025-12-04 00:51:23', 31668, 0, 0, NULL, '2025-12-03 16:03:34', '2025-12-04 00:51:23'),
('-OfaeYz9MVKGPKtkOXyO', 'dYMNyLpVH6XmDVMJk8QQMvj8NWX2', '-OaF0Sp0pgZKkfQXuyK8', '-OaT0cTic_9BfOLzp2mv', 'General Task', '-OaHdsmqBOMH8PjjyVdp', 'Nexistry Digital Solutions', '- Revised two pages: the main page and the checkout page. - GlucoClear - https://oxgdntlirssi.myfunnelish.com/DermaLora/LP-1764551703063335?preview=4054700 - Checkout - https://oxgdntlirssi.myfunnelish.com/DermaLora/Checkout-1764551703079536?preview=4054701&revision=latest', '2025-12-03 16:01:48', '2025-12-03 22:34:48', 23579, 0, 0, NULL, '2025-12-03 16:01:48', '2025-12-03 22:34:48'),
('-OfafKAiTVpzRdNVsRER', '9gcUwwHP9vRYPW2tUKso2eAscdw1', '-OaF0Sp0pgZKkfQXuyK8', '-OaT0cTic_9BfOLzp2mv', 'General Task', '-OaHdsmqBOMH8PjjyVdp', 'Nexistry Digital Solutions', 'Make a school landing page and derma landing page', '2025-12-03 16:05:10', '2025-12-03 20:09:30', 14660, 0, 1, NULL, '2025-12-03 16:05:10', '2025-12-03 20:09:30'),
('-OfagJPvNkMkOBRvEvtk', 'ZFaIkP4hL3VaGNFYXzlNxrXHZOj1', '-OaF0Sp0pgZKkfQXuyK8', '-OaSAH5HYkbn4_wC8Vt8', 'Deligation of Task', '-OaHdsmqBOMH8PjjyVdp', 'Nexistry Digital Solutions', 'Delegation of task', '2025-12-03 16:09:29', '2025-12-03 16:12:04', 155, 0, 0, NULL, '2025-12-03 16:09:29', '2025-12-03 16:12:04'),
('-Ofaguhqe53baa9Dw33A', 'ZFaIkP4hL3VaGNFYXzlNxrXHZOj1', '-OaF0Sp0pgZKkfQXuyK8', '-OaIvZdcisZxyig1R8On', 'Newsletter', '-OaF_PI3x-J9swtbjdzY', 'Rebecca Davis', 'Create Version 2 of event News Letter also update December reels 2 and create reel for January Events', '2025-12-03 16:12:05', '2025-12-04 00:22:08', 29402, 0, 0, NULL, '2025-12-03 16:12:05', '2025-12-04 00:22:08'),
('-Ofaj-OgXiKSW7NyoUtH', 'IqfD9WycDNYq0K0nL7zoJwQvA323', '-OaF0Sp0pgZKkfQXuyK8', '-OeQQYDSRFzlSz-D1Vbk', 'Lead Generation', '-OaHdsmqBOMH8PjjyVdp', 'Nexistry Digital Solutions', 'Posting for BPS and engaging in comments, look for potential clients, check done tasks, Check LGS tasks, Training Jane', '2025-12-03 16:21:14', '2025-12-03 20:10:19', 13745, 0, 0, NULL, '2025-12-03 16:21:14', '2025-12-03 20:10:19'),
('-OfanW2JzO0E3kBS83WZ', 'eCC9oPHKrbONUxTtjSjyB9WHRJu2', '-OaF0Sp0pgZKkfQXuyK8', '-OfMJkg0dP8QiACqxbPO', 'Sales Training', '-OaHdsmqBOMH8PjjyVdp', 'Nexistry Digital Solutions', 'Prospecting international leads', '2025-12-03 16:40:55', '2025-12-03 20:13:07', 12731, 0, 0, NULL, '2025-12-03 16:40:55', '2025-12-03 20:13:07'),
('-OfbhChOfHcWPyvXuGPc', 'eCC9oPHKrbONUxTtjSjyB9WHRJu2', '-OaF0Sp0pgZKkfQXuyK8', '-OfMJkg0dP8QiACqxbPO', 'Sales Training', '-OaHdsmqBOMH8PjjyVdp', 'Nexistry Digital Solutions', 'called and ask follow ups to leads', '2025-12-03 20:53:01', '2025-12-03 23:23:15', 9014, 0, 0, NULL, '2025-12-03 20:53:01', '2025-12-03 23:23:15'),
('-Ofbi5cz25jyo7VBGGOR', '9gcUwwHP9vRYPW2tUKso2eAscdw1', '-OaF0Sp0pgZKkfQXuyK8', '-OaT0cTic_9BfOLzp2mv', 'General Task', '-OaHdsmqBOMH8PjjyVdp', 'Nexistry Digital Solutions', 'make a Derma landing Page', '2025-12-03 20:56:54', '2025-12-04 00:55:39', 14325, 0, 1, NULL, '2025-12-03 20:56:54', '2025-12-04 00:55:39'),
('-OfbnuVSL8owzilksb7g', 'IqfD9WycDNYq0K0nL7zoJwQvA323', '-OaF0Sp0pgZKkfQXuyK8', '-OfSGeUd9wF3_t4hc89l', 'Video Creation', '-OaF_i7zD_3pxQlBlXcK', 'Damien Tugwell', 'ADS', '2025-12-03 13:22:00', '2025-12-03 15:35:00', 8004, 0, 1, NULL, '2025-12-03 21:22:17', '2025-12-04 23:00:54'),
('-Ofc3VrFs6OL0CGoHDBl', 'dYMNyLpVH6XmDVMJk8QQMvj8NWX2', '-OaF0Sp0pgZKkfQXuyK8', '-OdHd_uiwV32EZIKq7fv', 'Heygen video', '-OaF_rhnBqSPRApXlxhz', 'Meaghan Bird', 'Continued editing the video that was not finished yesterday and make new scripts for new videos to edit.', '2025-12-03 22:34:49', '2025-12-04 00:31:15', 6986, 0, 1, NULL, '2025-12-03 22:34:49', '2025-12-04 00:31:15'),
('-OfcBPazjyk9Fi-EHNTv', 'gSb0eR1DWTTW4uzY2V6A1as0Riw2', '-OaF0Sp0pgZKkfQXuyK8', '-OaT0cTic_9BfOLzp2mv', 'General Task', '-OaHdsmqBOMH8PjjyVdp', 'Nexistry Digital Solutions', 'nexistry', '2025-12-03 23:09:19', '2025-12-04 05:18:23', 22143, 0, 0, NULL, '2025-12-03 23:09:19', '2025-12-04 05:18:23'),
('-OfcHSnl83N8Uh-SRhgT', 'IqfD9WycDNYq0K0nL7zoJwQvA323', '-OaF0Sp0pgZKkfQXuyK8', '-OaT0cTic_9BfOLzp2mv', 'General Task', '-OaHdsmqBOMH8PjjyVdp', 'Nexistry Digital Solutions', 'responding on Zak, Checking done tasks, EODs, Sharing BF promo on groups and engaging in comments', '2025-12-03 23:35:47', '2025-12-04 01:11:52', 5764, 0, 0, NULL, '2025-12-03 23:35:47', '2025-12-04 01:11:52'),
('-OfcYmAE7xRABg4zIE1j', 'NftSf9kvaEMwvrlEyWKo1QCDshU2', '-OaF0Sp0pgZKkfQXuyK8', '-OaT0cTic_9BfOLzp2mv', 'General Task', '-OaHdsmqBOMH8PjjyVdp', 'Nexistry Digital Solutions', 'nexiflow + n8n video', '2025-12-04 00:51:23', '2025-12-04 06:03:51', 18747, 0, 0, NULL, '2025-12-04 00:51:23', '2025-12-04 06:03:51'),
('-OfdbtqUTXqy1KAf2iQq', 'rPYKipBcdXUhEd3qpdjEzjNw70m2', '-OaF0Sp0pgZKkfQXuyK8', '-Ob8Ye2czaiPdf0BGXPT', 'instagram daily task', '-Oab9e6-B6FqEVVh5K49', 'Harri Ducker', 'daily task', '2025-12-03 04:49:00', '2025-12-03 06:51:00', 7320, 0, 1, NULL, '2025-12-04 05:49:01', '2025-12-04 05:58:31'),
('-Ofde9M43Fp39xrzMaRw', 'rPYKipBcdXUhEd3qpdjEzjNw70m2', '-OaF0Sp0pgZKkfQXuyK8', '-Ob8Ye2czaiPdf0BGXPT', 'instagram daily task', '-Oab9e6-B6FqEVVh5K49', 'Harri Ducker', 'daily task', '2025-12-04 03:58:00', '2025-12-04 05:59:00', 7260, 0, 1, NULL, '2025-12-04 05:58:53', '2025-12-04 06:00:22'),
('-OfdVsmXCtSTyKu9y4Ty', 'gSb0eR1DWTTW4uzY2V6A1as0Riw2', '-OaF0Sp0pgZKkfQXuyK8', '-OaI5mt-8JB0flwRULCf', 'meeting with Roel', '-OaFaDjHg8LBQ9IcU8au', 'Roel Carandang', 'meeting', '2025-12-04 05:18:23', '2025-12-04 05:40:58', 1354, 0, 1, NULL, '2025-12-04 05:18:23', '2025-12-04 05:40:58'),
('-OfdWF-t5EPi7_93pQEH', 'eCC9oPHKrbONUxTtjSjyB9WHRJu2', '-OaF0Sp0pgZKkfQXuyK8', '-OfMJkg0dP8QiACqxbPO', 'Sales Training', '-OaHdsmqBOMH8PjjyVdp', 'Nexistry Digital Solutions', 'call and dm international leads', '2025-12-04 05:19:59', '2025-12-04 07:22:46', 7366, 0, 0, NULL, '2025-12-04 05:19:59', '2025-12-04 07:22:46'),
('-OffbB94HaiarlXMczww', 'gSb0eR1DWTTW4uzY2V6A1as0Riw2', '-OaF0Sp0pgZKkfQXuyK8', '-OaI5mt-8JB0flwRULCf', 'meeting with Roel', '-OaFaDjHg8LBQ9IcU8au', 'Roel Carandang', 'meeting', '2025-12-04 15:05:10', '2025-12-04 16:05:23', 3612, 0, 1, NULL, '2025-12-04 15:05:10', '2025-12-04 23:35:45'),
('-OffnQxtSDD02TkoucuD', 'UzY6A27FBYSJbDkjy9suM4aEdZ02', '-OaF0Sp0pgZKkfQXuyK8', '-Od6mHOx3QY0dQOlr7xZ', 'Data Super Center CRM', '-OaF_B5nlnRS_ZWFuesL', 'Dr. Billy William', '- create Proof of logins docs for sub accounts - Editing video for email 4 and the rest- paused', '2025-12-04 15:58:41', '2025-12-04 20:01:40', 14579, 0, 0, NULL, '2025-12-04 15:58:41', '2025-12-04 20:01:40'),
('-OffnsXEtxKtkI53B2Ql', 'dYMNyLpVH6XmDVMJk8QQMvj8NWX2', '-OaF0Sp0pgZKkfQXuyK8', '-OaIjBREBZXCHIRDF2xE', 'Social Media Posting', '-OaHdsmqBOMH8PjjyVdp', 'Nexistry Digital Solutions', 'Created scripts, converted them into HeyGen video, and produced complete reel content for Nexistry Digital Solutions. 3 videos in all are made.', '2025-12-04 16:00:39', '2025-12-04 22:03:54', 21795, 0, 0, NULL, '2025-12-04 16:00:39', '2025-12-04 22:03:54'),
('-Offo4BHzfvXaYlfSg7c', 'ZFaIkP4hL3VaGNFYXzlNxrXHZOj1', '-OaF0Sp0pgZKkfQXuyK8', '-OaSAH5HYkbn4_wC8Vt8', 'Deligation of Task', '-OaHdsmqBOMH8PjjyVdp', 'Nexistry Digital Solutions', 'delegation of task', '2025-12-04 16:01:29', '2025-12-04 16:04:48', 199, 0, 0, NULL, '2025-12-04 16:01:29', '2025-12-04 16:04:48'),
('-Offon7xy9DLxRJ4GPdi', 'IqfD9WycDNYq0K0nL7zoJwQvA323', '-OaF0Sp0pgZKkfQXuyK8', '-OaT0cTic_9BfOLzp2mv', 'General Task', '-OaHdsmqBOMH8PjjyVdp', 'Nexistry Digital Solutions', 'Checked tasks, giving tasks, updating clients and reviewed given tasks for Samuel', '2025-12-04 16:04:38', '2025-12-04 17:06:20', 3702, 0, 0, NULL, '2025-12-04 16:04:38', '2025-12-04 17:06:20'),
('-Offoq8TkpF7vKVk8ZU3', 'ZFaIkP4hL3VaGNFYXzlNxrXHZOj1', '-OaF0Sp0pgZKkfQXuyK8', '-OaIvcxkKmxNcutRyzCt', 'Reels', '-OaF_PI3x-J9swtbjdzY', 'Rebecca Davis', 'Create Event Reels For January', '2025-12-04 16:04:50', '2025-12-05 00:24:13', 29963, 0, 0, NULL, '2025-12-04 16:04:50', '2025-12-05 00:24:13'),
('-OffoyGJnvcoXK9qKK9H', 'gSb0eR1DWTTW4uzY2V6A1as0Riw2', '-OaF0Sp0pgZKkfQXuyK8', '-OaT0cTic_9BfOLzp2mv', 'General Task', '-OaHdsmqBOMH8PjjyVdp', 'Nexistry Digital Solutions', 'nexistry', '2025-12-04 16:05:23', '2025-12-04 16:24:33', 1149, 0, 0, NULL, '2025-12-04 16:05:23', '2025-12-04 16:24:33'),
('-Offq24mm8vBkkVIAvkj', '9gcUwwHP9vRYPW2tUKso2eAscdw1', '-OaF0Sp0pgZKkfQXuyK8', '-OaT0cTic_9BfOLzp2mv', 'General Task', '-OaHdsmqBOMH8PjjyVdp', 'Nexistry Digital Solutions', 'Landing Page creation for beauty products', '2025-12-04 16:10:04', '2025-12-04 17:10:11', 3606, 0, 1, NULL, '2025-12-04 16:10:04', '2025-12-04 17:10:11'),
('-OffrXzcAWWc7IO7D_WU', 'eCC9oPHKrbONUxTtjSjyB9WHRJu2', '-OaF0Sp0pgZKkfQXuyK8', '-OfMJkg0dP8QiACqxbPO', 'Sales Training', '-OaHdsmqBOMH8PjjyVdp', 'Nexistry Digital Solutions', 'prospecting international and local leads', '2025-12-04 16:16:39', '2025-12-04 20:21:26', 14686, 0, 0, NULL, '2025-12-04 16:16:39', '2025-12-04 20:21:26'),
('-Offs9Ekrd3b6pUqxhFM', 'NftSf9kvaEMwvrlEyWKo1QCDshU2', '-OaF0Sp0pgZKkfQXuyK8', '-OaT0cTic_9BfOLzp2mv', 'General Task', '-OaHdsmqBOMH8PjjyVdp', 'Nexistry Digital Solutions', 'nexiflow', '2025-12-04 16:19:19', '2025-12-05 01:22:10', 32570, 0, 0, NULL, '2025-12-04 16:19:19', '2025-12-05 01:22:10'),
('-OfftMogBZDe0hAKCMZ7', 'gSb0eR1DWTTW4uzY2V6A1as0Riw2', '-OaF0Sp0pgZKkfQXuyK8', '-OaI5mt-8JB0flwRULCf', 'meeting with Roel', '-OaFaDjHg8LBQ9IcU8au', 'Roel Carandang', 'meeting', '2025-12-04 16:24:36', '2025-12-04 16:51:49', 1632, 0, 1, NULL, '2025-12-04 16:24:36', '2025-12-04 23:35:29'),
('-OffzafKo99DoA-xrm6T', 'gSb0eR1DWTTW4uzY2V6A1as0Riw2', '-OaF0Sp0pgZKkfQXuyK8', '-OaT0cTic_9BfOLzp2mv', 'General Task', '-OaHdsmqBOMH8PjjyVdp', 'Nexistry Digital Solutions', 'nexistry', '2025-12-04 16:51:50', '2025-12-05 01:18:41', 30410, 0, 0, NULL, '2025-12-04 16:51:50', '2025-12-05 01:18:41'),
('-Ofg2nwfzOKzl9lEN1f9', '9gcUwwHP9vRYPW2tUKso2eAscdw1', '-OaF0Sp0pgZKkfQXuyK8', '-OaFfnG5N7C2eLz_KYO2', 'Default Project', '-OaFaDjHg8LBQ9IcU8au', 'Roel Carandang', 'Simple Roofing Documentation', '2025-12-04 17:10:12', '2025-12-04 18:16:18', 3965, 0, 1, NULL, '2025-12-04 17:10:12', '2025-12-04 18:16:18'),
('-Ofg3k6yKlkstMPjBQzN', 'IqfD9WycDNYq0K0nL7zoJwQvA323', '-OaF0Sp0pgZKkfQXuyK8', '-OaT0cTic_9BfOLzp2mv', 'General Task', '-OaHdsmqBOMH8PjjyVdp', 'Nexistry Digital Solutions', 'Samuel Task', '2025-12-04 17:14:20', '2025-12-04 20:01:04', 10003, 0, 0, NULL, '2025-12-04 17:14:20', '2025-12-04 20:01:04'),
('-Ofgb1AW0bNwU_JfIn9M', 'x5T0rJIwLbhwAQKyXDeS72A2BSu1', '-OfgQZU_bWr0SSrzNBHB', '-OfgX1Y_Sqz5-_nxa0YE', 'Build Website', '-OfgV3sRosz1LyOTpPqR', 'Client 1', 'mnbm', '2025-12-04 11:44:00', '2025-12-04 11:49:00', 305, 0, 1, NULL, '2025-12-04 19:44:06', '2025-12-04 23:14:18'),
('-OfgHwEGiock7fXItzB4', '9gcUwwHP9vRYPW2tUKso2eAscdw1', '-OaF0Sp0pgZKkfQXuyK8', '-OaT0cTic_9BfOLzp2mv', 'General Task', '-OaHdsmqBOMH8PjjyVdp', 'Nexistry Digital Solutions', 'Beauty Products Landing Page', '2025-12-04 18:16:18', '2025-12-04 20:09:27', 6788, 0, 0, NULL, '2025-12-04 18:16:18', '2025-12-04 20:09:27'),
('-OfgveDw3Q-HMO-z_Ryc', '9gcUwwHP9vRYPW2tUKso2eAscdw1', '-OaF0Sp0pgZKkfQXuyK8', '-OaFfnG5N7C2eLz_KYO2', 'Default Project', '-OaFaDjHg8LBQ9IcU8au', 'Roel Carandang', 'Roadmap for Roel', '2025-12-04 21:14:13', '2025-12-04 22:45:06', 5453, 0, 1, NULL, '2025-12-04 21:14:13', '2025-12-04 22:45:06'),
('-OfgXBNxphtibILQxAjP', 'x5T0rJIwLbhwAQKyXDeS72A2BSu1', '-OfgQZU_bWr0SSrzNBHB', '-OfgX1Y_Sqz5-_nxa0YE', 'Build Website', '-OfgV3sRosz1LyOTpPqR', 'Client 1', 'mnbm', '2025-12-04 11:22:00', '2025-12-04 11:23:00', 8, 0, 1, NULL, '2025-12-04 19:22:57', '2025-12-04 23:14:25'),
('-Ofgy2gVhAoVdnMctaTH', 'IqfD9WycDNYq0K0nL7zoJwQvA323', '-OaF0Sp0pgZKkfQXuyK8', '-OaT0cTic_9BfOLzp2mv', 'General Task', '-OaHdsmqBOMH8PjjyVdp', 'Nexistry Digital Solutions', 'Recorded and edited a video for Samuel and Damien, Created a video for testimonial, Fixed the documentation for Samuel since the form is not yet available. Checked templates Dan made and upload is on Protfolio', '2025-12-04 21:24:42', '2025-12-05 01:36:29', 15107, 0, 0, NULL, '2025-12-04 21:24:42', '2025-12-05 01:36:29'),
('-Ofg_G4kLmH7kRq7iZaE', 'x5T0rJIwLbhwAQKyXDeS72A2BSu1', '-OfgQZU_bWr0SSrzNBHB', '-OfgX1Y_Sqz5-_nxa0YE', 'Build Website', '-OfgV3sRosz1LyOTpPqR', 'Client 1', 'jhgjhg', '2025-12-04 11:36:00', '2025-12-04 11:36:00', 29, 0, 1, NULL, '2025-12-04 19:36:23', '2025-12-04 23:14:22'),
('-Ofh-yEXXmjB6nA3OETd', 'eCC9oPHKrbONUxTtjSjyB9WHRJu2', '-OaF0Sp0pgZKkfQXuyK8', '-OfMJkg0dP8QiACqxbPO', 'Sales Training', '-OaHdsmqBOMH8PjjyVdp', 'Nexistry Digital Solutions', 'called and sent dm to local leads', '2025-12-04 21:37:27', '2025-12-04 23:28:04', 6637, 0, 0, NULL, '2025-12-04 21:37:27', '2025-12-04 23:28:04'),
('-OfhF-y_VxcOuhm2n2ZC', 'dYMNyLpVH6XmDVMJk8QQMvj8NWX2', '-OaF0Sp0pgZKkfQXuyK8', '-OdHd_uiwV32EZIKq7fv', 'Heygen video', '-OaF_rhnBqSPRApXlxhz', 'Meaghan Bird', 'Created a video for posting on TikTok that covers up until this coming Sunday.', '2025-12-04 22:43:10', '2025-12-05 01:08:19', 8708, 0, 1, NULL, '2025-12-04 22:43:10', '2025-12-05 01:08:19'),
('-OfhFSfAFQwN7r62YNro', '9gcUwwHP9vRYPW2tUKso2eAscdw1', '-OaF0Sp0pgZKkfQXuyK8', '-OaT0cTic_9BfOLzp2mv', 'General Task', '-OaHdsmqBOMH8PjjyVdp', 'Nexistry Digital Solutions', 'Beauty products landing page creation', '2025-12-04 22:45:06', '2025-12-05 01:14:13', 8946, 0, 1, NULL, '2025-12-04 22:45:06', '2025-12-05 01:14:13'),
('-OfhmdlPxToDzM_cB_aV', '9gcUwwHP9vRYPW2tUKso2eAscdw1', '-OaF0Sp0pgZKkfQXuyK8', '-OaT0cTic_9BfOLzp2mv', 'General Task', '-OaHdsmqBOMH8PjjyVdp', 'Nexistry Digital Solutions', 'Beauty products landing page creation', '2025-12-05 01:14:29', '2025-12-05 01:15:33', 64, 0, 1, NULL, '2025-12-05 01:14:29', '2025-12-05 01:15:33'),
('-OfhoQkjRdJzsLeXyGBS', 'NftSf9kvaEMwvrlEyWKo1QCDshU2', '-OaF0Sp0pgZKkfQXuyK8', '-OaT0cTic_9BfOLzp2mv', 'General Task', '-OaHdsmqBOMH8PjjyVdp', 'Nexistry Digital Solutions', 'testing invoice', '2025-12-05 01:22:16', '2025-12-05 01:44:36', 1339, 0, 0, NULL, '2025-12-05 01:22:16', '2025-12-05 01:44:36'),
('-OfiX4cJYGWV5YZZCeTz', 'APC5roJFj0XFJ9Z07G0xZvBvTv32', '-OfhARyICDGNeRFqHKGv', NULL, NULL, NULL, NULL, NULL, '2025-12-05 04:41:45', '2025-12-12 03:45:12', 0, 1, 1, NULL, '2025-12-05 04:41:45', '2025-12-05 04:41:45'),
('-Ofi_MS4hr8Vr2_Ckmmb', 'eCC9oPHKrbONUxTtjSjyB9WHRJu2', '-OaF0Sp0pgZKkfQXuyK8', '-OfMJkg0dP8QiACqxbPO', 'Sales Training', '-OaHdsmqBOMH8PjjyVdp', 'Nexistry Digital Solutions', 'international calls and dm', '2025-12-05 04:56:04', '2025-12-05 07:05:30', 7765, 0, 0, NULL, '2025-12-05 04:56:04', '2025-12-05 07:05:30'),
('-OfJgXbtbTAtq-DS6A9U', 'rPYKipBcdXUhEd3qpdjEzjNw70m2', '-OaF0Sp0pgZKkfQXuyK8', '-Ob8Ye2czaiPdf0BGXPT', 'instagram daily task', '-Oab9e6-B6FqEVVh5K49', 'Harri Ducker', 'daily task', '2025-11-28 04:17:00', '2025-11-28 06:24:00', 7620, 0, 1, NULL, '2025-11-30 04:17:14', '2025-11-30 04:18:33'),
('-OfJgxCSWfQM_wwVo1eD', 'rPYKipBcdXUhEd3qpdjEzjNw70m2', '-OaF0Sp0pgZKkfQXuyK8', '-Ob8Ye2czaiPdf0BGXPT', 'instagram daily task', '-Oab9e6-B6FqEVVh5K49', 'Harri Ducker', 'daily ask', '2025-11-27 04:49:00', '2025-11-27 06:54:00', 7500, 0, 1, NULL, '2025-11-30 04:19:03', '2025-11-30 04:20:58'),
('-OfkVxoFmF9BhfDVKlXo', 'rPYKipBcdXUhEd3qpdjEzjNw70m2', '-OaF0Sp0pgZKkfQXuyK8', '-Ob8Ye2czaiPdf0BGXPT', 'instagram daily task', '-Oab9e6-B6FqEVVh5K49', 'Harri Ducker', 'daily task', '2025-12-05 04:32:00', '2025-12-05 06:38:00', 7560, 0, 1, NULL, '2025-12-05 13:56:01', '2025-12-05 13:57:43'),
('-OfM5eHYwtrEIIdZr1Zb', 'NftSf9kvaEMwvrlEyWKo1QCDshU2', '-OaF0Sp0pgZKkfQXuyK8', '-OeQQYDSRFzlSz-D1Vbk', 'Lead Generation', '-OaHdsmqBOMH8PjjyVdp', 'Nexistry Digital Solutions', 'zak\'s make', '2025-11-30 23:30:00', '2025-11-30 20:05:00', 16553, 0, 0, NULL, '2025-11-30 15:30:36', '2025-12-01 00:57:13'),
('-OfMaEWUaMTXvdLmXbmV', 'gSb0eR1DWTTW4uzY2V6A1as0Riw2', '-OaF0Sp0pgZKkfQXuyK8', '-OaT0cTic_9BfOLzp2mv', 'General Task', '-OaHdsmqBOMH8PjjyVdp', 'Nexistry Digital Solutions', 'nexistry', '2025-11-30 17:48:37', '2025-11-30 20:29:53', 9676, 0, 0, NULL, '2025-11-30 17:48:37', '2025-11-30 20:29:53'),
('-OfMCFGlckzBUbW7ejta', 'UzY6A27FBYSJbDkjy9suM4aEdZ02', '-OaF0Sp0pgZKkfQXuyK8', '-Od6mHOx3QY0dQOlr7xZ', 'Data Super Center CRM', '-OaF_B5nlnRS_ZWFuesL', 'Dr. Billy William', 'checking v2 survey  - edit email templates - edit workflow and publish  - checking landing page', '2025-11-30 15:59:27', '2025-11-30 20:04:36', 14708, 0, 1, NULL, '2025-11-30 15:59:27', '2025-11-30 20:04:36'),
('-OfMCJaBJRouBbi65hco', 'dYMNyLpVH6XmDVMJk8QQMvj8NWX2', '-OaF0Sp0pgZKkfQXuyK8', '-OaT0cTic_9BfOLzp2mv', 'General Task', '-OaHdsmqBOMH8PjjyVdp', 'Nexistry Digital Solutions', '- Created a complete sales funnel for a product, which includes a Home Landing Page, Checkout Page, Upsell Page, and a Thank You Page. This is for the client\'s test funnel. - https://core.nexistrydigitalsolutions.com/v2/preview/AcAWNedpHCySro1tnfDC', '2025-11-30 15:59:46', '2025-11-30 22:15:30', 22543, 0, 0, NULL, '2025-11-30 15:59:46', '2025-11-30 22:15:30'),
('-OfMDBLu_xdE0yoDaPj2', 'ZFaIkP4hL3VaGNFYXzlNxrXHZOj1', '-OaF0Sp0pgZKkfQXuyK8', '-OaSAH5HYkbn4_wC8Vt8', 'Deligation of Task', '-OaHdsmqBOMH8PjjyVdp', 'Nexistry Digital Solutions', 'delegation of task', '2025-11-30 16:03:33', '2025-11-30 16:08:37', 303, 0, 0, NULL, '2025-11-30 16:03:33', '2025-11-30 16:08:37'),
('-OfMDCXgTgzqUpglHTq6', 'IqfD9WycDNYq0K0nL7zoJwQvA323', '-OaF0Sp0pgZKkfQXuyK8', '-OaT0cTic_9BfOLzp2mv', 'General Task', '-OaHdsmqBOMH8PjjyVdp', 'Nexistry Digital Solutions', 'Training jane, leads gathering, checking done tasks of specialists', '2025-11-30 16:03:38', '2025-11-30 23:25:19', 26501, 0, 0, NULL, '2025-11-30 16:03:38', '2025-11-30 23:25:19'),
('-OfMELsL0q-BucFIMKvw', 'ZFaIkP4hL3VaGNFYXzlNxrXHZOj1', '-OaF0Sp0pgZKkfQXuyK8', '-OaIvkJXHJFIemvsBT2o', 'Landing Page', '-OaF_PI3x-J9swtbjdzY', 'Rebecca Davis', 'Continue the wordpress page of HAFAA and How to join the Kannonball team', '2025-11-30 16:08:39', '2025-12-01 00:10:29', 28910, 0, 0, NULL, '2025-11-30 16:08:39', '2025-12-01 00:10:29'),
('-OfMFhXXCd3kxXnqoiVN', 'QbclXdG1I1craJqYsGcVQSY7i9L2', '-OaF0Sp0pgZKkfQXuyK8', '-Oc0-NZcR-JmSiJWPY00', 'Client Meeting', '-OaHdsmqBOMH8PjjyVdp', 'Nexistry Digital Solutions', 'ytry', '2025-11-30 16:14:31', '2025-12-02 23:31:16', 199005, 0, 0, NULL, '2025-11-30 16:14:31', '2025-12-02 23:31:16'),
('-OfMFoxj4MEZb222pEvw', '9gcUwwHP9vRYPW2tUKso2eAscdw1', '-OaF0Sp0pgZKkfQXuyK8', '-OaT0cTic_9BfOLzp2mv', 'General Task', '-OaHdsmqBOMH8PjjyVdp', 'Nexistry Digital Solutions', 'Nexiflow Website - Enhance the logo hover effects and added video page for nexiflow demo', '2025-11-30 16:15:02', '2025-11-30 20:26:53', 15111, 0, 1, NULL, '2025-11-30 16:15:02', '2025-11-30 20:26:53'),
('-OfMLEX-jrMf_DpfHDyi', 'eCC9oPHKrbONUxTtjSjyB9WHRJu2', '-OaF0Sp0pgZKkfQXuyK8', '-OfMJkg0dP8QiACqxbPO', 'Sales Training', '-OaHdsmqBOMH8PjjyVdp', 'Nexistry Digital Solutions', 'training, looking for prospect leads in instagram and facebook', '2025-11-30 16:38:43', '2025-11-30 20:06:43', 12479, 0, 0, NULL, '2025-11-30 16:38:43', '2025-11-30 20:06:43'),
('-OfNA9JFHVl8CiZAKUxZ', 'gSb0eR1DWTTW4uzY2V6A1as0Riw2', '-OaF0Sp0pgZKkfQXuyK8', '-OfNWP_6nod8SKPgjyXQ', 'update logo name', '-OaF_rhnBqSPRApXlxhz', 'Meaghan Bird', 'update logo name in landing page, template, form', '2025-11-30 20:29:55', '2025-11-30 22:07:41', 5865, 0, 0, NULL, '2025-11-30 20:29:55', '2025-11-30 22:07:41'),
('-OfNdxZYfbK8pnlLaHFg', '9gcUwwHP9vRYPW2tUKso2eAscdw1', '-OaF0Sp0pgZKkfQXuyK8', '-OfNWP_6nod8SKPgjyXQ', 'update logo name', '-OaF_rhnBqSPRApXlxhz', 'Meaghan Bird', 'Update Logo', '2025-11-30 22:44:28', '2025-11-30 23:48:27', 3839, 0, 1, NULL, '2025-11-30 22:44:28', '2025-11-30 23:48:27'),
('-OfNGtGLbwqlrnb4AP0J', 'eCC9oPHKrbONUxTtjSjyB9WHRJu2', '-OaF0Sp0pgZKkfQXuyK8', '-OfMJkg0dP8QiACqxbPO', 'Sales Training', '-OaHdsmqBOMH8PjjyVdp', 'Nexistry Digital Solutions', 'training, Prospecting in Facebook, Instagram and Nexistry', '2025-11-30 20:59:21', '2025-12-01 01:40:35', 16874, 0, 0, NULL, '2025-11-30 20:59:21', '2025-12-01 01:40:35'),
('-OfNH338EPE-Tc89wBEY', '9gcUwwHP9vRYPW2tUKso2eAscdw1', '-OaF0Sp0pgZKkfQXuyK8', '-OaT0cTic_9BfOLzp2mv', 'General Task', '-OaHdsmqBOMH8PjjyVdp', 'Nexistry Digital Solutions', 'Nexiflow Website', '2025-11-30 21:00:03', '2025-11-30 22:44:27', 6264, 0, 1, NULL, '2025-11-30 21:00:03', '2025-11-30 23:48:26'),
('-OfNsb7BksvbYZJSav5-', '9gcUwwHP9vRYPW2tUKso2eAscdw1', '-OaF0Sp0pgZKkfQXuyK8', '-OaXrOkWMqGQE9d-3fMl', 'Lead Generation', '-OaF_i7zD_3pxQlBlXcK', 'Damien Tugwell', 'Graphics Design for Social Media Posting', '2025-11-30 23:48:28', '2025-12-01 01:10:14', 4906, 0, 1, NULL, '2025-11-30 23:48:28', '2025-12-01 01:10:14'),
('-OfNuUR969oz_CTgo_G2', 'dYMNyLpVH6XmDVMJk8QQMvj8NWX2', '-OaF0Sp0pgZKkfQXuyK8', '-OaT0cTic_9BfOLzp2mv', 'General Task', '-OaHdsmqBOMH8PjjyVdp', 'Nexistry Digital Solutions', '- Created a complete sales funnel for a product, which includes a Home Landing Page, Checkout Page, Upsell Page, and a Thank You Page. This is for the client\'s test funnel. (Undone) - https://core.nexistrydigitalsolutions.com/v2/preview/AcAWNedpHCySro1tnfDC - https://core.nexistrydigitalsolutions.com/v2/preview/Nkr3SYAc33SDLRajLvLa', '2025-11-30 23:56:43', '2025-12-01 02:05:09', 7706, 0, 0, NULL, '2025-11-30 23:56:43', '2025-12-01 02:05:09'),
('-OfNWX_Vrs6U9R9znvzt', 'gSb0eR1DWTTW4uzY2V6A1as0Riw2', '-OaF0Sp0pgZKkfQXuyK8', '-OaT0cTic_9BfOLzp2mv', 'General Task', '-OaHdsmqBOMH8PjjyVdp', 'Nexistry Digital Solutions', 'nexistry', '2025-11-30 22:07:41', '2025-12-01 01:54:54', 13632, 0, 0, NULL, '2025-11-30 22:07:41', '2025-12-01 01:54:54'),
('-OfO78uZk3E1fTSuTvIU', 'NftSf9kvaEMwvrlEyWKo1QCDshU2', '-OaF0Sp0pgZKkfQXuyK8', '-OaT0cTic_9BfOLzp2mv', 'General Task', '-OaHdsmqBOMH8PjjyVdp', 'Nexistry Digital Solutions', 'gluco clear and make', '2025-12-01 00:56:23', '2025-12-01 08:20:05', 26622, 0, 0, NULL, '2025-12-01 00:56:23', '2025-12-01 08:20:05'),
('-OfPhkZK5_5cMKvCBD3Z', 'NftSf9kvaEMwvrlEyWKo1QCDshU2', '-OaF0Sp0pgZKkfQXuyK8', '-OaT0cTic_9BfOLzp2mv', 'General Task', '-OaHdsmqBOMH8PjjyVdp', 'Nexistry Digital Solutions', 'make', '2025-11-30 16:20:00', '2025-11-30 10:55:00', 9343, 0, 0, NULL, '2025-12-01 08:20:19', '2025-12-01 21:35:14'),
('-OfRDkYGR_smQD2xvdpB', 'NftSf9kvaEMwvrlEyWKo1QCDshU2', '-OaF0Sp0pgZKkfQXuyK8', '-OaT0cTic_9BfOLzp2mv', 'General Task', '-OaHdsmqBOMH8PjjyVdp', 'Nexistry Digital Solutions', 'nexiflow', '2025-12-02 07:24:00', '2025-12-02 10:27:00', 39804, 0, 0, NULL, '2025-12-01 15:24:07', '2025-12-05 01:23:27'),
('-OfRjPiSY9qV0R4H0Uzb', 'IqfD9WycDNYq0K0nL7zoJwQvA323', '-OaF0Sp0pgZKkfQXuyK8', '-OfSGeUd9wF3_t4hc89l', 'Video Creation', '-OaF_i7zD_3pxQlBlXcK', 'Damien Tugwell', 'Video for Elevate Hub', '2025-12-01 17:46:48', '2025-12-01 20:16:47', 8999, 0, 0, NULL, '2025-12-01 17:46:48', '2025-12-01 20:16:47'),
('-OfRMaANk7EDw1EsrPTh', 'UzY6A27FBYSJbDkjy9suM4aEdZ02', '-OaF0Sp0pgZKkfQXuyK8', '-Od6mHOx3QY0dQOlr7xZ', 'Data Super Center CRM', '-OaF_B5nlnRS_ZWFuesL', 'Dr. Billy William', '- troubleshoot SAAS welcome email issue - edit landing page - edit and check voice ai knowledge base - create 9 Days On Boarding Email Video Concept docs', '2025-12-01 16:02:44', '2025-12-01 20:07:37', 14692, 0, 1, NULL, '2025-12-01 16:02:44', '2025-12-01 20:07:37'),
('-OfRMa_hORouyhIeqXmf', 'ZFaIkP4hL3VaGNFYXzlNxrXHZOj1', '-OaF0Sp0pgZKkfQXuyK8', '-OaSAH5HYkbn4_wC8Vt8', 'Deligation of Task', '-OaHdsmqBOMH8PjjyVdp', 'Nexistry Digital Solutions', 'Delegation of Task', '2025-12-01 16:02:46', '2025-12-01 16:12:00', 553, 0, 0, NULL, '2025-12-01 16:02:46', '2025-12-01 16:12:00'),
('-OfRnPP6qFW_ng4jdWaS', 'gSb0eR1DWTTW4uzY2V6A1as0Riw2', '-OaF0Sp0pgZKkfQXuyK8', '-Oc2qVsaJikeJV-ZqTe4', 'Weekly Meeting', '-OaF_B5nlnRS_ZWFuesL', 'Dr. Billy William', 'Meeting with Dr. Billy', '2025-12-01 18:04:16', '2025-12-01 19:05:20', 3664, 0, 1, NULL, '2025-12-01 18:04:16', '2025-12-02 00:24:13'),
('-OfRNSXttC_kn7OIvY0p', 'dYMNyLpVH6XmDVMJk8QQMvj8NWX2', '-OaF0Sp0pgZKkfQXuyK8', '-OaT0cTic_9BfOLzp2mv', 'General Task', '-OaHdsmqBOMH8PjjyVdp', 'Nexistry Digital Solutions', 'Created a complete sales funnel for a product, which includes a Home Landing Page, Checkout Page, Upsell Page, and a Thank You Page. This is for the client\'s test funnel. (Funnelish)  GlucoClear - https://oxgdntlirssi.myfunnelish.com/DermaLora/LP-1764551703063335 Checkout - https://oxgdntlirssi.myfunnelish.com/DermaLora/Checkout-1764551703079536 Upsell - https://oxgdntlirssi.myfunnelish.com/DermaLora/UP-1764551703099003 Thank you - https://oxgdntlirssi.myfunnelish.com/DermaLora/TY-1764551703108426', '2025-12-01 16:06:32', '2025-12-01 20:53:30', 17217, 0, 0, NULL, '2025-12-01 16:06:32', '2025-12-01 20:53:30'),
('-OfROafHqo-_hp2XWqn_', 'eCC9oPHKrbONUxTtjSjyB9WHRJu2', '-OaF0Sp0pgZKkfQXuyK8', '-OfMJkg0dP8QiACqxbPO', 'Sales Training', '-OaHdsmqBOMH8PjjyVdp', 'Nexistry Digital Solutions', 'training- message and called some leads', '2025-12-01 16:11:31', '2025-12-01 20:07:33', 14162, 0, 0, NULL, '2025-12-01 16:11:31', '2025-12-01 20:07:33'),
('-OfROiHHI4QY3zibp7qS', 'ZFaIkP4hL3VaGNFYXzlNxrXHZOj1', '-OaF0Sp0pgZKkfQXuyK8', '-OaIvcxkKmxNcutRyzCt', 'Reels', '-OaF_PI3x-J9swtbjdzY', 'Rebecca Davis', 'Create reels for December also a news letter event December and January Monthly News Letter', '2025-12-01 16:12:02', '2025-12-02 00:30:45', 29923, 0, 0, NULL, '2025-12-01 16:12:02', '2025-12-02 00:30:45'),
('-OfROm6PX2JR3A7oNwYH', 'IqfD9WycDNYq0K0nL7zoJwQvA323', '-OaF0Sp0pgZKkfQXuyK8', '-OfMJkg0dP8QiACqxbPO', 'Sales Training', '-OaHdsmqBOMH8PjjyVdp', 'Nexistry Digital Solutions', 'training jane, guiding on chatgpt prompts while compiling pending on Cynthia', '2025-12-01 16:12:16', '2025-12-01 17:46:47', 5670, 0, 0, NULL, '2025-12-01 16:12:16', '2025-12-01 17:46:47'),
('-OfRQn7YAOBrmGSulcIH', '9gcUwwHP9vRYPW2tUKso2eAscdw1', '-OaF0Sp0pgZKkfQXuyK8', '-OaT0cTic_9BfOLzp2mv', 'General Task', '-OaHdsmqBOMH8PjjyVdp', 'Nexistry Digital Solutions', 'Made a grpahic design to put into image placeholder in nexiflow website', '2025-12-01 16:21:06', '2025-12-01 16:55:07', 2040, 0, 1, NULL, '2025-12-01 16:21:06', '2025-12-01 16:55:07'),
('-OfRSkAZy1IXTMtP-TAO', 'gSb0eR1DWTTW4uzY2V6A1as0Riw2', '-OaF0Sp0pgZKkfQXuyK8', '-OaT0cTic_9BfOLzp2mv', 'General Task', '-OaHdsmqBOMH8PjjyVdp', 'Nexistry Digital Solutions', 'nexistry', '2025-12-01 16:29:38', '2025-12-01 18:04:15', 5677, 0, 0, NULL, '2025-12-01 16:29:38', '2025-12-01 18:04:15'),
('-OfRY_TBYoo44uicm6tF', '9gcUwwHP9vRYPW2tUKso2eAscdw1', '-OaF0Sp0pgZKkfQXuyK8', '-OaXrOkWMqGQE9d-3fMl', 'Lead Generation', '-OaF_i7zD_3pxQlBlXcK', 'Damien Tugwell', 'Graphic Design for social media posting of EDS', '2025-12-01 16:55:07', '2025-12-01 20:10:43', 11735, 0, 1, NULL, '2025-12-01 16:55:07', '2025-12-01 20:10:43'),
('-OfS0OA6YFIEF7HC4soc', 'gSb0eR1DWTTW4uzY2V6A1as0Riw2', '-OaF0Sp0pgZKkfQXuyK8', '-OaT0cTic_9BfOLzp2mv', 'General Task', '-OaHdsmqBOMH8PjjyVdp', 'Nexistry Digital Solutions', 'nexistry', '2025-12-01 19:05:21', '2025-12-02 00:31:28', 19567, 0, 0, NULL, '2025-12-01 19:05:21', '2025-12-02 00:31:28'),
('-OfSkVH6aq2GoJlAFodi', 'dYMNyLpVH6XmDVMJk8QQMvj8NWX2', '-OaF0Sp0pgZKkfQXuyK8', '-OdHd_uiwV32EZIKq7fv', 'Heygen video', '-OaF_rhnBqSPRApXlxhz', 'Meaghan Bird', '- Created two fully edited videos for TikTok content posts. - Semaglutide – Appetite, Cravings, and Energy - MK‑677 (Ibutamoren) – Strength & Sleep', '2025-12-01 22:31:12', '2025-12-02 01:53:23', 12131, 0, 1, NULL, '2025-12-01 22:31:12', '2025-12-02 01:53:23'),
('-OfSNWgml3EUfAz6wYCZ', '9gcUwwHP9vRYPW2tUKso2eAscdw1', '-OaF0Sp0pgZKkfQXuyK8', '-OaXrOkWMqGQE9d-3fMl', 'Lead Generation', '-OaF_i7zD_3pxQlBlXcK', 'Damien Tugwell', 'Graphic Design for Social Media Posting of EDS', '2025-12-01 20:46:25', '2025-12-02 00:57:48', 15083, 0, 1, NULL, '2025-12-01 20:46:25', '2025-12-02 00:57:48'),
('-OfSPv6Dv1AIYUZBaFj_', 'eCC9oPHKrbONUxTtjSjyB9WHRJu2', '-OaF0Sp0pgZKkfQXuyK8', '-OfMJkg0dP8QiACqxbPO', 'Sales Training', '-OaHdsmqBOMH8PjjyVdp', 'Nexistry Digital Solutions', 'training- calls and DM some leads', '2025-12-01 20:56:53', '2025-12-02 01:26:01', 16147, 0, 0, NULL, '2025-12-01 20:56:53', '2025-12-02 01:26:01'),
('-OfSXRAioauvouKjcnWN', 'IqfD9WycDNYq0K0nL7zoJwQvA323', '-OaF0Sp0pgZKkfQXuyK8', '-OaT0cTic_9BfOLzp2mv', 'General Task', '-OaHdsmqBOMH8PjjyVdp', 'Nexistry Digital Solutions', 'AI video for testimonial, leads, and EOD', '2025-12-01 21:29:42', '2025-12-02 01:11:03', 13281, 0, 0, NULL, '2025-12-01 21:29:42', '2025-12-02 01:11:03'),
('-OftqGL4oWHWlVF6IPHB', 'eCC9oPHKrbONUxTtjSjyB9WHRJu2', '-OaF0Sp0pgZKkfQXuyK8', '-OfMJkg0dP8QiACqxbPO', 'Sales Training', '-OaHdsmqBOMH8PjjyVdp', 'Nexistry Digital Solutions', 'called the international leads', '2025-12-07 09:25:45', '2025-12-07 11:25:49', 7204, 0, 0, NULL, '2025-12-07 09:25:45', '2025-12-07 11:25:49'),
('-OfUQkpTd0Ec7ZQbfFLr', 'rPYKipBcdXUhEd3qpdjEzjNw70m2', '-OaF0Sp0pgZKkfQXuyK8', '-Ob8Ye2czaiPdf0BGXPT', 'instagram daily task', '-Oab9e6-B6FqEVVh5K49', 'Harri Ducker', 'daily  task', '2025-12-02 05:25:00', '2025-12-02 07:26:00', 7260, 0, 1, NULL, '2025-12-02 06:19:48', '2025-12-02 06:21:02'),
('-OfUR2mFQRzI3zQpb_xr', 'rPYKipBcdXUhEd3qpdjEzjNw70m2', '-OaF0Sp0pgZKkfQXuyK8', '-Ob8Ye2czaiPdf0BGXPT', 'instagram daily task', '-Oab9e6-B6FqEVVh5K49', 'Harri Ducker', 'daily task', '2025-12-01 05:12:00', '2025-12-01 07:14:00', 7320, 0, 1, NULL, '2025-12-02 06:21:06', '2025-12-04 05:49:39'),
('-OfvEhWmIl3ejP2j89EM', 'gSb0eR1DWTTW4uzY2V6A1as0Riw2', '-OaF0Sp0pgZKkfQXuyK8', '-OaT0cTic_9BfOLzp2mv', 'General Task', '-OaHdsmqBOMH8PjjyVdp', 'Nexistry Digital Solutions', 'nexistry', '2025-12-07 15:56:31', '2025-12-08 00:06:44', 29412, 0, 0, NULL, '2025-12-07 15:56:31', '2025-12-08 00:06:44'),
('-OfvFRCbaV2Nkt4IsfTy', 'dYMNyLpVH6XmDVMJk8QQMvj8NWX2', '-OaF0Sp0pgZKkfQXuyK8', '-OaIjBREBZXCHIRDF2xE', 'Social Media Posting', '-OaHdsmqBOMH8PjjyVdp', 'Nexistry Digital Solutions', '* Created reel scripts for Nexistry Digital Solutions posts with a Christmas theme. * Edited a brochure for the PH (Philippines) version.', '2025-12-07 15:59:44', '2025-12-07 20:16:19', 15394, 0, 0, NULL, '2025-12-07 15:59:44', '2025-12-07 20:16:19'),
('-OfvF_hT68A0JGKtoIs6', 'UzY6A27FBYSJbDkjy9suM4aEdZ02', '-OaF0Sp0pgZKkfQXuyK8', '-Od6mHOx3QY0dQOlr7xZ', 'Data Super Center CRM', '-OaF_B5nlnRS_ZWFuesL', 'Dr. Billy William', 'Create 4 graphics Inspire a Nation + DSCCRM Content in canva', '2025-12-07 16:00:23', '2025-12-07 20:01:29', 14466, 0, 1, NULL, '2025-12-07 16:00:23', '2025-12-07 20:01:29'),
('-OfvG8wIa1-ftNEKaA5B', 'ZFaIkP4hL3VaGNFYXzlNxrXHZOj1', '-OaF0Sp0pgZKkfQXuyK8', '-OaSAH5HYkbn4_wC8Vt8', 'Deligation of Task', '-OaHdsmqBOMH8PjjyVdp', 'Nexistry Digital Solutions', 'Delegation of Task', '2025-12-07 16:02:48', '2025-12-07 16:13:37', 648, 0, 0, NULL, '2025-12-07 16:02:48', '2025-12-07 16:13:37'),
('-OfvHojeQeT6kExRvS4-', '9gcUwwHP9vRYPW2tUKso2eAscdw1', '-OaF0Sp0pgZKkfQXuyK8', '-OaFfnG5N7C2eLz_KYO2', 'Default Project', '-OaFaDjHg8LBQ9IcU8au', 'Roel Carandang', 'Roadmap Customization', '2025-12-07 16:10:06', '2025-12-07 16:29:17', 1150, 0, 1, NULL, '2025-12-07 16:10:06', '2025-12-07 16:29:17'),
('-OfvIcNYIqdLa8yva4Cr', 'ZFaIkP4hL3VaGNFYXzlNxrXHZOj1', '-OaF0Sp0pgZKkfQXuyK8', '-OaIvkJXHJFIemvsBT2o', 'Landing Page', '-OaF_PI3x-J9swtbjdzY', 'Rebecca Davis', 'Update Blog posting in Word Press', '2025-12-07 16:13:37', '2025-12-08 00:29:40', 29762, 0, 0, NULL, '2025-12-07 16:13:37', '2025-12-08 00:29:40'),
('-OfvIDTMCSJCLXTP0q6z', 'IqfD9WycDNYq0K0nL7zoJwQvA323', '-OaF0Sp0pgZKkfQXuyK8', '-OaT0cTic_9BfOLzp2mv', 'General Task', '-OaHdsmqBOMH8PjjyVdp', 'Nexistry Digital Solutions', 'messaging prospect clients (FB and IG), compiled verify and organized Leads captured by LGS team, Generated script for reels Christmas themed, reviewed jane\'s recording and had a short roundabout to point out what needs to be polished', '2025-12-07 16:11:54', '2025-12-07 20:27:51', 15356, 0, 0, NULL, '2025-12-07 16:11:54', '2025-12-07 20:27:51'),
('-OfvKWWsOzWlHyCBIqvb', 'eCC9oPHKrbONUxTtjSjyB9WHRJu2', '-OaF0Sp0pgZKkfQXuyK8', '-OfMJkg0dP8QiACqxbPO', 'Sales Training', '-OaHdsmqBOMH8PjjyVdp', 'Nexistry Digital Solutions', 'Finding international and local leads', '2025-12-07 16:21:53', '2025-12-07 20:24:00', 14526, 0, 0, NULL, '2025-12-07 16:21:53', '2025-12-07 20:24:00'),
('-OfWae5ASXgwpDqiAFRt', 'UzY6A27FBYSJbDkjy9suM4aEdZ02', '-OaF0Sp0pgZKkfQXuyK8', '-Od6mHOx3QY0dQOlr7xZ', 'Data Super Center CRM', '-OaF_B5nlnRS_ZWFuesL', 'Dr. Billy William', '- create Saas Subscription Renewal Monthly Notification Workflow - create Saas Subscription Renewal Yearly Notification Workflow - create email video - create test DSCCRM sub account used in  the email videos', '2025-12-02 16:26:39', '2025-12-02 20:29:50', 14590, 0, 1, NULL, '2025-12-02 16:26:39', '2025-12-02 20:29:50'),
('-OfWbpIqJ87wq3yrTxOb', 'eCC9oPHKrbONUxTtjSjyB9WHRJu2', '-OaF0Sp0pgZKkfQXuyK8', '-OfMJkg0dP8QiACqxbPO', 'Sales Training', '-OaHdsmqBOMH8PjjyVdp', 'Nexistry Digital Solutions', 'Prospecting US client in FB and IG', '2025-12-02 16:31:47', '2025-12-02 20:59:38', 16071, 0, 0, NULL, '2025-12-02 16:31:47', '2025-12-02 20:59:38'),
('-OfWdmXLgMKbQ0OgqvTd', 'RnnCeKlaWhe7QjFeYNQzNYxb9xp2', '-OcIvOSsBcP5krq0HXvK', '-OfWe78LHijCt_VqHPi_', 'Build Website', '-OfWe1PGtnO2BgY8GZZX', 'John Doe', 'specifically on hero section', '2025-12-02 16:40:18', '2025-12-02 16:42:23', 125, 0, 1, NULL, '2025-12-02 16:40:18', '2025-12-02 16:42:23'),
('-OfwJjIpRgIiSY44oi4U', '9gcUwwHP9vRYPW2tUKso2eAscdw1', '-OaF0Sp0pgZKkfQXuyK8', '-OaT0cTic_9BfOLzp2mv', 'General Task', '-OaHdsmqBOMH8PjjyVdp', 'Nexistry Digital Solutions', 'Resort Landing Page', '2025-12-07 20:58:05', '2025-12-08 01:03:52', 14746, 0, 1, NULL, '2025-12-07 20:58:05', '2025-12-08 01:03:52'),
('-OfwN5D7SsNl3yB4_ZlT', 'dYMNyLpVH6XmDVMJk8QQMvj8NWX2', '-OaF0Sp0pgZKkfQXuyK8', '-OaIjBREBZXCHIRDF2xE', 'Social Media Posting', '-OaHdsmqBOMH8PjjyVdp', 'Nexistry Digital Solutions', '- Created 9 static posts for social media posting for Nexistry Digital Solutions and one unfinished reel, all with a Christmas theme. Also created 2 static posts for the Black Friday sale (last week).', '2025-12-07 21:12:49', '2025-12-08 01:35:00', 15730, 0, 0, NULL, '2025-12-07 21:12:49', '2025-12-08 01:35:00'),
('-OfwPiPyZ5A-LxwMKQjl', 'IqfD9WycDNYq0K0nL7zoJwQvA323', '-OaF0Sp0pgZKkfQXuyK8', '-OaT0cTic_9BfOLzp2mv', 'General Task', '-OaHdsmqBOMH8PjjyVdp', 'Nexistry Digital Solutions', 'Created reels, reviewed done tasks', '2025-12-07 21:24:17', '2025-12-08 01:14:45', 13827, 0, 0, NULL, '2025-12-07 21:24:17', '2025-12-08 01:14:45'),
('-OfWVbY1fIQYo5INI-nv', 'NftSf9kvaEMwvrlEyWKo1QCDshU2', '-OaF0Sp0pgZKkfQXuyK8', '-OaT0cTic_9BfOLzp2mv', NULL, NULL, NULL, 'time stop test', '2025-12-02 08:00:00', '2025-12-02 07:41:00', 27660, 0, 0, NULL, '2025-12-02 16:00:14', '2025-12-02 23:44:28'),
('-OfWVpIZxlVkWnqVLJUx', 'dYMNyLpVH6XmDVMJk8QQMvj8NWX2', '-OaF0Sp0pgZKkfQXuyK8', '-OdHd_uiwV32EZIKq7fv', 'Heygen video', '-OaF_rhnBqSPRApXlxhz', 'Meaghan Bird', 'Revised one video (MK‑677 (Ibutamoren) and make another one video (Madison - BPC‑157 – Aches, Joints, Little “Nagging” Pains).', '2025-12-02 16:01:13', '2025-12-02 18:06:39', 7525, 0, 1, NULL, '2025-12-02 16:01:13', '2025-12-02 18:06:39'),
('-OfWVthZ6vb_o6MeXXZL', 'ZFaIkP4hL3VaGNFYXzlNxrXHZOj1', '-OaF0Sp0pgZKkfQXuyK8', '-OaSAH5HYkbn4_wC8Vt8', 'Deligation of Task', '-OaHdsmqBOMH8PjjyVdp', 'Nexistry Digital Solutions', 'Delegeation of task', '2025-12-02 16:01:29', '2025-12-02 16:02:46', 76, 0, 0, NULL, '2025-12-02 16:01:29', '2025-12-02 16:02:46'),
('-OfWVU0y7hxvtWuLifJJ', 'gSb0eR1DWTTW4uzY2V6A1as0Riw2', '-OaF0Sp0pgZKkfQXuyK8', '-OaT0cTic_9BfOLzp2mv', 'General Task', '-OaHdsmqBOMH8PjjyVdp', 'Nexistry Digital Solutions', 'nexistry', '2025-12-02 15:59:40', '2025-12-02 18:59:53', 10812, 0, 0, NULL, '2025-12-02 15:59:40', '2025-12-02 18:59:53'),
('-OfWWBoY5qaucd74DDyA', 'ZFaIkP4hL3VaGNFYXzlNxrXHZOj1', '-OaF0Sp0pgZKkfQXuyK8', '-OaIvZdcisZxyig1R8On', 'Newsletter', '-OaF_PI3x-J9swtbjdzY', 'Rebecca Davis', 'Create Version 2 Of Monthly Newsletter for January and create also V1 of event news letter', '2025-12-02 16:02:48', '2025-12-03 00:11:44', 29336, 0, 0, NULL, '2025-12-02 16:02:48', '2025-12-03 00:11:44'),
('-OfwXzA9NEXbPd-UINKB', 'eCC9oPHKrbONUxTtjSjyB9WHRJu2', '-OaF0Sp0pgZKkfQXuyK8', '-OfMJkg0dP8QiACqxbPO', 'Sales Training', '-OaHdsmqBOMH8PjjyVdp', 'Nexistry Digital Solutions', 'call and dm local leads and do follow ups', '2025-12-07 22:00:21', '2025-12-08 00:44:50', 9869, 0, 0, NULL, '2025-12-07 22:00:21', '2025-12-08 00:44:50'),
('-OfWZe2WbxPpYKjUrZuo', '9gcUwwHP9vRYPW2tUKso2eAscdw1', '-OaF0Sp0pgZKkfQXuyK8', '-OaT0cTic_9BfOLzp2mv', 'General Task', '-OaHdsmqBOMH8PjjyVdp', 'Nexistry Digital Solutions', 'School Landing Page', '2025-12-02 16:17:54', '2025-12-02 20:26:54', 14940, 0, 1, NULL, '2025-12-02 16:17:54', '2025-12-02 20:26:54'),
('-OfWZOztHJbVXU8t6ryE', 'IqfD9WycDNYq0K0nL7zoJwQvA323', '-OaF0Sp0pgZKkfQXuyK8', '-OaT0cTic_9BfOLzp2mv', 'General Task', '-OaHdsmqBOMH8PjjyVdp', 'Nexistry Digital Solutions', 'Compiled all of Zak\'s meeting and notes. Reviewed all of the documents to counter what he is requesting. Training Sales, leads finding', '2025-12-02 16:16:48', '2025-12-02 19:06:15', 10166, 0, 0, NULL, '2025-12-02 16:16:48', '2025-12-02 19:06:15'),
('-OfX74EsvrBWcO8jjPmy', 'dYMNyLpVH6XmDVMJk8QQMvj8NWX2', '-OaF0Sp0pgZKkfQXuyK8', '-OaIjBREBZXCHIRDF2xE', 'Social Media Posting', '-OaHdsmqBOMH8PjjyVdp', 'Nexistry Digital Solutions', '- Created contents for social media posts, pages 14-22 - https://www.canva.com/design/DAG43vXf3HI/uW1yXBWLFgDD28Gg8j-90g/edit?utm_content=DAG43vXf3HI&utm_campaign=designshare&utm_medium=link2&utm_source=sharebutton', '2025-12-02 18:52:42', '2025-12-03 00:52:46', 21603, 0, 0, NULL, '2025-12-02 18:52:42', '2025-12-03 00:52:46'),
('-OfXABGDZ6vI7LP5Post', 'IqfD9WycDNYq0K0nL7zoJwQvA323', '-OaF0Sp0pgZKkfQXuyK8', '-OfSGeUd9wF3_t4hc89l', 'Video Creation', '-OaF_i7zD_3pxQlBlXcK', 'Damien Tugwell', 'ADS', '2025-12-02 11:06:00', '2025-12-02 12:38:00', 5527, 0, 1, NULL, '2025-12-02 19:06:16', '2025-12-04 23:00:50'),
('-OfXH6NA8pwf_yP6YDaP', 'gSb0eR1DWTTW4uzY2V6A1as0Riw2', '-OaF0Sp0pgZKkfQXuyK8', '-OaT0cTic_9BfOLzp2mv', 'General Task', '-OaHdsmqBOMH8PjjyVdp', 'Nexistry Digital Solutions', 'nexistry', '2025-12-02 19:36:30', '2025-12-03 00:55:53', 19162, 0, 0, NULL, '2025-12-02 19:36:30', '2025-12-03 00:55:53'),
('-OfXlDgwWB29axg5Zryc', 'IqfD9WycDNYq0K0nL7zoJwQvA323', '-OaF0Sp0pgZKkfQXuyK8', '-OaT0cTic_9BfOLzp2mv', 'General Task', '-OaHdsmqBOMH8PjjyVdp', 'Nexistry Digital Solutions', 'damien video, sales traaining, gathering portfolio, checking done tasks,', '2025-12-02 21:52:27', '2025-12-03 01:29:51', 13043, 0, 0, NULL, '2025-12-02 21:52:27', '2025-12-03 01:29:51'),
('-OfXpzbkLWpXe4Wnc1jF', 'eCC9oPHKrbONUxTtjSjyB9WHRJu2', '-OaF0Sp0pgZKkfQXuyK8', '-OfMJkg0dP8QiACqxbPO', 'Sales Training', '-OaHdsmqBOMH8PjjyVdp', 'Nexistry Digital Solutions', 'Called local leads', '2025-12-02 22:13:16', '2025-12-03 02:35:03', 15706, 0, 0, NULL, '2025-12-02 22:13:16', '2025-12-03 02:35:03'),
('-OfX_N3pG0fCG4u-yCzU', '9gcUwwHP9vRYPW2tUKso2eAscdw1', '-OaF0Sp0pgZKkfQXuyK8', '-OaT0cTic_9BfOLzp2mv', 'General Task', '-OaHdsmqBOMH8PjjyVdp', 'Nexistry Digital Solutions', 'Make a School Landing Page', '2025-12-02 21:00:39', '2025-12-03 01:00:23', 14383, 0, 1, NULL, '2025-12-02 21:00:39', '2025-12-03 01:00:23'),
('-OfY8uymJCJbZbSs5xqZ', 'NftSf9kvaEMwvrlEyWKo1QCDshU2', '-OaF0Sp0pgZKkfQXuyK8', '-OaT0cTic_9BfOLzp2mv', NULL, NULL, NULL, 'time test', '2025-12-02 15:40:00', '2025-12-02 15:41:00', 81, 0, 0, NULL, '2025-12-02 23:40:18', '2025-12-02 23:43:09'),
('-OfY9JnqaKhJS2Lu0h2R', 'NftSf9kvaEMwvrlEyWKo1QCDshU2', '-OaF0Sp0pgZKkfQXuyK8', '-OaSAH5HYkbn4_wC8Vt8', NULL, '-OaHdsmqBOMH8PjjyVdp', NULL, 'trying stop time', '2025-12-02 23:42:04', '2025-12-02 23:50:37', 512, 0, 0, NULL, '2025-12-02 23:42:04', '2025-12-02 23:50:37'),
('-OfYBOhgbKDHXYRQOzZn', 'NftSf9kvaEMwvrlEyWKo1QCDshU2', '-OaF0Sp0pgZKkfQXuyK8', '-OaT0cTic_9BfOLzp2mv', 'General Task', '-OaHdsmqBOMH8PjjyVdp', 'Nexistry Digital Solutions', 'nexiflow landing page, about, and stop time feature', '2025-12-02 23:51:08', '2025-12-03 05:25:27', 20058, 0, 0, NULL, '2025-12-02 23:51:08', '2025-12-03 05:25:27'),
('-OfyCTIvWl_4DlWw740f', 'rPYKipBcdXUhEd3qpdjEzjNw70m2', '-OaF0Sp0pgZKkfQXuyK8', '-Ob8Ye2czaiPdf0BGXPT', 'instagram daily task', '-Oab9e6-B6FqEVVh5K49', 'Harri Ducker', 'daily task', '2025-12-08 03:45:00', '2025-12-08 05:47:00', 7320, 0, 1, NULL, '2025-12-08 05:45:36', '2025-12-08 05:46:55'),
('-OfyG9szcpVj6AXX61Fr', 'gSb0eR1DWTTW4uzY2V6A1as0Riw2', '-OaF0Sp0pgZKkfQXuyK8', '-OaT0cTic_9BfOLzp2mv', 'General Task', '-OaHdsmqBOMH8PjjyVdp', 'Nexistry Digital Solutions', 'waiting for client', '2025-12-08 06:01:46', '2025-12-08 07:21:59', 4813, 0, 0, NULL, '2025-12-08 06:01:46', '2025-12-08 07:21:59'),
('-Ofz0NK2ZEzUU7CU6_L9', 'eCC9oPHKrbONUxTtjSjyB9WHRJu2', '-OaF0Sp0pgZKkfQXuyK8', '-OfMJkg0dP8QiACqxbPO', 'Sales Training', '-OaHdsmqBOMH8PjjyVdp', 'Nexistry Digital Solutions', 'Called and sent DM to International Leads', '2025-12-08 09:32:28', '2025-12-08 11:38:18', 7549, 0, 0, NULL, '2025-12-08 09:32:28', '2025-12-08 11:38:18'),
('-OfZv_p9IpAL7KADdZ0z', 'NftSf9kvaEMwvrlEyWKo1QCDshU2', '-OaF0Sp0pgZKkfQXuyK8', '-OaT0cTic_9BfOLzp2mv', 'General Task', '-OaHdsmqBOMH8PjjyVdp', 'Nexistry Digital Solutions', 'zak\'s make', '2025-12-02 23:56:00', '2025-12-02 17:01:00', 3902, 0, 0, NULL, '2025-12-03 07:56:57', '2025-12-03 16:05:18'),
('-Og-lnBEAzlQDJHUleox', '9gcUwwHP9vRYPW2tUKso2eAscdw1', '-OaF0Sp0pgZKkfQXuyK8', '-OaT0cTic_9BfOLzp2mv', 'General Task', '-OaHdsmqBOMH8PjjyVdp', 'Nexistry Digital Solutions', 'Read and watch links   that has been sent by King Caller', '2025-12-08 17:43:31', '2025-12-08 20:48:27', 11096, 0, 1, NULL, '2025-12-08 17:43:31', '2025-12-08 20:48:27'),
('-Og-OWN9EsHJCtP9xUQW', 'UzY6A27FBYSJbDkjy9suM4aEdZ02', '-OaF0Sp0pgZKkfQXuyK8', '-Od6mHOx3QY0dQOlr7xZ', 'Data Super Center CRM', '-OaF_B5nlnRS_ZWFuesL', 'Dr. Billy William', '- Troubleshoot for the issue of stripe - create 3 graphics Inspire a Nation + DSCCRM Content in canva', '2025-12-08 15:57:30', '2025-12-08 20:12:13', 15283, 0, 1, NULL, '2025-12-08 15:57:30', '2025-12-08 20:12:13'),
('-Og-oyIh3idpVKndPbKn', 'eCC9oPHKrbONUxTtjSjyB9WHRJu2', '-OaF0Sp0pgZKkfQXuyK8', '-OfMJkg0dP8QiACqxbPO', 'Sales Training', '-OaHdsmqBOMH8PjjyVdp', 'Nexistry Digital Solutions', 'Reported and listen to discussion on how to make calls more effective. also look for local leads', '2025-12-08 17:57:25', '2025-12-08 20:36:33', 9547, 0, 0, NULL, '2025-12-08 17:57:25', '2025-12-08 20:36:33'),
('-Og-PgXfIoSq9yWtHm05', 'ZFaIkP4hL3VaGNFYXzlNxrXHZOj1', '-OaF0Sp0pgZKkfQXuyK8', '-OaSAH5HYkbn4_wC8Vt8', 'Deligation of Task', '-OaHdsmqBOMH8PjjyVdp', 'Nexistry Digital Solutions', 'Delegation of Task', '2025-12-08 16:02:35', '2025-12-08 16:15:54', 798, 0, 0, NULL, '2025-12-08 16:02:35', '2025-12-08 16:15:54'),
('-Og-Q5MvmaNcl0940H85', 'IqfD9WycDNYq0K0nL7zoJwQvA323', '-OaF0Sp0pgZKkfQXuyK8', '-OaT0cTic_9BfOLzp2mv', 'General Task', '-OaHdsmqBOMH8PjjyVdp', 'Nexistry Digital Solutions', 'Created reels, find prospect locally to call for later, assigned tasks and check works', '2025-12-08 16:04:23', '2025-12-08 20:11:58', 14854, 0, 0, NULL, '2025-12-08 16:04:23', '2025-12-08 20:11:58'),
('-Og-QFGiueoH4kjMn_e_', 'gSb0eR1DWTTW4uzY2V6A1as0Riw2', '-OaF0Sp0pgZKkfQXuyK8', '-OaT0cTic_9BfOLzp2mv', 'General Task', '-OaHdsmqBOMH8PjjyVdp', 'Nexistry Digital Solutions', 'nexistry', '2025-12-08 16:05:03', '2025-12-08 23:58:05', 28382, 0, 0, NULL, '2025-12-08 16:05:03', '2025-12-08 23:58:05'),
('-Og-RHqwH1PQCD0R1QP1', 'dYMNyLpVH6XmDVMJk8QQMvj8NWX2', '-OaF0Sp0pgZKkfQXuyK8', '-OaIjBREBZXCHIRDF2xE', 'Social Media Posting', '-OaHdsmqBOMH8PjjyVdp', 'Nexistry Digital Solutions', 'Created reels to be posted as content for Nexistry Digital Solutions, including a video for the Black Friday sale, for the Christmas coming, and for regular content. (Undone)', '2025-12-08 16:09:37', '2025-12-08 18:21:13', 7895, 0, 0, NULL, '2025-12-08 16:09:37', '2025-12-08 18:21:13'),
('-Og-SjqqBtYB9Cg66OCG', 'ZFaIkP4hL3VaGNFYXzlNxrXHZOj1', '-OaF0Sp0pgZKkfQXuyK8', '-OaIvkJXHJFIemvsBT2o', 'Landing Page', '-OaF_PI3x-J9swtbjdzY', 'Rebecca Davis', 'Create count down posting for Christmas and update Wordpress', '2025-12-08 16:15:55', '2025-12-09 00:23:56', 29281, 0, 0, NULL, '2025-12-08 16:15:55', '2025-12-09 00:23:56'),
('-Og-uPfpWRF3oUPxJM5l', 'dYMNyLpVH6XmDVMJk8QQMvj8NWX2', '-OaF0Sp0pgZKkfQXuyK8', '-Oax9h97qVLyv9YjRjJg', 'Documentation', '-OaF_i7zD_3pxQlBlXcK', 'Damien Tugwell', '- Created content for The Farm Plumeria Road, consisting of 3 posts for general content, 2 for Available booking dates (from the updated calendar), and 3 for the Competition Reminder. - https://www.canva.com/design/DAG6-q4Q0BE/vOOh2LPpliDAuMqg5JuaCw/edit?utm_content=DAG6-q4Q0BE&utm_campaign=designshare&utm_medium=link2&utm_source=sharebutton', '2025-12-08 18:21:13', '2025-12-08 22:35:15', 15241, 0, 0, NULL, '2025-12-08 18:21:13', '2025-12-08 22:35:15'),
('-Og-WENkiJBndYXulSvq', 'NftSf9kvaEMwvrlEyWKo1QCDshU2', '-OaF0Sp0pgZKkfQXuyK8', '-OaT0cTic_9BfOLzp2mv', 'General Task', '-OaHdsmqBOMH8PjjyVdp', 'Nexistry Digital Solutions', 'nexiflow bug fixes', '2025-12-08 16:31:11', '2025-12-09 01:00:17', 30545, 0, 0, NULL, '2025-12-08 16:31:11', '2025-12-09 01:00:17'),
('-Og-Yl3EsyR9ysvUmT9B', '9gcUwwHP9vRYPW2tUKso2eAscdw1', '-OaF0Sp0pgZKkfQXuyK8', '-OaT0cTic_9BfOLzp2mv', 'General Task', '-OaHdsmqBOMH8PjjyVdp', 'Nexistry Digital Solutions', 'Review the links of Tom (undone)', '2025-12-08 16:42:13', '2025-12-08 17:26:31', 2658, 0, 1, NULL, '2025-12-08 16:42:13', '2025-12-08 17:26:31'),
('-Og0jogeytyj5qPknmWB', 'eCC9oPHKrbONUxTtjSjyB9WHRJu2', '-OaF0Sp0pgZKkfQXuyK8', '-OfMJkg0dP8QiACqxbPO', 'Sales Training', '-OaHdsmqBOMH8PjjyVdp', 'Nexistry Digital Solutions', 'call and dm local leads and follow ups', '2025-12-08 22:14:32', '2025-12-08 23:23:19', 4126, 0, 0, NULL, '2025-12-08 22:14:32', '2025-12-08 23:23:19'),
('-Og0oYsNmviuaLphQ_NO', 'dYMNyLpVH6XmDVMJk8QQMvj8NWX2', '-OaF0Sp0pgZKkfQXuyK8', '-OaIjBREBZXCHIRDF2xE', 'Social Media Posting', '-OaHdsmqBOMH8PjjyVdp', 'Nexistry Digital Solutions', '- Created reels to be posted as content for Nexistry Digital Solutions, including a video for the for the Christmas coming, and for regular content. 3 videos are done.  - Nexistry Reel - Digital Wins & Christmas Lights - https://drive.google.com/file/d/1oh0Cms3ObpJR0mCMVwGxDc88IE3cGTKE/view?usp=drive_link - Nexistry Reel - Be honest… - https://drive.google.com/file/d/1Bq2vAc8HAaKnyhFO9BkUlu9nUHzg_tBE/view?usp=drive_link - Nexistry Reel - Right now, your ideal… - https://drive.google.com/file/d/12hXaMNktpasU64PKRfkVIzJE3oRXgczx/view?usp=drive_link', '2025-12-08 22:35:15', '2025-12-09 00:51:33', 8177, 0, 0, NULL, '2025-12-08 22:35:15', '2025-12-09 00:51:33'),
('-Og0T1TZzZF37HjihPVt', '9gcUwwHP9vRYPW2tUKso2eAscdw1', '-OaF0Sp0pgZKkfQXuyK8', '-OaT0cTic_9BfOLzp2mv', 'General Task', '-OaHdsmqBOMH8PjjyVdp', 'Nexistry Digital Solutions', 'Review Tom links', '2025-12-08 20:56:48', '2025-12-08 22:02:39', 3950, 0, 1, NULL, '2025-12-08 20:56:48', '2025-12-10 20:25:33'),
('-Og0XhW_--vI5jTtR_LZ', 'IqfD9WycDNYq0K0nL7zoJwQvA323', '-OaF0Sp0pgZKkfQXuyK8', '-OaT0cTic_9BfOLzp2mv', 'General Task', '-OaHdsmqBOMH8PjjyVdp', 'Nexistry Digital Solutions', 'Called prospect clients, look for another set of clients', '2025-12-08 21:17:15', '2025-12-09 01:22:26', 14710, 0, 0, NULL, '2025-12-08 21:17:15', '2025-12-09 01:22:26'),
('-Og1MrAKEJhj-QDWY9EA', 'eCC9oPHKrbONUxTtjSjyB9WHRJu2', '-OaF0Sp0pgZKkfQXuyK8', '-OfMJkg0dP8QiACqxbPO', 'Sales Training', '-OaHdsmqBOMH8PjjyVdp', 'Nexistry Digital Solutions', 'look for international leads', '2025-12-09 01:09:28', '2025-12-09 03:22:17', 7969, 0, 0, NULL, '2025-12-09 01:09:28', '2025-12-09 03:22:17');
INSERT INTO `time_entries` (`id`, `user_id`, `company_id`, `project_id`, `project_name`, `client_id`, `client_name`, `description`, `start_time`, `end_time`, `duration`, `is_running`, `is_billable`, `tags`, `created_at`, `updated_at`) VALUES
('-Og2YdgO1AeEMlG9lfZt', 'rPYKipBcdXUhEd3qpdjEzjNw70m2', '-OaF0Sp0pgZKkfQXuyK8', '-Ob8Ye2czaiPdf0BGXPT', 'instagram daily task', '-Oab9e6-B6FqEVVh5K49', 'Harri Ducker', 'daily task', '2025-12-09 04:52:00', '2025-12-09 06:55:00', 7380, 0, 1, NULL, '2025-12-09 06:40:34', '2025-12-09 06:41:55'),
('-Og4FyW8VI52JgU2JrRj', '9gcUwwHP9vRYPW2tUKso2eAscdw1', '-OaF0Sp0pgZKkfQXuyK8', '-OaT0cTic_9BfOLzp2mv', 'General Task', '-OaHdsmqBOMH8PjjyVdp', 'Nexistry Digital Solutions', 'Task Review for king caller', '2025-12-09 14:38:27', '2025-12-09 15:53:44', 4517, 0, 1, NULL, '2025-12-09 14:38:27', '2025-12-09 15:53:44'),
('-Og4g_YBkFqWLNZy7-Y8', '9gcUwwHP9vRYPW2tUKso2eAscdw1', '-OaF0Sp0pgZKkfQXuyK8', '-OaT0cTic_9BfOLzp2mv', 'General Task', '-OaHdsmqBOMH8PjjyVdp', 'Nexistry Digital Solutions', 'SaaS Documentation for King Caller AI', '2025-12-09 16:38:54', '2025-12-10 00:26:54', 28080, 0, 1, NULL, '2025-12-09 16:38:54', '2025-12-10 00:26:54'),
('-Og4kZ3bJ9nFUc8HWKis', 'dYMNyLpVH6XmDVMJk8QQMvj8NWX2', '-OaF0Sp0pgZKkfQXuyK8', '-OaT0cTic_9BfOLzp2mv', 'General Task', '-OaHdsmqBOMH8PjjyVdp', 'Nexistry Digital Solutions', '- Checked if there were any changes made to the task for Dion, created 4 content posts for Eazy As Cleaning, and produced one reel video for Nexistry Digital Solutions. Currently waiting for file access to start the task for Bea. - https://www.canva.com/design/DAG7F1vLwCA/FtceLS2MENKjIIJVh_amGw/edit?utm_content=DAG7F1vLwCA&utm_campaign=designshare&utm_medium=link2&utm_source=sharebutton', '2025-12-09 16:56:16', '2025-12-10 01:11:49', 29732, 0, 0, NULL, '2025-12-09 16:56:16', '2025-12-10 01:11:49'),
('-Og4YU03LmRpSO7ilJHm', 'UzY6A27FBYSJbDkjy9suM4aEdZ02', '-OaF0Sp0pgZKkfQXuyK8', '-OaT0cTic_9BfOLzp2mv', 'General Task', '-OaHdsmqBOMH8PjjyVdp', 'Nexistry Digital Solutions', '- Full Testing of Nexiflow  - Multiple testing of features - invoicing still not complete', '2025-12-09 15:59:06', '2025-12-09 20:03:11', 14645, 0, 1, NULL, '2025-12-09 15:59:06', '2025-12-09 20:03:11'),
('-Og4Z3VfiyD_cx1tHCc4', 'ZFaIkP4hL3VaGNFYXzlNxrXHZOj1', '-OaF0Sp0pgZKkfQXuyK8', '-OaIvcxkKmxNcutRyzCt', 'Reels', '-OaF_PI3x-J9swtbjdzY', 'Rebecca Davis', 'Create reels for December', '2025-12-09 16:01:39', '2025-12-10 00:32:49', 30670, 0, 0, NULL, '2025-12-09 16:01:39', '2025-12-10 00:32:49'),
('-Og4ZE1vJbzwbGIX7KK5', 'NftSf9kvaEMwvrlEyWKo1QCDshU2', '-OaF0Sp0pgZKkfQXuyK8', '-OaT0cTic_9BfOLzp2mv', 'General Task', '-OaHdsmqBOMH8PjjyVdp', 'Nexistry Digital Solutions', 'nexiflow', '2025-12-09 16:02:23', '2025-12-10 00:22:10', 29987, 0, 0, NULL, '2025-12-09 16:02:23', '2025-12-10 00:22:10'),
('-Og4ZmoXQ0P73JXPdith', 'gSb0eR1DWTTW4uzY2V6A1as0Riw2', '-OaF0Sp0pgZKkfQXuyK8', '-OaT0cTic_9BfOLzp2mv', 'General Task', '-OaHdsmqBOMH8PjjyVdp', 'Nexistry Digital Solutions', 'nexistry', '2025-12-09 16:04:50', '2025-12-09 22:00:56', 21366, 0, 0, NULL, '2025-12-09 16:04:50', '2025-12-09 22:00:56'),
('-Og4_QBqrG-7jNd8DKOH', 'IqfD9WycDNYq0K0nL7zoJwQvA323', '-OaF0Sp0pgZKkfQXuyK8', '-OaT0cTic_9BfOLzp2mv', 'General Task', '-OaHdsmqBOMH8PjjyVdp', 'Nexistry Digital Solutions', 'respond to clients, give tasks, joined, posted and commented on different facebook groups to market EDS, answered form given, review dan\'s documentation', '2025-12-09 16:07:35', '2025-12-09 20:33:31', 15955, 0, 0, NULL, '2025-12-09 16:07:35', '2025-12-09 20:33:31'),
('-Og53zqW7HU_mswEjm4Y', 'RnnCeKlaWhe7QjFeYNQzNYxb9xp2', '-OcIvOSsBcP5krq0HXvK', '-OfWe78LHijCt_VqHPi_', 'Build Website', '-OfWe1PGtnO2BgY8GZZX', 'John Doe', 'Full system testing and feature verification', '2025-12-09 18:25:32', '2025-12-09 18:26:09', 37, 0, 0, NULL, '2025-12-09 18:25:32', '2025-12-09 18:26:09'),
('-Og55u6VYBXncNTH2_Ih', 'RnnCeKlaWhe7QjFeYNQzNYxb9xp2', '-OcIvOSsBcP5krq0HXvK', '-OfWe78LHijCt_VqHPi_', 'Build Website', '-OfWe1PGtnO2BgY8GZZX', 'John Doe', 'trial', '2025-12-09 18:33:52', '2025-12-09 19:10:47', 2214, 0, 0, NULL, '2025-12-09 18:33:52', '2025-12-09 19:10:47'),
('-Og5L4HmnqXFWIN3te-j', 'RnnCeKlaWhe7QjFeYNQzNYxb9xp2', '-OcIvOSsBcP5krq0HXvK', '-OfWe78LHijCt_VqHPi_', 'Build Website', '-OfWe1PGtnO2BgY8GZZX', 'John Doe', 'Frontend development and responsive design optimization', '2025-12-09 19:40:10', '2025-12-10 16:15:22', 74111, 0, 0, NULL, '2025-12-09 19:40:10', '2025-12-10 16:15:22'),
('-Og5mHt52he0iE9_m-De', 'IqfD9WycDNYq0K0nL7zoJwQvA323', '-OaF0Sp0pgZKkfQXuyK8', '-OaT0cTic_9BfOLzp2mv', 'General Task', '-OaHdsmqBOMH8PjjyVdp', 'Nexistry Digital Solutions', 'Edited video for peter, shared 19.99 promo for EDS in Facebook, EOD reviewed done tasks', '2025-12-09 21:43:26', '2025-12-10 01:13:00', 12573, 0, 0, NULL, '2025-12-09 21:43:26', '2025-12-10 01:13:00'),
('-Og5vfe7yKQ-eohXYaRw', 'gSb0eR1DWTTW4uzY2V6A1as0Riw2', '-OaF0Sp0pgZKkfQXuyK8', '-OaT0cTic_9BfOLzp2mv', 'General Task', '-OaHdsmqBOMH8PjjyVdp', 'Nexistry Digital Solutions', 'nexistry', '2025-12-09 22:24:26', '2025-12-10 00:34:02', 7775, 0, 0, NULL, '2025-12-09 22:24:26', '2025-12-10 00:34:02'),
('-Og78CevCGpydbfNI7rs', 'gSb0eR1DWTTW4uzY2V6A1as0Riw2', '-OaF0Sp0pgZKkfQXuyK8', '-OaT0cTic_9BfOLzp2mv', 'General Task', '-OaHdsmqBOMH8PjjyVdp', 'Nexistry Digital Solutions', 'nexistry', '2025-12-10 04:03:11', '2025-12-10 05:10:30', 4038, 0, 0, NULL, '2025-12-10 04:03:11', '2025-12-10 05:10:30'),
('-Og7ABC1DSa-FoLaDXax', '9gcUwwHP9vRYPW2tUKso2eAscdw1', '-OaF0Sp0pgZKkfQXuyK8', '-OaT0cTic_9BfOLzp2mv', 'General Task', '-OaHdsmqBOMH8PjjyVdp', 'Nexistry Digital Solutions', 'Wait a task from king caller AI. Also Review the SaaS king caller', '2025-12-10 04:11:50', '2025-12-10 08:20:35', 14924, 0, 1, NULL, '2025-12-10 04:11:50', '2025-12-10 08:20:35'),
('-Og9gwdTI1Qxw6kCwmkX', 'UzY6A27FBYSJbDkjy9suM4aEdZ02', '-OaF0Sp0pgZKkfQXuyK8', '-OaT0cTic_9BfOLzp2mv', 'General Task', '-OaHdsmqBOMH8PjjyVdp', 'Nexistry Digital Solutions', 'QA testing of Nexiflow', '2025-12-10 15:58:34', '2025-12-10 20:14:00', 15325, 0, 0, NULL, '2025-12-10 15:58:34', '2025-12-10 20:14:00'),
('-Og9hJFZF5r_UcHtPo-g', 'dYMNyLpVH6XmDVMJk8QQMvj8NWX2', '-OaF0Sp0pgZKkfQXuyK8', '-OaT0cTic_9BfOLzp2mv', 'General Task', '-OaHdsmqBOMH8PjjyVdp', 'Nexistry Digital Solutions', '- Continued the task for Bea by editing the video for test.', '2025-12-10 16:00:12', '2025-12-10 16:46:02', 2750, 0, 0, NULL, '2025-12-10 16:00:12', '2025-12-10 16:46:02'),
('-Og9hPCc8WVTZLPI65sp', 'gSb0eR1DWTTW4uzY2V6A1as0Riw2', '-OaF0Sp0pgZKkfQXuyK8', '-OaT0cTic_9BfOLzp2mv', 'General Task', '-OaHdsmqBOMH8PjjyVdp', 'Nexistry Digital Solutions', 'nexistry', '2025-12-10 16:00:34', '2025-12-10 22:01:46', 21671, 0, 0, NULL, '2025-12-10 16:00:34', '2025-12-10 22:01:46'),
('-Og9h_-E_KmD3mDRly2u', 'ZFaIkP4hL3VaGNFYXzlNxrXHZOj1', '-OaF0Sp0pgZKkfQXuyK8', NULL, NULL, NULL, NULL, NULL, '2025-12-10 16:01:16', '2025-12-12 03:45:12', 0, 1, 0, NULL, '2025-12-10 16:01:16', '2025-12-10 16:01:16'),
('-Og9iOMoUky0HVJ4Vnbz', '9gcUwwHP9vRYPW2tUKso2eAscdw1', '-OaF0Sp0pgZKkfQXuyK8', '-OaT0cTic_9BfOLzp2mv', 'General Task', '-OaHdsmqBOMH8PjjyVdp', 'Nexistry Digital Solutions', 'Workflow Documentation, Workflow Creation in King Caller AI, and QA for SaaS King Caller AI', '2025-12-10 16:04:53', '2025-12-10 20:25:44', 15650, 0, 1, NULL, '2025-12-10 16:04:53', '2025-12-10 20:25:44'),
('-Og9jRiqo3nJLtio-BPT', 'IqfD9WycDNYq0K0nL7zoJwQvA323', '-OaF0Sp0pgZKkfQXuyK8', '-OaT0cTic_9BfOLzp2mv', 'General Task', '-OaHdsmqBOMH8PjjyVdp', 'Nexistry Digital Solutions', 'Comment, Shared, message, and engage for EDS promo, checked reviewed and replied to clients messages, meeting with cynthia', '2025-12-10 16:09:30', '2025-12-10 20:07:58', 14307, 0, 0, NULL, '2025-12-10 16:09:30', '2025-12-10 20:07:58'),
('-Og9oG-dy-CXWKDK9jmj', 'NftSf9kvaEMwvrlEyWKo1QCDshU2', '-OaF0Sp0pgZKkfQXuyK8', NULL, NULL, NULL, NULL, NULL, '2025-12-10 16:30:30', '2025-12-12 03:45:12', 0, 1, 0, NULL, '2025-12-10 16:30:30', '2025-12-10 16:30:30'),
('-Og9rnnregpFA_hxsGQb', 'dYMNyLpVH6XmDVMJk8QQMvj8NWX2', '-OaF0Sp0pgZKkfQXuyK8', NULL, NULL, NULL, NULL, NULL, '2025-12-10 16:46:02', '2025-12-12 03:45:12', 0, 1, 0, NULL, '2025-12-10 16:46:02', '2025-12-10 16:46:02'),
('-OgAcgq5THdF47DPtwow', 'IqfD9WycDNYq0K0nL7zoJwQvA323', '-OaF0Sp0pgZKkfQXuyK8', '-OaT0cTic_9BfOLzp2mv', 'General Task', '-OaHdsmqBOMH8PjjyVdp', 'Nexistry Digital Solutions', 'EDS', '2025-12-10 20:19:38', '2025-12-10 20:35:01', 922, 0, 0, NULL, '2025-12-10 20:19:38', '2025-12-10 20:35:01'),
('-OgAlFfX2QeBgyhT7NxB', '9gcUwwHP9vRYPW2tUKso2eAscdw1', '-OaF0Sp0pgZKkfQXuyK8', NULL, NULL, NULL, NULL, NULL, '2025-12-10 20:57:00', '2025-12-12 03:45:12', 0, 1, 1, NULL, '2025-12-10 20:57:00', '2025-12-10 22:20:42'),
('-OgAuSZq0GcKl4Fh1hvU', 'IqfD9WycDNYq0K0nL7zoJwQvA323', '-OaF0Sp0pgZKkfQXuyK8', NULL, NULL, NULL, NULL, NULL, '2025-12-10 21:37:14', '2025-12-12 03:45:12', 0, 1, 0, NULL, '2025-12-10 21:37:14', '2025-12-10 21:37:14'),
('-OgB51oLolMK0LKZqFV0', 'gSb0eR1DWTTW4uzY2V6A1as0Riw2', '-OaF0Sp0pgZKkfQXuyK8', NULL, NULL, NULL, NULL, NULL, '2025-12-10 22:27:49', '2025-12-12 03:45:12', 0, 1, 0, NULL, '2025-12-10 22:27:49', '2025-12-10 22:27:49'),
('', 'QbclXdG1I1craJqYsGcVQSY7i9L2', '-OaF0Sp0pgZKkfQXuyK8', NULL, NULL, NULL, NULL, NULL, '2025-12-22 07:26:15', '2025-12-22 07:26:15', 0, 1, 0, NULL, '2025-12-22 07:26:15', '2025-12-22 07:26:15'),
('', 'QbclXdG1I1craJqYsGcVQSY7i9L2', '-OaF0Sp0pgZKkfQXuyK8', '-OaT0cTic_9BfOLzp2mv', 'General Task', '-OaHdsmqBOMH8PjjyVdp', 'Nexistry Digital Solutions', 'fdsfds', '2025-12-22 07:26:25', '2025-12-22 07:26:25', 0, 1, 0, NULL, '2025-12-22 07:26:25', '2025-12-22 07:26:25'),
('', 'QbclXdG1I1craJqYsGcVQSY7i9L2', '-OaF0Sp0pgZKkfQXuyK8', '-OaT0cTic_9BfOLzp2mv', 'General Task', '-OaHdsmqBOMH8PjjyVdp', 'Nexistry Digital Solutions', 'fdsfds', '2025-12-22 07:26:34', '2025-12-22 07:26:34', 0, 1, 1, NULL, '2025-12-22 07:26:34', '2025-12-22 07:26:34'),
('', 'QbclXdG1I1craJqYsGcVQSY7i9L2', '-OaF0Sp0pgZKkfQXuyK8', '-OaT0cTic_9BfOLzp2mv', 'General Task', '-OaHdsmqBOMH8PjjyVdp', 'Nexistry Digital Solutions', 'fdsfds', '2025-12-22 07:26:40', '2025-12-22 07:26:40', 0, 1, 1, NULL, '2025-12-22 07:26:40', '2025-12-22 07:26:40'),
('', 'QbclXdG1I1craJqYsGcVQSY7i9L2', '-OaF0Sp0pgZKkfQXuyK8', NULL, NULL, NULL, NULL, NULL, '2025-12-22 07:26:48', '2025-12-22 07:26:48', 0, 1, 0, NULL, '2025-12-22 07:26:48', '2025-12-22 07:26:48'),
('', 'QbclXdG1I1craJqYsGcVQSY7i9L2', '-OaF0Sp0pgZKkfQXuyK8', NULL, NULL, NULL, NULL, NULL, '2025-12-22 07:28:21', '2025-12-22 07:28:21', 0, 1, 0, NULL, '2025-12-22 07:28:21', '2025-12-22 07:28:21'),
('5f6cd6a7-f92a-4a43-8e16-e31de9b1e4d8', 'QbclXdG1I1craJqYsGcVQSY7i9L2', '-OaF0Sp0pgZKkfQXuyK8', NULL, 'General Task', '-OaHdsmqBOMH8PjjyVdp', 'Nexistry Digital Solutions', 'csxzcz', '2025-12-22 07:29:14', '2025-12-22 07:29:14', 10, 0, 0, NULL, '2025-12-22 07:29:04', '2025-12-22 07:29:14'),
('3dbe60df-90e8-468d-b7ff-b5a06261418e', 'QbclXdG1I1craJqYsGcVQSY7i9L2', '-OaF0Sp0pgZKkfQXuyK8', '-Oc0-NZcR-JmSiJWPY00', 'Client Meeting', '-OaHdsmqBOMH8PjjyVdp', 'Nexistry Digital Solutions', 'fdsfassss', '2025-12-22 07:29:36', '2025-12-22 07:29:36', 6, 0, 1, NULL, '2025-12-22 07:29:30', '2025-12-22 07:29:36'),
('db9074f9-6f1c-4420-853a-c94249b0d96c', 'QbclXdG1I1craJqYsGcVQSY7i9L2', '-OaF0Sp0pgZKkfQXuyK8', NULL, 'Video Demo', '-OaHdsmqBOMH8PjjyVdp', 'Nexistry Digital Solutions', 'fdsaaaaaaa', '2025-12-22 08:40:17', '2025-12-22 08:40:17', 18, 0, 1, NULL, '2025-12-22 08:39:59', '2025-12-22 08:40:17'),
('87f75812-f19d-4f75-9379-5404b921606f', 'QbclXdG1I1craJqYsGcVQSY7i9L2', '-OaF0Sp0pgZKkfQXuyK8', NULL, 'General Task', '-OaHdsmqBOMH8PjjyVdp', 'Nexistry Digital Solutions', 'tags', '2025-12-22 08:41:44', '2025-12-22 08:41:44', 10, 0, 0, NULL, '2025-12-22 08:41:34', '2025-12-22 08:41:44'),
('8e5a1c04-17aa-4e35-b4fc-1d5fbf6fc71e', 'QbclXdG1I1craJqYsGcVQSY7i9L2', '-OaF0Sp0pgZKkfQXuyK8', NULL, 'General Task', '-OaHdsmqBOMH8PjjyVdp', 'Nexistry Digital Solutions', 'tags', '2025-12-22 08:50:15', '2025-12-22 08:50:15', 12, 0, 1, '[\"tags\"]', '2025-12-22 08:50:03', '2025-12-22 08:50:15');

-- --------------------------------------------------------

--
-- Table structure for table `time_entry_tags`
--

CREATE TABLE `time_entry_tags` (
  `id` int(11) NOT NULL,
  `time_entry_id` varchar(255) NOT NULL,
  `tag` varchar(100) NOT NULL
) ENGINE=InnoDB DEFAULT CHARSET=utf8mb4 COLLATE=utf8mb4_general_ci;

-- --------------------------------------------------------

--
-- Table structure for table `users`
--

CREATE TABLE `users` (
  `id` varchar(255) NOT NULL,
  `uid` varchar(255) DEFAULT NULL,
  `name` varchar(255) NOT NULL,
  `email` varchar(255) NOT NULL,
  `password_hash` varchar(255) NOT NULL,
  `role` enum('employee','hr','admin','super_admin','root') NOT NULL,
  `company_id` varchar(255) DEFAULT NULL,
  `team_id` varchar(255) DEFAULT NULL,
  `team_role` enum('member','leader') DEFAULT NULL,
  `avatar` text DEFAULT NULL,
  `timezone` varchar(100) DEFAULT 'GMT+0 (Greenwich Mean Time)',
  `hourly_rate` decimal(10,2) DEFAULT 25.00,
  `is_active` tinyint(1) DEFAULT 1,
  `created_at` timestamp NOT NULL DEFAULT current_timestamp(),
  `updated_at` timestamp NOT NULL DEFAULT current_timestamp() ON UPDATE current_timestamp()
) ENGINE=InnoDB DEFAULT CHARSET=utf8mb4 COLLATE=utf8mb4_general_ci;

--
-- Dumping data for table `users`
--

INSERT INTO `users` (`id`, `uid`, `name`, `email`, `password_hash`, `role`, `company_id`, `team_id`, `team_role`, `avatar`, `timezone`, `hourly_rate`, `is_active`, `created_at`, `updated_at`) VALUES
('2PVXdHfLrzeTjC6q374UpnMR1SH2', '2PVXdHfLrzeTjC6q374UpnMR1SH2', 'Irvin Dale G. Gomintong', 'irvindale40@gmail.com', '$2b$12$NTjYZ2QFT.QOQD9TnQX90OTJUFh9QMC9/mplMR8.m/QUnFB/cFHoe', 'super_admin', '-OfjWxwDm_g2QFtQA_LI', NULL, NULL, NULL, 'GMT+0 (Greenwich Mean Time)', 0.00, 1, '2025-12-05 09:22:03', '2025-12-12 03:58:45'),
('3NW32yrIBObg80sy7SqNpTIoGCW2', '3NW32yrIBObg80sy7SqNpTIoGCW2', 'asd asd', 'asd@gmail.com', '$2b$12$NTjYZ2QFT.QOQD9TnQX90OTJUFh9QMC9/mplMR8.m/QUnFB/cFHoe', 'employee', '-OcIvOSsBcP5krq0HXvK', NULL, NULL, NULL, 'America/New_York', 25.00, 0, '2025-11-03 00:32:52', '2025-12-12 03:58:45'),
('4AcT6V0AKkY3RQtVvCBkuD3fQGq1', '4AcT6V0AKkY3RQtVvCBkuD3fQGq1', 'emman 1', 'emman1@gmail.com', '$2b$12$NTjYZ2QFT.QOQD9TnQX90OTJUFh9QMC9/mplMR8.m/QUnFB/cFHoe', 'employee', '-OcIvOSsBcP5krq0HXvK', NULL, NULL, NULL, 'America/New_York', 25.00, 0, '2025-10-23 19:43:00', '2025-12-12 03:58:45'),
('7CFx1LWWNLZUsyoOeGizUsWaUkz1', '7CFx1LWWNLZUsyoOeGizUsWaUkz1', 'Kristine Sale', 'nexistrydigitalsolutionsva2@gmail.com', '$2b$12$NTjYZ2QFT.QOQD9TnQX90OTJUFh9QMC9/mplMR8.m/QUnFB/cFHoe', 'employee', '-OaF0Sp0pgZKkfQXuyK8', '-OaIfz45eh6AiY6zQchu', 'member', NULL, 'UTC', 25.00, 1, '2025-09-28 03:52:29', '2025-12-12 03:58:45'),
('9gcUwwHP9vRYPW2tUKso2eAscdw1', '9gcUwwHP9vRYPW2tUKso2eAscdw1', 'Daniel Rillera', 'nexistrydigitalsolutionsva4@gmail.com', '$2b$12$NTjYZ2QFT.QOQD9TnQX90OTJUFh9QMC9/mplMR8.m/QUnFB/cFHoe', 'employee', '-OaF0Sp0pgZKkfQXuyK8', '-OaIY7PPL6btrgw54kEv', 'member', NULL, 'UTC', 25.00, 1, '2025-09-29 21:24:49', '2025-12-12 03:58:45'),
('APC5roJFj0XFJ9Z07G0xZvBvTv32', 'APC5roJFj0XFJ9Z07G0xZvBvTv32', 'Paolo Espero', 'prudozespero@gmail.com', '$2b$12$NTjYZ2QFT.QOQD9TnQX90OTJUFh9QMC9/mplMR8.m/QUnFB/cFHoe', 'super_admin', '-OfhARyICDGNeRFqHKGv', NULL, NULL, NULL, 'GMT+0 (Greenwich Mean Time)', 0.00, 1, '2025-12-04 22:23:12', '2025-12-12 03:58:45'),
('CEuWBKDLB0VyzdBqFB4xwbtTKh62', 'CEuWBKDLB0VyzdBqFB4xwbtTKh62', 'Juan Dela Cruz', 'juan.delacruz@nexiflow.com', '$2b$12$NTjYZ2QFT.QOQD9TnQX90OTJUFh9QMC9/mplMR8.m/QUnFB/cFHoe', 'employee', '-OcIvOSsBcP5krq0HXvK', NULL, NULL, NULL, 'America/New_York', 25.00, 0, '2025-10-29 19:49:34', '2025-12-12 03:58:45'),
('dYMNyLpVH6XmDVMJk8QQMvj8NWX2', 'dYMNyLpVH6XmDVMJk8QQMvj8NWX2', 'Ryan Gonzales', 'digimumsquarter.va9@gmail.com', '$2b$12$NTjYZ2QFT.QOQD9TnQX90OTJUFh9QMC9/mplMR8.m/QUnFB/cFHoe', 'employee', '-OaF0Sp0pgZKkfQXuyK8', '-OaIeHTJynT9OLl_44iB', 'member', NULL, 'America/Los_Angeles', 25.00, 1, '2025-09-28 03:48:52', '2025-12-12 03:58:45'),
('dZaArSVUYLXUU2Bt7clVEXhdCok1', 'dZaArSVUYLXUU2Bt7clVEXhdCok1', 'Koleen', 'kol@gmail.com', '$2b$12$NTjYZ2QFT.QOQD9TnQX90OTJUFh9QMC9/mplMR8.m/QUnFB/cFHoe', 'employee', '-OfgQZU_bWr0SSrzNBHB', NULL, NULL, NULL, 'America/New_York', 25.00, 0, '2025-12-04 19:29:30', '2025-12-12 03:58:45'),
('Eam0ZFM77kQNaEwgdrHyO3YW7gy2', 'Eam0ZFM77kQNaEwgdrHyO3YW7gy2', 'dfg dfg', 'dfg@gmaiul.com', '$2b$12$NTjYZ2QFT.QOQD9TnQX90OTJUFh9QMC9/mplMR8.m/QUnFB/cFHoe', 'employee', '-OcIvOSsBcP5krq0HXvK', NULL, NULL, NULL, 'America/New_York', 25.00, 0, '2025-11-03 00:37:26', '2025-12-12 03:58:45'),
('eCC9oPHKrbONUxTtjSjyB9WHRJu2', 'eCC9oPHKrbONUxTtjSjyB9WHRJu2', 'Jane Winslet Pacpaco', 'clientcare@nexistrydigitalsolutions.com', '$2b$12$NTjYZ2QFT.QOQD9TnQX90OTJUFh9QMC9/mplMR8.m/QUnFB/cFHoe', 'employee', '-OaF0Sp0pgZKkfQXuyK8', NULL, NULL, NULL, 'GMT+8 (China Standard Time)', 25.00, 1, '2025-11-29 05:30:43', '2025-12-12 03:58:45'),
('f0LDwi3dMXcTjDYCC2arQScMbfF2', 'f0LDwi3dMXcTjDYCC2arQScMbfF2', 'Nica Gomez', 'admin@nexistrydigitalsolutions.com', '$2b$12$NTjYZ2QFT.QOQD9TnQX90OTJUFh9QMC9/mplMR8.m/QUnFB/cFHoe', 'super_admin', '-OaF0Sp0pgZKkfQXuyK8', '-OdqCw9-J_8z9tRcM1u5', 'leader', NULL, 'America/New_York', 25.00, 1, '2025-09-28 03:14:51', '2025-12-12 03:58:45'),
('GjFHgFuxE2U8EdXnSAeE9itjhvA2', 'GjFHgFuxE2U8EdXnSAeE9itjhvA2', 'Nexistry Digital Solutions', 'assist@nexistrydigitalsolutions.com', '$2b$12$NTjYZ2QFT.QOQD9TnQX90OTJUFh9QMC9/mplMR8.m/QUnFB/cFHoe', 'root', NULL, NULL, NULL, NULL, 'America/New_York', 0.00, 1, '2024-01-19 16:00:00', '2025-12-12 03:58:45'),
('gSb0eR1DWTTW4uzY2V6A1as0Riw2', 'gSb0eR1DWTTW4uzY2V6A1as0Riw2', 'Angeline Amurao', 'projectmanager@nexistrydigitalsolutions.com', '$2b$12$NTjYZ2QFT.QOQD9TnQX90OTJUFh9QMC9/mplMR8.m/QUnFB/cFHoe', 'admin', '-OaF0Sp0pgZKkfQXuyK8', '-OaIfz45eh6AiY6zQchu', 'leader', NULL, 'UTC', 25.00, 1, '2025-09-28 03:20:09', '2025-12-12 03:58:45'),
('Hse9fVpuT2QjZr9ANL2Kr545hzV2', 'Hse9fVpuT2QjZr9ANL2Kr545hzV2', 'willie', 'willie@gmail.com', '$2b$12$NTjYZ2QFT.QOQD9TnQX90OTJUFh9QMC9/mplMR8.m/QUnFB/cFHoe', 'employee', '-OcIvOSsBcP5krq0HXvK', '-OcJIMyI1BzM8bVCw8za', 'member', NULL, 'America/New_York', 25.00, 0, '2025-10-29 19:51:29', '2025-12-12 03:58:45'),
('IqfD9WycDNYq0K0nL7zoJwQvA323', 'IqfD9WycDNYq0K0nL7zoJwQvA323', 'Mickaella Marie Novilla', 'digimumsquarter.va2@gmail.com', '$2b$12$NTjYZ2QFT.QOQD9TnQX90OTJUFh9QMC9/mplMR8.m/QUnFB/cFHoe', 'admin', '-OaF0Sp0pgZKkfQXuyK8', '-OdqCw9-J_8z9tRcM1u5', 'leader', NULL, 'UTC', 25.00, 1, '2025-09-28 03:21:35', '2025-12-12 03:58:45'),
('kqOgX8f0rMfyt2GjBk1ozlHey3V2', 'kqOgX8f0rMfyt2GjBk1ozlHey3V2', 'Godwin Taningco', 'godwin@gmail.com', '$2b$12$NTjYZ2QFT.QOQD9TnQX90OTJUFh9QMC9/mplMR8.m/QUnFB/cFHoe', 'super_admin', NULL, NULL, NULL, NULL, 'GMT+0 (Greenwich Mean Time)', 0.00, 1, '2025-10-29 22:25:23', '2025-12-12 03:58:45'),
('NftSf9kvaEMwvrlEyWKo1QCDshU2', 'NftSf9kvaEMwvrlEyWKo1QCDshU2', 'Prince Tolentino', 'nexistrydigitalsolutionsva3@gmail.com', '$2b$12$NTjYZ2QFT.QOQD9TnQX90OTJUFh9QMC9/mplMR8.m/QUnFB/cFHoe', 'employee', '-OaF0Sp0pgZKkfQXuyK8', '-Oab_XqY1Dzr24DDGp0v', 'member', 'https://firebasestorage.googleapis.com/v0/b/time-tracker-system-d5cca.firebasestorage.app/o/avatars%2FNftSf9kvaEMwvrlEyWKo1QCDshU2%2F1761542673910_profile.jpg?alt=media&token=16f48b47-ff0b-4e87-aed9-03f911f7ac08', 'UTC', 25.00, 1, '2025-09-28 03:53:43', '2025-12-12 03:58:45'),
('PWkMtMlTeQQkXKcRet6WTfjabb83', 'PWkMtMlTeQQkXKcRet6WTfjabb83', 'Test Admin', 'princetestadmin@gmail.com', '$2b$12$NTjYZ2QFT.QOQD9TnQX90OTJUFh9QMC9/mplMR8.m/QUnFB/cFHoe', 'admin', '-OaF0Sp0pgZKkfQXuyK8', NULL, NULL, NULL, 'America/New_York', 25.00, 1, '2025-09-29 19:50:07', '2025-12-12 03:58:45'),
('QbclXdG1I1craJqYsGcVQSY7i9L2', 'QbclXdG1I1craJqYsGcVQSY7i9L2', 'Test Super Admin', 'princetest@gmail.com', '$2b$12$NTjYZ2QFT.QOQD9TnQX90OTJUFh9QMC9/mplMR8.m/QUnFB/cFHoe', 'super_admin', '-OaF0Sp0pgZKkfQXuyK8', '-Oab_XqY1Dzr24DDGp0v', 'leader', 'https://firebasestorage.googleapis.com/v0/b/time-tracker-system-d5cca.firebasestorage.app/o/avatars%2FQbclXdG1I1craJqYsGcVQSY7i9L2%2F1763425060258_498047695_2137650080031409_8651505392066349753_n.jpg?alt=media&token=7c5c2cc0-e7ca-4762-8692-26d18ea2cdc0', 'GMT+8 (China Standard Time)', 25.00, 1, '2025-09-28 05:45:45', '2025-12-12 03:58:45'),
('RnnCeKlaWhe7QjFeYNQzNYxb9xp2', 'RnnCeKlaWhe7QjFeYNQzNYxb9xp2', 'Emman', 'emman@gmail.com', '$2b$12$NTjYZ2QFT.QOQD9TnQX90OTJUFh9QMC9/mplMR8.m/QUnFB/cFHoe', 'super_admin', '-OcIvOSsBcP5krq0HXvK', '-OgA8REv7sIzHuzQIP_z', 'leader', 'https://firebasestorage.googleapis.com/v0/b/time-tracker-system-d5cca.firebasestorage.app/o/avatars%2FRnnCeKlaWhe7QjFeYNQzNYxb9xp2%2F1761869965439_Screenshot%202025-09-02%20082749.png?alt=media&token=237f9106-d71e-4e62-8892-69eec3eb9aa3', 'GMT+0 (Greenwich Mean Time)', 25.00, 1, '2025-10-23 17:59:49', '2025-12-12 03:58:45'),
('rPYKipBcdXUhEd3qpdjEzjNw70m2', 'rPYKipBcdXUhEd3qpdjEzjNw70m2', 'Jing Iñigo', 'billing@nexistrydigitalsolutions.com', '$2b$12$NTjYZ2QFT.QOQD9TnQX90OTJUFh9QMC9/mplMR8.m/QUnFB/cFHoe', 'hr', '-OaF0Sp0pgZKkfQXuyK8', '-OacK3cU2528jc24Lvrs', 'member', NULL, 'UTC', 25.00, 1, '2025-09-28 03:21:04', '2025-12-12 03:58:45'),
('UzY6A27FBYSJbDkjy9suM4aEdZ02', 'UzY6A27FBYSJbDkjy9suM4aEdZ02', 'Emman Sadiang-abay', 'digimumsquarter.va12@gmail.com', '$2b$12$NTjYZ2QFT.QOQD9TnQX90OTJUFh9QMC9/mplMR8.m/QUnFB/cFHoe', 'employee', '-OaF0Sp0pgZKkfQXuyK8', '-OaIfz45eh6AiY6zQchu', 'member', NULL, 'America/New_York', 25.00, 1, '2025-09-29 16:12:13', '2025-12-12 03:58:45'),
('X0CuCWqtz2RQHGZ2Ithp3cwdjon2', 'X0CuCWqtz2RQHGZ2Ithp3cwdjon2', 'boy kupit', 'kupit@gmail.com', '$2b$12$NTjYZ2QFT.QOQD9TnQX90OTJUFh9QMC9/mplMR8.m/QUnFB/cFHoe', 'employee', '-OcIvOSsBcP5krq0HXvK', '-OcJ9Y8caDiTSy5MQQl6', 'leader', NULL, 'America/New_York', 25.00, 0, '2025-10-28 18:29:14', '2025-12-12 03:58:45'),
('x5T0rJIwLbhwAQKyXDeS72A2BSu1', 'x5T0rJIwLbhwAQKyXDeS72A2BSu1', 'Prince Christiane Tolentino Test', 'tolentinochristian89@gmail.com', '$2b$12$NTjYZ2QFT.QOQD9TnQX90OTJUFh9QMC9/mplMR8.m/QUnFB/cFHoe', 'super_admin', '-OfgQZU_bWr0SSrzNBHB', NULL, NULL, NULL, 'GMT+0 (Greenwich Mean Time)', 0.00, 1, '2025-12-04 18:54:01', '2025-12-12 03:58:45'),
('XlSh7B8QnrQGQbqLSPtU4HNa1WM2', 'XlSh7B8QnrQGQbqLSPtU4HNa1WM2', 'Maria Santos', 'maria.santos@nexiflow.com', '$2b$12$NTjYZ2QFT.QOQD9TnQX90OTJUFh9QMC9/mplMR8.m/QUnFB/cFHoe', 'employee', '-OcIvOSsBcP5krq0HXvK', NULL, NULL, NULL, 'America/New_York', 25.00, 0, '2025-10-29 19:49:04', '2025-12-12 03:58:45'),
('ZFaIkP4hL3VaGNFYXzlNxrXHZOj1', 'ZFaIkP4hL3VaGNFYXzlNxrXHZOj1', 'Rommel Estopar', 'digimumsquarter.business2@gmail.com', '$2b$12$NTjYZ2QFT.QOQD9TnQX90OTJUFh9QMC9/mplMR8.m/QUnFB/cFHoe', 'employee', '-OaF0Sp0pgZKkfQXuyK8', '-OaI_CBRxCNUYScosId9', 'member', NULL, 'America/Los_Angeles', 25.00, 1, '2025-09-28 03:47:01', '2025-12-12 03:58:45');

--
-- Indexes for dumped tables
--

--
-- Indexes for table `clients`
--
ALTER TABLE `clients`
  ADD PRIMARY KEY (`id`),
  ADD KEY `created_by` (`created_by`),
  ADD KEY `idx_clients_company` (`company_id`);

--
-- Indexes for table `comment_mentions`
--
ALTER TABLE `comment_mentions`
  ADD PRIMARY KEY (`id`),
  ADD KEY `comment_id` (`comment_id`),
  ADD KEY `user_id` (`user_id`);

--
-- Indexes for table `companies`
--
ALTER TABLE `companies`
  ADD PRIMARY KEY (`id`);

--
-- Indexes for table `company_pdf_settings`
--
ALTER TABLE `company_pdf_settings`
  ADD PRIMARY KEY (`id`),
  ADD UNIQUE KEY `unique_company_pdf` (`company_id`);

--
-- Indexes for table `projects`
--
ALTER TABLE `projects`
  ADD PRIMARY KEY (`id`),
  ADD KEY `created_by` (`created_by`),
  ADD KEY `idx_projects_company` (`company_id`),
  ADD KEY `idx_projects_client` (`client_id`);

--
-- Indexes for table `tasks`
--
ALTER TABLE `tasks`
  ADD PRIMARY KEY (`id`),
  ADD KEY `created_by` (`created_by`),
  ADD KEY `parent_task_id` (`parent_task_id`),
  ADD KEY `team_id` (`team_id`),
  ADD KEY `idx_tasks_project` (`project_id`),
  ADD KEY `idx_tasks_assignee` (`assignee_id`),
  ADD KEY `idx_tasks_company` (`company_id`);

--
-- Indexes for table `task_attachments`
--
ALTER TABLE `task_attachments`
  ADD PRIMARY KEY (`id`),
  ADD KEY `task_id` (`task_id`),
  ADD KEY `uploaded_by` (`uploaded_by`);

--
-- Indexes for table `task_comments`
--
ALTER TABLE `task_comments`
  ADD PRIMARY KEY (`id`),
  ADD KEY `task_id` (`task_id`),
  ADD KEY `author_id` (`author_id`),
  ADD KEY `parent_comment_id` (`parent_comment_id`);

--
-- Indexes for table `task_tags`
--
ALTER TABLE `task_tags`
  ADD PRIMARY KEY (`id`),
  ADD KEY `task_id` (`task_id`);

--
-- Indexes for table `task_time_entries`
--
ALTER TABLE `task_time_entries`
  ADD PRIMARY KEY (`id`),
  ADD UNIQUE KEY `unique_task_time_entry` (`task_id`,`time_entry_id`),
  ADD KEY `time_entry_id` (`time_entry_id`);

--
-- Indexes for table `teams`
--
ALTER TABLE `teams`
  ADD PRIMARY KEY (`id`),
  ADD KEY `leader_id` (`leader_id`),
  ADD KEY `created_by` (`created_by`),
  ADD KEY `idx_teams_company` (`company_id`);

--
-- Indexes for table `team_members`
--
ALTER TABLE `team_members`
  ADD PRIMARY KEY (`id`),
  ADD KEY `idx_team_members_team` (`team_id`),
  ADD KEY `idx_team_members_user` (`user_id`);
COMMIT;

/*!40101 SET CHARACTER_SET_CLIENT=@OLD_CHARACTER_SET_CLIENT */;
/*!40101 SET CHARACTER_SET_RESULTS=@OLD_CHARACTER_SET_RESULTS */;
/*!40101 SET COLLATION_CONNECTION=@OLD_COLLATION_CONNECTION */;
